ts_salto,ws,tok,trig,mid15s,mid30s,mid60s,mid120s
1790795753.006,1790795700,Down,0.2/3;0.5/5;1.0/8,0.775,0.805,0.875,0.995
1790795769.889,1790795700,Down,0.2/3;0.5/5;1.0/8,0.795,0.845,0.945,0.995
1790795816.728,1790795700,Down,0.2/3;0.5/5;1.0/8,0.945,0.985,0.995,0.995
1790795826.728,1790795700,Down,0.2/3;0.5/5;1.0/8,0.985,0.995,0.995,0.995
1790795838.865,1790795700,Down,0.2/3;0.5/5;1.0/8,0.995,0.995,0.995,0.995
1790795848.901,1790795700,Down,0.2/3;0.5/5;1.0/8,0.995,0.995,0.995,0.995
1790795870.746,1790795700,Up,0.2/3;0.5/5;1.0/8,,,,
1790795880.768,1790795700,Down,0.2/3;0.5/5;1.0/8,0.995,0.995,0.995,
1790795896.778,1790795700,Up,0.2/3;0.5/5;1.0/8,,,,
1790795912.203,1790795700,Down,0.2/3;0.5/5;1.0/8,0.995,0.995,0.995,
1790795928.419,1790795700,Up,0.2/3;0.5/5;1.0/8,,,,
1790795938.987,1790795700,Up,0.2/3;0.5/5;1.0/8,,,,
1790795949.658,1790795700,Up,0.2/3;0.5/5;1.0/8,,,,
1790795965.43,1790795700,Up,0.2/3;0.5/5;1.0/8,,,,
1790796014.592,1790796000,Down,0.2/3;0.5/5;1.0/8,0.475,0.465,0.275,0.315
1790796065.026,1790796000,Up,0.2/3;0.5/5;1.0/8,0.815,0.855,0.555,0.535
1790796078.415,1790796000,Up,0.2/3;0.5/5;1.0/8,0.875,0.885,0.685,0.215
1790796108.389,1790796000,Down,0.2/3;0.5/5;1.0/8,0.395,0.315,0.425,0.835
1790796119.066,1790796000,Down,0.2/3;0.5/5;1.0/8,0.265,0.355,0.295,0.895
1790796177.427,1790796000,Up,0.2/3;0.5/5;1.0/8,0.355,0.435,0.105,
1790796188.988,1790796000,Down,0.2/3;0.5/5;1.0/8,0.645,0.725,0.985,
1790796241.181,1790796000,Down,0.2/3;0.5/5;1.0/8,0.995,0.995,,
1790796270.851,1790796000,Up,0.2/3;0.5/5;1.0/8,,,,
1790796324.282,1790796300,Up,0.2/3;0.5/5;1.0/8,0.745,0.795,0.845,0.845
1790796346.94,1790796300,Down,0.2/3;0.5/5;1.0/8,0.155,0.155,0.155,0.155
1790796360.428,1790796300,Up,0.2/3;0.5/5;1.0/8,0.845,0.845,0.845,0.845
1790796380.826,1790796300,Down,0.2/3;0.5/5;1.0/8,0.155,0.155,0.155,0.155
1790796395.992,1790796300,Down,0.2/3;0.5/5;1.0/8,0.155,0.155,0.155,0.155
1790796406.511,1790796300,Down,0.2/3;0.5/5;1.0/8,0.155,0.155,0.155,0.155
1790796446.237,1790796300,Up,0.2/3;0.5/5;1.0/8,0.845,0.845,0.845,0.845
1790796478.855,1790796300,Up,0.2/3;0.5/5;1.0/8,0.845,0.845,0.845,
1790796489.411,1790796300,Up,0.2/3;0.5/5;1.0/8,0.845,0.845,0.845,
1790796537.151,1790796300,Up,0.2/3;0.5/5;1.0/8,0.845,0.845,,
1790796549.784,1790796300,Down,0.2/3;0.5/5;1.0/8,0.155,0.155,,
1790796570.622,1790796300,Down,0.2/3;0.5/5;1.0/8,0.155,,,
1790796612.489,1790796600,Up,0.2/3;0.5/5;1.0/8,0.445,0.625,0.855,0.925
1790796630.693,1790796600,Up,0.2/3;0.5/5;1.0/8,0.615,0.745,0.675,0.945
1790796648.679,1790796600,Up,0.2/3;0.5/5;1.0/8,0.845,0.875,0.765,0.935
1790796661.375,1790796600,Up,0.2/3;0.5/5;1.0/8,0.855,0.705,0.9,0.965
1790796685.265,1790796600,Down,0.2/3;0.5/5;1.0/8,0.155,0.135,0.055,0.015
1790796699.79,1790796600,Up,0.2/3;0.5/5;1.0/8,0.885,0.915,0.945,0.995
1790796712.562,1790796600,Up,0.2/3;0.5/5;1.0/8,0.915,0.945,0.935,0.995
1790796760.634,1790796600,Down,0.2/3;0.5/5;1.0/8,0.035,0.025,,
1790796773.966,1790796600,Up,0.2/3;0.5/5;1.0/8,0.975,0.985,0.995,
1790796795.913,1790796600,Up,0.2/3;0.5/5;1.0/8,0.995,0.995,0.9995,
1790796822.711,1790796600,Up,0.2/3;0.5/5;1.0/8,0.9995,0.9995,0.9995,
1790796846.341,1790796600,Up,0.2/3;0.5/5;1.0/8,0.9995,0.9995,,
1790796856.458,1790796600,Down,0.2/3;0.5/5;1.0/8,,,,
1790796866.742,1790796600,Down,0.2/3;0.5/5;1.0/8,,,,
1790796902.214,1790796900,Down,0.2/3;0.5/5;1.0/8,0.34,0.535,0.485,0.385
1790796912.225,1790796900,Up,0.2/3;0.5/5;1.0/8,0.545,0.585,0.475,0.705
1790796926.527,1790796900,Down,0.2/3;0.5/5;1.0/8,0.415,0.405,0.465,0.285
1790796952.323,1790796900,Up,0.2/3;0.5/5;1.0/8,0.505,0.545,0.525,0.885
1790797029.442,1790796900,Up,0.2/3;0.5/5;1.0/8,0.765,0.825,0.925,0.995
1790797040.557,1790796900,Up,0.2/3;0.5/5;1.0/8,0.795,0.885,0.975,0.995
1790797069.108,1790796900,Up,0.2/3;0.5/5;1.0/8,0.935,0.975,0.995,
1790797079.477,1790796900,Up,0.2/3;0.5/5;1.0/8,0.965,0.995,0.995,
1790797090.534,1790796900,Up,0.2/3;0.5/5;1.0/8,0.985,0.995,0.995,
1790797102.925,1790796900,Up,0.2/3;0.5/5;1.0/8,0.995,0.995,0.995,
1790797144.062,1790796900,Down,0.2/3;0.5/5;1.0/8,,,,
1790797205.608,1790797200,Down,0.2/3;0.5/5;1.0/8,0.705,0.685,0.885,0.895
1790797224.183,1790797200,Down,0.2/3;0.5/5;1.0/8,0.685,0.795,0.735,0.895
1790797253.929,1790797200,Down,0.2/3;0.5/5;1.0/8,0.875,0.735,0.855,0.975
1790797277.671,1790797200,Up,0.2/3;0.5/5;1.0/8,0.335,0.175,0.145,0.015
1790797299.126,1790797200,Down,0.2/3;0.5/5;1.0/8,0.855,0.865,0.955,0.995
1790797318.993,1790797200,Down,0.2/3;0.5/5;1.0/8,0.845,0.925,0.975,0.9995
1790797334.606,1790797200,Up,0.2/3;0.5/5;1.0/8,0.075,0.035,0.015,
1790797345.8,1790797200,Down,0.2/3;0.5/5;1.0/8,0.955,0.975,0.995,0.9995
1790797365.765,1790797200,Down,0.2/3;0.5/5;1.0/8,0.975,0.985,0.995,0.9995
1790797385.63,1790797200,Up,0.2/3;0.5/5;1.0/8,0.015,,,
1790797533.201,1790797500,Down,0.2/3;0.5/5;1.0/8,0.595,0.655,0.515,0.395
1790797579.022,1790797500,Up,0.2/3;0.5/5;1.0/8,0.485,0.405,0.645,0.055
1790797623.187,1790797500,Up,0.2/3;0.5/5;1.0/8,0.645,0.605,0.015,
1790797665.871,1790797500,Down,0.2/3;0.5/5;1.0/8,0.965,0.955,0.995,0.995
1790797683.706,1790797500,Up,0.2/3;0.5/5;1.0/8,0.055,,,
1790797696.572,1790797500,Up,0.2/3;0.5/5;1.0/8,0.015,,,
1790797706.96,1790797500,Up,0.2/3;0.5/5;1.0/8,,,,
1790797716.988,1790797500,Down,0.2/3;0.5/5;1.0/8,0.995,0.995,0.995,
1790797735.693,1790797500,Down,0.2/3;0.5/5;1.0/8,0.995,0.995,,
1790797802.596,1790797800,Down,0.2/3;0.5/5;1.0/8,0.435,0.455,0.745,0.915
1790797837.165,1790797800,Down,0.2/3;0.5/5;1.0/8,0.625,0.775,0.945,0.985
1790797852.863,1790797800,Down,0.2/3;0.5/5;1.0/8,0.775,0.945,0.965,0.995
1790797868.49,1790797800,Down,0.2/3;0.5/5;1.0/8,0.945,0.945,0.905,0.995
1790797878.619,1790797800,Down,0.2/3;0.5/5;1.0/8,0.935,0.945,0.975,0.995
1790797890.229,1790797800,Up,0.2/3;0.5/5;1.0/8,0.045,0.055,0.025,
1790797907.31,1790797800,Up,0.2/3;0.5/5;1.0/8,0.055,0.035,,
1790797920.059,1790797800,Up,0.2/3;0.5/5;1.0/8,0.035,0.025,,
1790797930.193,1790797800,Down,0.2/3;0.5/5;1.0/8,0.975,0.985,0.995,0.9995
1790797961.082,1790797800,Down,0.2/3;0.5/5;1.0/8,0.995,0.995,0.995,0.9995
1790797994.917,1790797800,Up,0.2/3;0.5/5;1.0/8,,,,
1790798006.422,1790797800,Up,0.2/3;0.5/5;1.0/8,,,,
1790798022.655,1790797800,Down,0.2/3;0.5/5;1.0/8,0.9995,0.9995,0.9995,
1790798039.332,1790797800,Down,0.2/3;0.5/5;1.0/8,0.9995,0.9995,,
1790798050.12,1790797800,Up,0.2/3;0.5/5;1.0/8,,,,
1790798060.136,1790797800,Up,0.2/3;0.5/5;1.0/8,,,,
1790798070.145,1790797800,Down,0.2/3;0.5/5;1.0/8,0.9995,,,
1790798107.157,1790798100,Up,0.2/3;0.5/5;1.0/8,0.625,0.675,0.845,0.785
1790798119.253,1790798100,Up,0.2/3;0.5/5;1.0/8,0.695,0.715,0.905,0.715
1790798129.254,1790798100,Up,0.2/3;0.5/5;1.0/8,0.705,0.845,0.855,0.735
1790798158.018,1790798100,Up,0.2/3;0.5/5;1.0/8,0.885,0.865,0.795,0.855
1790798172.161,1790798100,Up,0.2/3;0.5/5;1.0/8,0.855,0.675,0.755,0.905
1790798186.689,1790798100,Down,0.2/3;0.5/5;1.0/8,0.315,0.205,0.265,0.085
1790798200.535,1790798100,Down,0.2/3;0.5/5;1.0/8,0.205,0.245,0.215,0.055
1790798234.358,1790798100,Down,0.2/3;0.5/5;1.0/8,0.265,0.145,0.105,
1790798263.264,1790798100,Up,0.2/3;0.5/5;1.0/8,0.855,0.895,0.955,0.995
1790798282.032,1790798100,Down,0.2/3;0.5/5;1.0/8,0.115,0.065,,
1790798328.451,1790798100,Up,0.2/3;0.5/5;1.0/8,0.995,0.995,,
1790798344.491,1790798100,Up,0.2/3;0.5/5;1.0/8,0.995,0.995,,
1790798403.236,1790798400,Up,0.2/3;0.5/5;1.0/8,0.7,0.775,0.545,0.505
1790798413.312,1790798400,Up,0.2/3;0.5/5;1.0/8,0.715,0.525,0.405,0.365
1790798432.262,1790798400,Up,0.2/3;0.5/5;1.0/8,0.655,0.565,0.215,0.315
1790798442.264,1790798400,Down,0.2/3;0.5/5;1.0/8,0.365,0.565,0.485,0.795
1790798453.074,1790798400,Down,0.2/3;0.5/5;1.0/8,0.465,0.735,0.605,0.755
1790798471.119,1790798400,Down,0.2/3;0.5/5;1.0/8,0.755,0.565,0.585,0.685
1790798481.67,1790798400,Down,0.2/3;0.5/5;1.0/8,0.725,0.625,0.555,0.785
1790798497.092,1790798400,Up,0.2/3;0.5/5;1.0/8,0.375,0.545,0.235,0.305
1790798510.479,1790798400,Down,0.2/3;0.5/5;1.0/8,0.455,0.605,0.755,0.575
1790798524.875,1790798400,Up,0.2/3;0.5/5;1.0/8,0.365,0.285,0.21,0.15
1790798546.141,1790798400,Down,0.2/3;0.5/5;1.0/8,0.785,0.785,0.745,0.875
1790798556.176,1790798400,Down,0.2/3;0.5/5;1.0/8,0.735,0.775,0.875,0.975
1790798567.86,1790798400,Up,0.2/3;0.5/5;1.0/8,0.215,0.22,0.405,
1790798616.132,1790798400,Up,0.2/3;0.5/5;1.0/8,0.455,0.165,0.025,
1790798645.719,1790798400,Down,0.2/3;0.5/5;1.0/8,0.935,0.965,,
1790798660.466,1790798400,Down,0.2/3;0.5/5;1.0/8,0.81,,,
1790798706.507,1790798700,Up,0.2/3;0.5/5;1.0/8,0.625,0.565,0.675,0.575
1790798720.355,1790798700,Up,0.2/3;0.5/5;1.0/8,0.585,0.485,0.225,0.675
1790798736.325,1790798700,Down,0.2/3;0.5/5;1.0/8,0.475,0.325,0.675,0.435
1790798752.197,1790798700,Up,0.2/3;0.5/5;1.0/8,0.685,0.245,0.375,0.475
1790798763.549,1790798700,Up,0.2/3;0.5/5;1.0/8,0.235,0.335,0.545,0.665
1790798775.374,1790798700,Down,0.2/3;0.5/5;1.0/8,0.755,0.635,0.415,0.335
1790798790.238,1790798700,Up,0.2/3;0.5/5;1.0/8,0.365,0.495,0.655,0.595
1790798801.096,1790798700,Up,0.2/3;0.5/5;1.0/8,0.375,0.605,0.465,0.465
1790798811.882,1790798700,Up,0.2/3;0.5/5;1.0/8,0.575,0.655,0.485,0.535
1790798821.882,1790798700,Up,0.2/3;0.5/5;1.0/8,0.655,0.635,0.685,0.825
1790798836.35,1790798700,Up,0.2/3;0.5/5;1.0/8,0.635,0.475,0.59,0.945
1790798856.086,1790798700,Down,0.2/3;0.5/5;1.0/8,0.525,0.325,0.285,0.015
1790798876.464,1790798700,Up,0.2/3;0.5/5;1.0/8,0.665,0.585,0.585,
1790798898.048,1790798700,Down,0.2/3;0.5/5;1.0/8,0.345,0.465,0.045,
1790798919.507,1790798700,Down,0.2/3;0.5/5;1.0/8,0.475,0.215,,
1790798940.608,1790798700,Up,0.2/3;0.5/5;1.0/8,0.915,0.975,,
1790798966.098,1790798700,Down,0.2/3;0.5/5;1.0/8,,,,
1790799035.677,1790799000,Up,0.2/3;0.5/5;1.0/8,0.635,0.675,0.765,0.705
1790799049.565,1790799000,Up,0.2/3;0.5/5;1.0/8,0.675,0.765,0.695,0.755
1790799066.049,1790799000,Up,0.2/3;0.5/5;1.0/8,0.765,0.765,0.655,0.725
1790799098.882,1790799000,Down,0.2/3;0.5/5;1.0/8,0.315,0.335,0.295,0.415
1790799116.91,1790799000,Down,0.2/3;0.5/5;1.0/8,0.325,0.365,0.315,0.145
1790799204.748,1790799000,Down,0.2/3;0.5/5;1.0/8,0.385,0.165,,
1790799216.917,1790799000,Down,0.2/3;0.5/5;1.0/8,0.225,0.025,,
1790799244.186,1790799000,Up,0.2/3;0.5/5;1.0/8,0.995,0.995,,
1790799302.67,1790799300,Down,0.2/3;0.5/5;1.0/8,0.485,0.385,0.495,0.705
1790799355.832,1790799300,Down,0.2/3;0.5/5;1.0/8,0.515,0.655,0.695,0.835
1790799378.762,1790799300,Down,0.2/3;0.5/5;1.0/8,0.645,0.745,0.815,0.875
1790799401.225,1790799300,Down,0.2/3;0.5/5;1.0/8,0.695,0.795,0.855,0.965
1790799425.697,1790799300,Down,0.2/3;0.5/5;1.0/8,0.845,0.815,0.835,0.875
1790799487.383,1790799300,Up,0.2/3;0.5/5;1.0/8,0.125,0.055,0.075,
1790799509.576,1790799300,Down,0.2/3;0.5/5;1.0/8,0.975,0.955,0.995,
1790799519.593,1790799300,Down,0.2/3;0.5/5;1.0/8,0.965,0.925,0.995,
1790799536.012,1790799300,Up,0.2/3;0.5/5;1.0/8,0.065,0.015,,
1790799641.562,1790799600,Up,0.2/3;0.5/5;1.0/8,0.785,0.815,0.875,0.985
1790799653.953,1790799600,Down,0.2/3;0.5/5;1.0/8,0.225,0.145,0.085,0.025
1790799678.357,1790799600,Up,0.2/3;0.5/5;1.0/8,0.845,0.915,0.955,0.995
1790799701.724,1790799600,Up,0.2/3;0.5/5;1.0/8,0.935,0.945,0.985,0.995
1790799720.502,1790799600,Up,0.2/3;0.5/5;1.0/8,0.945,0.975,0.985,0.995
1790799747.464,1790799600,Up,0.2/3;0.5/5;1.0/8,0.985,0.985,0.995,0.995
1790799774.395,1790799600,Up,0.2/3;0.5/5;1.0/8,0.995,0.995,0.995,
1790799810.206,1790799600,Up,0.2/3;0.5/5;1.0/8,0.995,0.995,0.995,
1790799843.135,1790799600,Up,0.2/3;0.5/5;1.0/8,0.995,0.995,,
1790799861.748,1790799600,Up,0.2/3;0.5/5;1.0/8,0.995,,,
1790799902.832,1790799900,Up,0.2/3;0.5/5;1.0/8,0.565,0.565,0.565,0.765
1790799927.585,1790799900,Up,0.2/3;0.5/5;1.0/8,0.565,0.595,0.55,0.685
1790800021.122,1790799900,Up,0.2/3;0.5/5;1.0/8,0.775,0.715,0.855,0.895
1790800070.513,1790799900,Up,0.2/3;0.5/5;1.0/8,0.885,0.8,0.825,
1790800103.493,1790799900,Down,0.2/3;0.5/5;1.0/8,0.495,0.165,,
1790800154.518,1790799900,Up,0.2/3;0.5/5;1.0/8,0.995,0.995,,
1790800236.711,1790800200,Down,0.2/3;0.5/5;1.0/8,0.845,0.905,0.945,0.985
1790800261.719,1790800200,Down,0.2/3;0.5/5;1.0/8,0.925,0.955,0.975,0.995
1790800275.79,1790800200,Down,0.2/3;0.5/5;1.0/8,0.955,0.965,0.985,0.995
1790800302.04,1790800200,Down,0.2/3;0.5/5;1.0/8,0.975,0.985,0.985,0.995
1790800332.239,1790800200,Down,0.2/3;0.5/5;1.0/8,0.975,0.985,0.995,0.995
1790800345.778,1790800200,Up,0.2/3;0.5/5;1.0/8,0.015,,,
1790800383.302,1790800200,Up,0.2/3;0.5/5;1.0/8,,,,
1790800416.149,1790800200,Down,0.2/3;0.5/5;1.0/8,0.995,0.995,0.995,
1790800456.558,1790800200,Up,0.2/3;0.5/5;1.0/8,,,,
1790800505.979,1790800500,Up,0.2/3;0.5/5;1.0/8,0.505,0.685,0.545,0.505
1790800528.248,1790800500,Up,0.2/3;0.5/5;1.0/8,0.705,0.555,0.575,0.395
1790800539.741,1790800500,Up,0.2/3;0.5/5;1.0/8,0.575,0.555,0.535,0.855
1790800553.725,1790800500,Down,0.2/3;0.5/5;1.0/8,0.455,0.485,0.405,0.155
1790800563.768,1790800500,Down,0.2/3;0.5/5;1.0/8,0.49,0.395,0.505,0.115
1790800578.103,1790800500,Down,0.2/3;0.5/5;1.0/8,0.395,0.515,0.675,0.065
1790800606.775,1790800500,Down,0.2/3;0.5/5;1.0/8,0.425,0.605,0.185,0.015
1790800632.093,1790800500,Down,0.2/3;0.5/5;1.0/8,0.605,0.195,0.125,
1790800643.453,1790800500,Down,0.2/3;0.5/5;1.0/8,0.185,0.155,0.045,
1790800653.739,1790800500,Up,0.2/3;0.5/5;1.0/8,0.845,0.885,0.975,0.995
1790800697.128,1790800500,Up,0.2/3;0.5/5;1.0/8,0.975,0.985,0.995,
1790800736.634,1790800500,Down,0.2/3;0.5/5;1.0/8,,,,
1790800770.406,1790800500,Up,0.2/3;0.5/5;1.0/8,0.995,,,
1790800881.373,1790800800,Down,0.2/3;0.5/5;1.0/8,0.305,0.255,0.425,0.825
1790800907.432,1790800800,Up,0.2/3;0.5/5;1.0/8,0.715,0.575,0.245,0.085
1790800927.453,1790800800,Down,0.2/3;0.5/5;1.0/8,0.425,0.675,0.775,0.985
1790800951.009,1790800800,Down,0.2/3;0.5/5;1.0/8,0.755,0.785,0.895,0.995
1790801002.994,1790800800,Down,0.2/3;0.5/5;1.0/8,0.875,0.885,0.995,
1790801032.173,1790800800,Up,0.2/3;0.5/5;1.0/8,0.015,,,
1790801130.154,1790801100,Down,0.2/3;0.5/5;1.0/8,0.575,0.435,0.525,0.525
1790801148.109,1790801100,Up,0.2/3;0.5/5;1.0/8,0.515,0.505,0.505,0.355
1790801158.515,1790801100,Up,0.2/3;0.5/5;1.0/8,0.475,0.475,0.325,0.445
1790801215.731,1790801100,Down,0.2/3;0.5/5;1.0/8,0.675,0.655,0.555,0.945
1790801298.909,1790801100,Down,0.2/3;0.5/5;1.0/8,0.825,0.895,0.995,
1790801320.583,1790801100,Down,0.2/3;0.5/5;1.0/8,0.935,0.995,0.995,
1790801348.957,1790801100,Down,0.2/3;0.5/5;1.0/8,0.995,0.995,,
1790801424.105,1790801400,Down,0.2/3;0.5/5;1.0/8,0.585,0.415,0.285,0.025
1790801443.439,1790801400,Up,0.2/3;0.5/5;1.0/8,0.575,0.705,0.875,0.975
1790801471.306,1790801400,Up,0.2/3;0.5/5;1.0/8,0.715,0.885,0.945,0.985
1790801489.549,1790801400,Up,0.2/3;0.5/5;1.0/8,0.875,0.875,0.975,0.995
1790801500.255,1790801400,Up,0.2/3;0.5/5;1.0/8,0.875,0.945,0.975,0.995
1790801523.323,1790801400,Up,0.2/3;0.5/5;1.0/8,0.965,0.975,0.985,0.995
1790801577.94,1790801400,Up,0.2/3;0.5/5;1.0/8,0.985,0.995,0.995,
1790801635.754,1790801400,Down,0.2/3;0.5/5;1.0/8,,,,
1790801669.416,1790801400,Down,0.2/3;0.5/5;1.0/8,,,,
1790801703.3,1790801700,Down,0.2/3;0.5/5;1.0/8,0.725,0.765,0.895,0.945
1790801719.597,1790801700,Down,0.2/3;0.5/5;1.0/8,0.765,0.855,0.915,0.965
1790801743.946,1790801700,Down,0.2/3;0.5/5;1.0/8,0.815,0.905,0.955,0.985
1790801761.063,1790801700,Down,0.2/3;0.5/5;1.0/8,0.905,0.925,0.955,0.9815
1790801854.802,1790801700,Down,0.2/3;0.5/5;1.0/8,0.975,0.9845,0.995,0.9995
1790801865.345,1790801700,Down,0.2/3;0.5/5;1.0/8,0.9805,0.985,0.9935,0.9995
1790801922.91,1790801700,Up,0.2/3;0.5/5;1.0/8,0.0035,,,
1790801953.653,1790801700,Up,0.2/3;0.5/5;1.0/8,,,,
1790801965.357,1790801700,Up,0.2/3;0.5/5;1.0/8,,,,
1790802052.555,1790802000,Up,0.2/3;0.5/5;1.0/8,0.875,0.895,0.825,0.935
1790802082.429,1790802000,Up,0.2/3;0.5/5;1.0/8,0.885,0.825,0.835,0.985
1790802100.636,1790802000,Down,0.2/3;0.5/5;1.0/8,0.175,0.145,0.075,
1790802135.335,1790802000,Down,0.2/3;0.5/5;1.0/8,0.105,0.215,0.025,
1790802150.117,1790802000,Up,0.2/3;0.5/5;1.0/8,0.785,0.945,,0.9995
1790802174.804,1790802000,Up,0.2/3;0.5/5;1.0/8,0.955,0.985,0.995,
1790802185.733,1790802000,Up,0.2/3;0.5/5;1.0/8,0.985,0.995,0.995,
1790802195.742,1790802000,Up,0.2/3;0.5/5;1.0/8,0.995,0.995,0.995,
1790802211.726,1790802000,Up,0.2/3;0.5/5;1.0/8,0.995,0.995,0.9995,
1790802267.954,1790802000,Up,0.2/3;0.5/5;1.0/8,0.9995,,,
1790802303.071,1790802300,Down,0.2/3;0.5/5;1.0/8,0.605,0.615,0.665,0.505
1790802363.94,1790802300,Down,0.2/3;0.5/5;1.0/8,0.555,0.585,0.515,0.815
1790802422.063,1790802300,Up,0.2/3;0.5/5;1.0/8,0.355,0.325,0.195,0.015
1790802456.329,1790802300,Down,0.2/3;0.5/5;1.0/8,0.835,0.905,0.865,0.995
1790802483.835,1790802300,Down,0.2/3;0.5/5;1.0/8,0.925,0.865,0.975,
1790802548.397,1790802300,Up,0.2/3;0.5/5;1.0/8,0.015,,,
1790802568.413,1790802300,Up,0.2/3;0.5/5;1.0/8,,,,
1790802608.564,1790802600,Up,0.2/3;0.5/5;1.0/8,0.725,0.795,0.445,0.755
1790802620.0,1790802600,Up,0.2/3;0.5/5;1.0/8,0.775,0.735,0.645,0.775
1790802630.399,1790802600,Up,0.2/3;0.5/5;1.0/8,0.825,0.525,0.775,0.815
1790802646.367,1790802600,Down,0.2/3;0.5/5;1.0/8,0.465,0.415,0.225,0.045
1790802658.841,1790802600,Down,0.2/3;0.5/5;1.0/8,0.565,0.275,0.225,0.115
1790802675.298,1790802600,Up,0.2/3;0.5/5;1.0/8,0.775,0.765,0.775,0.845
1790802685.298,1790802600,Up,0.2/3;0.5/5;1.0/8,0.685,0.775,0.765,0.915
1790802696.645,1790802600,Down,0.2/3;0.5/5;1.0/8,0.235,0.215,0.195,0.175
1790802762.335,1790802600,Up,0.2/3;0.5/5;1.0/8,0.885,0.93,0.915,0.995
1790802772.335,1790802600,Up,0.2/3;0.5/5;1.0/8,0.925,0.895,0.825,
1790802791.98,1790802600,Down,0.2/3;0.5/5;1.0/8,0.185,0.085,0.045,
1790802806.439,1790802600,Down,0.2/3;0.5/5;1.0/8,0.085,0.145,0.015,
1790802825.232,1790802600,Down,0.2/3;0.5/5;1.0/8,0.085,0.025,,
1790802928.343,1790802900,Down,0.2/3;0.5/5;1.0/8,0.645,0.705,0.655,0.245
1790802943.049,1790802900,Down,0.2/3;0.5/5;1.0/8,0.705,0.575,0.365,0.145
1790802960.251,1790802900,Down,0.2/3;0.5/5;1.0/8,0.595,0.665,0.265,0.085
1790802990.403,1790802900,Down,0.2/3;0.5/5;1.0/8,0.365,0.265,0.215,0.015
1790803013.801,1790802900,Up,0.2/3;0.5/5;1.0/8,0.815,0.775,0.915,0.995
1790803026.329,1790802900,Up,0.2/3;0.5/5;1.0/8,0.775,0.785,0.975,0.995
1790803071.671,1790802900,Up,0.2/3;0.5/5;1.0/8,0.975,0.965,0.995,
1790803082.367,1790802900,Up,0.2/3;0.5/5;1.0/8,0.965,0.985,0.995,
1790803152.382,1790802900,Up,0.2/3;0.5/5;1.0/8,0.995,0.995,,
1790803301.164,1790803200,Down,0.2/3;0.5/5;1.0/8,0.665,0.775,0.805,0.885
1790803320.645,1790803200,Down,0.2/3;0.5/5;1.0/8,0.765,0.775,0.795,0.975
1790803458.039,1790803200,Down,0.2/3;0.5/5;1.0/8,0.995,,,
1790803510.481,1790803500,Up,0.2/3;0.5/5;1.0/8,0.215,0.185,0.265,0.325
1790803537.431,1790803500,Down,0.2/3;0.5/5;1.0/8,0.825,0.795,0.775,0.715
1790803561.92,1790803500,Up,0.2/3;0.5/5;1.0/8,0.285,0.255,0.375,0.215
1790803612.394,1790803500,Up,0.2/3;0.5/5;1.0/8,0.325,0.325,0.255,0.065
1790803840.254,1790803800,Down,0.2/3;0.5/5;1.0/8,0.725,0.665,0.745,0.445
1790803857.269,1790803800,Up,0.2/3;0.5/5;1.0/8,0.335,0.295,0.555,0.565
1790803915.289,1790803800,Up,0.2/3;0.5/5;1.0/8,0.545,0.835,0.565,0.955
1790803939.431,1790803800,Up,0.2/3;0.5/5;1.0/8,0.595,0.555,0.585,0.995
1790803949.826,1790803800,Down,0.2/3;0.5/5;1.0/8,0.425,0.505,0.215,
1790804023.301,1790803800,Up,0.2/3;0.5/5;1.0/8,0.965,0.985,0.995,
1790804159.49,1790804100,Up,0.2/3;0.5/5;1.0/8,0.865,0.885,0.845,0.685
1790804169.49,1790804100,Up,0.2/3;0.5/5;1.0/8,0.865,0.885,0.885,0.825
1790804273.876,1790804100,Down,0.2/3;0.5/5;1.0/8,0.175,0.225,0.115,
1790804348.012,1790804100,Down,0.2/3;0.5/5;1.0/8,0.735,0.935,,
1790804360.218,1790804100,Down,0.2/3;0.5/5;1.0/8,0.935,,,
1790804407.362,1790804400,Up,0.2/3;0.5/5;1.0/8,0.425,0.455,0.365,0.195
1790804496.547,1790804400,Down,0.2/3;0.5/5;1.0/8,0.805,0.815,0.805,0.915
1790804563.004,1790804400,Up,0.2/3;0.5/5;1.0/8,0.095,0.105,0.085,
1790804573.019,1790804400,Down,0.2/3;0.5/5;1.0/8,0.925,0.765,0.965,
1790804602.246,1790804400,Up,0.2/3;0.5/5;1.0/8,0.105,0.045,,
1790804634.228,1790804400,Down,0.2/3;0.5/5;1.0/8,0.995,0.995,,
1790804657.246,1790804400,Down,0.2/3;0.5/5;1.0/8,0.995,,,
1790804668.341,1790804400,Down,0.2/3;0.5/5;1.0/8,0.995,,,
1790804710.336,1790804700,Up,0.2/3;0.5/5;1.0/8,0.375,0.425,0.415,0.765
1790804786.284,1790804700,Up,0.2/3;0.5/5;1.0/8,0.475,0.455,0.805,0.715
1790804852.728,1790804700,Up,0.2/3;0.5/5;1.0/8,0.835,0.875,0.655,0.995
1790804898.572,1790804700,Up,0.2/3;0.5/5;1.0/8,0.665,0.785,0.985,
1790805018.975,1790805000,Up,0.2/3;0.5/5;1.0/8,0.675,0.705,0.365,0.305
1790805033.799,1790805000,Up,0.2/3;0.5/5;1.0/8,0.705,0.515,0.525,0.505
1790805054.86,1790805000,Down,0.2/3;0.5/5;1.0/8,0.515,0.645,0.685,0.465
1790805081.708,1790805000,Up,0.2/3;0.5/5;1.0/8,0.365,0.335,0.305,0.575
1790805108.914,1790805000,Down,0.2/3;0.5/5;1.0/8,0.625,0.695,0.485,0.465
1790805151.074,1790805000,Down,0.2/3;0.5/5;1.0/8,0.445,0.465,0.435,0.035
1790805161.081,1790805000,Up,0.2/3;0.5/5;1.0/8,0.535,0.565,0.645,0.985
1790805192.566,1790805000,Up,0.2/3;0.5/5;1.0/8,0.435,0.595,0.625,
1790805202.652,1790805000,Down,0.2/3;0.5/5;1.0/8,0.375,0.465,0.095,
1790805258.011,1790805000,Up,0.2/3;0.5/5;1.0/8,0.985,,,
1790805384.582,1790805300,Down,0.2/3;0.5/5;1.0/8,0.595,0.355,0.335,0.195
1790805402.843,1790805300,Up,0.2/3;0.5/5;1.0/8,0.625,0.675,0.685,0.855
1790805431.548,1790805300,Up,0.2/3;0.5/5;1.0/8,0.665,0.705,0.755,0.965
1790805612.093,1790805600,Up,0.2/3;0.5/5;1.0/8,0.715,0.575,0.615,0.485
1790805638.131,1790805600,Down,0.2/3;0.5/5;1.0/8,0.395,0.355,0.555,0.575
1790805684.363,1790805600,Down,0.2/3;0.5/5;1.0/8,0.555,0.635,0.535,0.915
1790805713.669,1790805600,Down,0.2/3;0.5/5;1.0/8,0.515,0.535,0.655,0.995
1790805781.218,1790805600,Down,0.2/3;0.5/5;1.0/8,0.895,0.955,0.995,
1790805815.875,1790805600,Down,0.2/3;0.5/5;1.0/8,0.995,0.995,0.995,
1790805840.53,1790805600,Up,0.2/3;0.5/5;1.0/8,,,,
1790805850.892,1790805600,Up,0.2/3;0.5/5;1.0/8,,,,
1790805869.428,1790805600,Down,0.2/3;0.5/5;1.0/8,0.995,,,
1790805928.666,1790805900,Up,0.2/3;0.5/5;1.0/8,0.595,0.635,0.215,
1790805961.992,1790805900,Down,0.2/3;0.5/5;1.0/8,0.695,0.785,0.955,0.995
1790805985.469,1790805900,Down,0.2/3;0.5/5;1.0/8,0.805,0.945,0.995,0.995
1790806001.123,1790805900,Down,0.2/3;0.5/5;1.0/8,0.945,0.985,0.995,0.9995
1790806011.186,1790805900,Down,0.2/3;0.5/5;1.0/8,0.965,0.995,0.995,0.9995
1790806025.862,1790805900,Down,0.2/3;0.5/5;1.0/8,0.995,0.995,0.995,0.9995
1790806035.863,1790805900,Up,0.2/3;0.5/5;1.0/8,,,,
1790806045.871,1790805900,Up,0.2/3;0.5/5;1.0/8,,,,
1790806078.604,1790805900,Down,0.2/3;0.5/5;1.0/8,0.995,0.9995,0.9995,
1790806110.717,1790805900,Up,0.2/3;0.5/5;1.0/8,,,,
1790806132.968,1790805900,Down,0.2/3;0.5/5;1.0/8,0.9995,0.9995,,
1790806149.346,1790805900,Down,0.2/3;0.5/5;1.0/8,0.9995,0.9995,,
1790806206.524,1790806200,Up,0.2/3;0.5/5;1.0/8,0.725,0.715,0.795,0.9
1790806216.526,1790806200,Up,0.2/3;0.5/5;1.0/8,0.715,0.735,0.865,0.965
1790806236.921,1790806200,Up,0.2/3;0.5/5;1.0/8,0.745,0.795,0.815,0.945
1790806256.397,1790806200,Up,0.2/3;0.5/5;1.0/8,0.865,0.785,0.915,0.985
1790806310.141,1790806200,Up,0.2/3;0.5/5;1.0/8,0.895,0.965,0.975,0.995
1790806337.896,1790806200,Up,0.2/3;0.5/5;1.0/8,0.955,0.975,0.985,0.9995
1790806352.559,1790806200,Down,0.2/3;0.5/5;1.0/8,0.025,0.015,,
1790806370.268,1790806200,Up,0.2/3;0.5/5;1.0/8,0.985,0.995,0.995,
1790806396.575,1790806200,Up,0.2/3;0.5/5;1.0/8,0.995,0.995,0.9995,
1790806411.416,1790806200,Up,0.2/3;0.5/5;1.0/8,0.995,0.9995,0.9995,
1790806513.076,1790806500,Up,0.2/3;0.5/5;1.0/8,0.795,0.805,0.845,0.915
1790806592.183,1790806500,Up,0.2/3;0.5/5;1.0/8,0.885,0.905,0.955,0.995
1790806627.917,1790806500,Up,0.2/3;0.5/5;1.0/8,0.935,0.945,0.965,0.995
1790806649.002,1790806500,Up,0.2/3;0.5/5;1.0/8,0.945,0.965,0.985,0.995
1790806704.339,1790806500,Up,0.2/3;0.5/5;1.0/8,0.995,0.915,0.995,
1790806725.587,1790806500,Down,0.2/3;0.5/5;1.0/8,0.025,,,
1790806736.397,1790806500,Up,0.2/3;0.5/5;1.0/8,0.995,0.995,,
1790806747.963,1790806500,Up,0.2/3;0.5/5;1.0/8,0.995,0.995,,
1790806975.262,1790806800,Up,0.2/3;0.5/5;1.0/8,0.835,0.935,0.985,
1790807005.18,1790806800,Up,0.2/3;0.5/5;1.0/8,0.975,0.985,0.995,
1790807108.343,1790807100,Up,0.2/3;0.5/5;1.0/8,0.665,0.655,0.835,0.925
1790807136.14,1790807100,Down,0.2/3;0.5/5;1.0/8,0.185,0.145,0.165,0.105
1790807146.641,1790807100,Up,0.2/3;0.5/5;1.0/8,0.835,0.835,0.875,0.935
1790807344.315,1790807100,Up,0.2/3;0.5/5;1.0/8,0.995,0.995,,
1790807423.119,1790807400,Down,0.2/3;0.5/5;1.0/8,0.625,0.375,0.245,0.405
1790807460.231,1790807400,Up,0.2/3;0.5/5;1.0/8,0.765,0.745,0.695,0.515
1790807478.345,1790807400,Up,0.2/3;0.5/5;1.0/8,0.685,0.725,0.725,0.275
1790807490.469,1790807400,Down,0.2/3;0.5/5;1.0/8,0.275,0.305,0.385,0.145
1790807541.204,1790807400,Down,0.2/3;0.5/5;1.0/8,0.395,0.395,0.285,
1790807586.032,1790807400,Down,0.2/3;0.5/5;1.0/8,0.285,0.115,0.025,
1790807599.162,1790807400,Up,0.2/3;0.5/5;1.0/8,0.875,0.915,0.995,
1790807649.992,1790807400,Up,0.2/3;0.5/5;1.0/8,0.995,0.995,,
1790807866.692,1790807700,Up,0.2/3;0.5/5;1.0/8,0.445,0.525,0.545,
1790807942.871,1790807700,Down,0.2/3;0.5/5;1.0/8,0.985,0.995,,
1790808015.787,1790808000,Up,0.2/3;0.5/5;1.0/8,0.665,0.685,0.755,0.855
1790808062.54,1790808000,Up,0.2/3;0.5/5;1.0/8,0.665,0.705,0.785,0.665
1790808182.377,1790808000,Down,0.2/3;0.5/5;1.0/8,0.595,0.305,0.975,
1790808218.215,1790808000,Down,0.2/3;0.5/5;1.0/8,0.955,0.885,0.995,
1790808262.961,1790808000,Up,0.2/3;0.5/5;1.0/8,,,,
1790808327.887,1790808300,Up,0.2/3;0.5/5;1.0/8,0.425,0.515,0.345,0.235
1790808360.436,1790808300,Down,0.2/3;0.5/5;1.0/8,0.515,0.625,0.735,0.855
1790808420.684,1790808300,Down,0.2/3;0.5/5;1.0/8,0.755,0.765,0.855,0.985
1790808498.518,1790808300,Down,0.2/3;0.5/5;1.0/8,0.945,0.985,0.995,
1790808562.312,1790808300,Down,0.2/3;0.5/5;1.0/8,0.995,,,
1790808638.348,1790808600,Down,0.2/3;0.5/5;1.0/8,0.715,0.795,0.895,0.655
1790808661.868,1790808600,Down,0.2/3;0.5/5;1.0/8,0.815,0.915,0.925,0.835
1790808682.132,1790808600,Down,0.2/3;0.5/5;1.0/8,0.915,0.925,0.765,0.965
1790808722.839,1790808600,Up,0.2/3;0.5/5;1.0/8,0.235,0.195,0.155,
1790808758.343,1790808600,Up,0.2/3;0.5/5;1.0/8,0.275,0.095,0.015,
1790808794.944,1790808600,Down,0.2/3;0.5/5;1.0/8,0.975,0.985,0.995,
1790808809.671,1790808600,Down,0.2/3;0.5/5;1.0/8,0.985,0.995,0.995,
1790808851.718,1790808600,Up,0.2/3;0.5/5;1.0/8,,,,
1790808869.886,1790808600,Down,0.2/3;0.5/5;1.0/8,0.9995,,,
1790808918.039,1790808900,Up,0.2/3;0.5/5;1.0/8,0.405,0.255,0.255,0.515
1790808931.629,1790808900,Down,0.2/3;0.5/5;1.0/8,0.765,0.705,0.595,0.505
1790808945.668,1790808900,Down,0.2/3;0.5/5;1.0/8,0.705,0.755,0.505,0.755
1790808988.96,1790808900,Up,0.2/3;0.5/5;1.0/8,0.535,0.515,0.505,0.065
1790809002.492,1790808900,Up,0.2/3;0.5/5;1.0/8,0.485,0.515,0.265,0.075
1790809053.212,1790808900,Up,0.2/3;0.5/5;1.0/8,0.235,0.075,0.065,
1790809074.09,1790808900,Down,0.2/3;0.5/5;1.0/8,0.925,0.845,0.975,
1790809099.419,1790808900,Up,0.2/3;0.5/5;1.0/8,0.095,0.035,,
1790809141.198,1790808900,Down,0.2/3;0.5/5;1.0/8,0.995,0.995,,
1790809151.373,1790808900,Down,0.2/3;0.5/5;1.0/8,0.995,0.995,,
1790809223.29,1790809200,Down,0.2/3;0.5/5;1.0/8,0.505,0.315,0.305,0.195
1790809249.547,1790809200,Up,0.2/3;0.5/5;1.0/8,0.775,0.695,0.685,0.935
1790809263.545,1790809200,Up,0.2/3;0.5/5;1.0/8,0.675,0.845,0.745,0.945
1790809273.585,1790809200,Down,0.2/3;0.5/5;1.0/8,0.135,0.155,0.195,0.225
1790809286.243,1790809200,Up,0.2/3;0.5/5;1.0/8,0.835,0.675,0.805,0.835
1790809296.527,1790809200,Down,0.2/3;0.5/5;1.0/8,0.335,0.225,0.085,0.015
1790809307.104,1790809200,Down,0.2/3;0.5/5;1.0/8,0.245,0.195,0.065,
1790809325.621,1790809200,Up,0.2/3;0.5/5;1.0/8,0.815,0.915,0.945,0.995
1790809352.777,1790809200,Up,0.2/3;0.5/5;1.0/8,0.935,0.945,0.975,0.995
1790809369.912,1790809200,Up,0.2/3;0.5/5;1.0/8,0.945,0.795,0.995,
1790809389.459,1790809200,Down,0.2/3;0.5/5;1.0/8,0.175,,,
1790809407.463,1790809200,Up,0.2/3;0.5/5;1.0/8,0.995,0.995,0.995,
1790809417.469,1790809200,Up,0.2/3;0.5/5;1.0/8,0.995,0.995,0.995,
1790809467.627,1790809200,Down,0.2/3;0.5/5;1.0/8,,,,
1790809510.14,1790809500,Up,0.2/3;0.5/5;1.0/8,0.435,0.255,0.335,0.055
1790809528.126,1790809500,Down,0.2/3;0.5/5;1.0/8,0.755,0.815,0.815,0.885
1790809566.497,1790809500,Up,0.2/3;0.5/5;1.0/8,0.315,0.175,0.055,
1790809587.246,1790809500,Down,0.2/3;0.5/5;1.0/8,0.895,0.875,0.885,0.995
1790809621.074,1790809500,Down,0.2/3;0.5/5;1.0/8,0.955,0.895,0.975,0.995
1790809633.384,1790809500,Down,0.2/3;0.5/5;1.0/8,0.885,0.905,0.995,0.995
1790809643.676,1790809500,Up,0.2/3;0.5/5;1.0/8,0.105,0.035,,
1790809666.96,1790809500,Up,0.2/3;0.5/5;1.0/8,0.015,,,
1790809680.685,1790809500,Down,0.2/3;0.5/5;1.0/8,0.995,0.995,0.995,
1790809691.286,1790809500,Down,0.2/3;0.5/5;1.0/8,0.995,0.995,0.995,
1790809727.848,1790809500,Down,0.2/3;0.5/5;1.0/8,0.995,0.995,,
1790809802.62,1790809800,Down,0.2/3;0.5/5;1.0/8,0.415,0.435,0.46,0.595
1790809897.636,1790809800,Down,0.2/3;0.5/5;1.0/8,0.545,0.605,0.595,0.035
1790809912.614,1790809800,Down,0.2/3;0.5/5;1.0/8,0.605,0.545,0.285,
1790809965.366,1790809800,Up,0.2/3;0.5/5;1.0/8,0.665,0.835,0.985,0.995
1790809983.942,1790809800,Up,0.2/3;0.5/5;1.0/8,0.875,0.985,0.995,
1790809998.679,1790809800,Up,0.2/3;0.5/5;1.0/8,0.985,0.995,0.995,
1790810037.162,1790809800,Up,0.2/3;0.5/5;1.0/8,0.995,0.995,,
1790810052.843,1790809800,Up,0.2/3;0.5/5;1.0/8,0.995,0.995,,
1790810064.356,1790809800,Up,0.2/3;0.5/5;1.0/8,0.995,,,
1790810114.093,1790810100,Down,0.2/3;0.5/5;1.0/8,0.575,0.675,0.845,0.515
1790810124.159,1790810100,Up,0.2/3;0.5/5;1.0/8,0.465,0.235,0.225,0.555
1790810140.397,1790810100,Down,0.2/3;0.5/5;1.0/8,0.765,0.845,0.445,0.275
1790810151.789,1790810100,Down,0.2/3;0.5/5;1.0/8,0.845,0.755,0.335,0.305
1790810162.274,1790810100,Down,0.2/3;0.5/5;1.0/8,0.835,0.795,0.405,0.575
1790810178.245,1790810100,Up,0.2/3;0.5/5;1.0/8,0.225,0.655,0.475,0.455
1790810194.607,1790810100,Up,0.2/3;0.5/5;1.0/8,0.665,0.605,0.735,0.755
1790810215.11,1790810100,Down,0.2/3;0.5/5;1.0/8,0.445,0.455,0.295,0.445
1790810245.723,1790810100,Down,0.2/3;0.5/5;1.0/8,0.275,0.295,0.475,0.095
1790810263.124,1790810100,Up,0.2/3;0.5/5;1.0/8,0.695,0.545,0.875,0.995
1790810277.953,1790810100,Down,0.2/3;0.5/5;1.0/8,0.455,0.225,0.465,
1790810293.814,1790810100,Down,0.2/3;0.5/5;1.0/8,0.235,0.125,0.155,
1790810306.701,1790810100,Up,0.2/3;0.5/5;1.0/8,0.875,0.535,0.905,
1790810319.292,1790810100,Up,0.2/3;0.5/5;1.0/8,0.575,0.665,0.985,
1790810418.901,1790810400,Down,0.2/3;0.5/5;1.0/8,0.565,0.485,0.185,0.345
1790810440.225,1790810400,Up,0.2/3;0.5/5;1.0/8,0.525,0.785,0.965,0.695
1790810464.353,1790810400,Up,0.2/3;0.5/5;1.0/8,0.815,0.945,0.665,0.765
1790810477.932,1790810400,Up,0.2/3;0.5/5;1.0/8,0.935,0.975,0.655,0.775
1790810487.933,1790810400,Up,0.2/3;0.5/5;1.0/8,0.965,0.735,0.675,0.805
1790810511.183,1790810400,Down,0.2/3;0.5/5;1.0/8,0.325,0.335,0.265,0.045
1790810523.395,1790810400,Down,0.2/3;0.5/5;1.0/8,0.345,0.315,0.235,
1790810591.415,1790810400,Down,0.2/3;0.5/5;1.0/8,0.195,0.045,,
1790810614.032,1790810400,Up,0.2/3;0.5/5;1.0/8,0.955,0.995,0.995,
1790810632.99,1790810400,Up,0.2/3;0.5/5;1.0/8,0.995,0.995,,
1790810725.712,1790810700,Up,0.2/3;0.5/5;1.0/8,0.595,0.445,0.515,0.295
1790810747.82,1790810700,Down,0.2/3;0.5/5;1.0/8,0.615,0.455,0.39,0.665
1790810765.259,1790810700,Down,0.2/3;0.5/5;1.0/8,0.455,0.425,0.635,0.955
1790810827.314,1790810700,Down,0.2/3;0.5/5;1.0/8,0.705,0.705,0.955,0.995
1790810882.744,1790810700,Down,0.2/3;0.5/5;1.0/8,0.965,0.995,0.995,
1790810897.682,1790810700,Down,0.2/3;0.5/5;1.0/8,0.995,0.995,0.995,
1790810911.333,1790810700,Down,0.2/3;0.5/5;1.0/8,0.995,0.995,0.995,
1790810929.083,1790810700,Down,0.2/3;0.5/5;1.0/8,0.995,0.995,,
1790810951.594,1790810700,Down,0.2/3;0.5/5;1.0/8,0.995,0.995,,
1790810971.106,1790810700,Up,0.2/3;0.5/5;1.0/8,,,,
1790811016.111,1790811000,Up,0.2/3;0.5/5;1.0/8,0.455,0.615,0.645,0.205
1790811040.738,1790811000,Up,0.2/3;0.5/5;1.0/8,0.605,0.635,0.265,0.095
1790811084.397,1790811000,Down,0.2/3;0.5/5;1.0/8,0.735,0.785,0.875,0.995
1790811104.978,1790811000,Down,0.2/3;0.5/5;1.0/8,0.765,0.795,0.925,0.995
1790811138.297,1790811000,Down,0.2/3;0.5/5;1.0/8,0.845,0.935,0.995,0.995
1790811160.727,1790811000,Down,0.2/3;0.5/5;1.0/8,0.945,0.985,0.995,0.9995
1790811181.995,1790811000,Down,0.2/3;0.5/5;1.0/8,0.995,0.995,0.995,
1790811194.791,1790811000,Down,0.2/3;0.5/5;1.0/8,0.995,0.995,0.995,
1790811221.678,1790811000,Down,0.2/3;0.5/5;1.0/8,0.995,0.995,0.9995,
1790811232.467,1790811000,Up,0.2/3;0.5/5;1.0/8,,,,
1790811245.96,1790811000,Up,0.2/3;0.5/5;1.0/8,,,,
1790811256.721,1790811000,Up,0.2/3;0.5/5;1.0/8,,,,
1790811268.356,1790811000,Down,0.2/3;0.5/5;1.0/8,0.9995,,,
1790811303.988,1790811300,Up,0.2/3;0.5/5;1.0/8,0.585,0.535,0.745,0.815
1790811317.317,1790811300,Down,0.2/3;0.5/5;1.0/8,0.465,0.445,0.175,0.135
1790811356.269,1790811300,Up,0.2/3;0.5/5;1.0/8,0.825,0.845,0.805,0.965
1790811367.99,1790811300,Up,0.2/3;0.5/5;1.0/8,0.845,0.945,0.835,0.975
1790811379.362,1790811300,Up,0.2/3;0.5/5;1.0/8,0.945,0.765,0.855,0.985
1790811389.385,1790811300,Up,0.2/3;0.5/5;1.0/8,0.865,0.805,0.895,0.985
1790811399.704,1790811300,Down,0.2/3;0.5/5;1.0/8,0.205,0.165,0.045,
1790811437.749,1790811300,Down,0.2/3;0.5/5;1.0/8,0.105,0.045,0.015,
1790811457.593,1790811300,Up,0.2/3;0.5/5;1.0/8,0.965,0.975,0.995,0.995
1790811481.261,1790811300,Down,0.2/3;0.5/5;1.0/8,0.015,0.015,,
1790811528.241,1790811300,Up,0.2/3;0.5/5;1.0/8,0.995,0.995,,
1790811538.529,1790811300,Down,0.2/3;0.5/5;1.0/8,,,,
1790811550.601,1790811300,Down,0.2/3;0.5/5;1.0/8,,,,
1790811614.072,1790811600,Down,0.2/3;0.5/5;1.0/8,0.665,0.445,0.395,0.635
1790811640.541,1790811600,Up,0.2/3;0.5/5;1.0/8,0.545,0.605,0.455,0.115
1790811662.632,1790811600,Up,0.2/3;0.5/5;1.0/8,0.605,0.455,0.475,0.125
1790811733.88,1790811600,Down,0.2/3;0.5/5;1.0/8,0.715,0.845,0.905,0.995
1790811744.517,1790811600,Down,0.2/3;0.5/5;1.0/8,0.885,0.835,0.925,0.995
1790811756.266,1790811600,Down,0.2/3;0.5/5;1.0/8,0.845,0.865,0.965,0.995
1790811811.097,1790811600,Down,0.2/3;0.5/5;1.0/8,0.985,0.975,0.995,
1790811830.277,1790811600,Up,0.2/3;0.5/5;1.0/8,0.025,,,
1790811924.872,1790811900,Down,0.2/3;0.5/5;1.0/8,0.685,0.795,0.785,0.745
1790811953.109,1790811900,Down,0.2/3;0.5/5;1.0/8,0.83,0.795,0.825,0.955
1790811967.541,1790811900,Down,0.2/3;0.5/5;1.0/8,0.795,0.815,0.865,0.985
1790811982.852,1790811900,Up,0.2/3;0.5/5;1.0/8,0.185,0.175,0.255,0.015
1790812034.705,1790811900,Up,0.2/3;0.5/5;1.0/8,0.185,0.055,0.015,
1790812060.555,1790811900,Down,0.2/3;0.5/5;1.0/8,0.965,0.985,0.995,0.995
1790812082.129,1790811900,Down,0.2/3;0.5/5;1.0/8,0.985,0.995,0.995,
1790812104.4,1790811900,Down,0.2/3;0.5/5;1.0/8,0.995,0.995,0.995,
1790812116.155,1790811900,Up,0.2/3;0.5/5;1.0/8,,,,
1790812169.536,1790811900,Up,0.2/3;0.5/5;1.0/8,,,,
1790812216.227,1790812200,Up,0.2/3;0.5/5;1.0/8,0.455,0.505,0.595,0.685
1790812226.235,1790812200,Up,0.2/3;0.5/5;1.0/8,0.525,0.755,0.605,0.785
1790812236.314,1790812200,Down,0.2/3;0.5/5;1.0/8,0.525,0.445,0.425,0.365
1790812252.682,1790812200,Up,0.2/3;0.5/5;1.0/8,0.555,0.595,0.715,0.715
1790812290.443,1790812200,Up,0.2/3;0.5/5;1.0/8,0.755,0.625,0.655,0.975
1790812300.446,1790812200,Down,0.2/3;0.5/5;1.0/8,0.125,0.305,0.345,0.015
1790812311.733,1790812200,Down,0.2/3;0.5/5;1.0/8,0.29,0.205,0.235,0.015
1790812323.786,1790812200,Down,0.2/3;0.5/5;1.0/8,0.195,0.375,0.135,
1790812336.033,1790812200,Down,0.2/3;0.5/5;1.0/8,0.345,0.265,0.045,
1790812347.884,1790812200,Down,0.2/3;0.5/5;1.0/8,0.265,0.165,0.025,
1790812368.055,1790812200,Up,0.2/3;0.5/5;1.0/8,0.855,0.965,0.995,
1790812379.733,1790812200,Up,0.2/3;0.5/5;1.0/8,0.96,0.975,0.995,
1790812394.359,1790812200,Up,0.2/3;0.5/5;1.0/8,0.975,0.985,0.995,
1790812404.483,1790812200,Up,0.2/3;0.5/5;1.0/8,0.985,0.975,0.995,
1790812417.976,1790812200,Up,0.2/3;0.5/5;1.0/8,0.975,0.995,0.995,
1790812428.526,1790812200,Up,0.2/3;0.5/5;1.0/8,0.995,0.995,,
1790812440.157,1790812200,Down,0.2/3;0.5/5;1.0/8,,,,
1790812450.2,1790812200,Up,0.2/3;0.5/5;1.0/8,0.995,0.995,,
1790812550.22,1790812500,Down,0.2/3;0.5/5;1.0/8,0.655,0.675,0.745,0.795
1790812588.248,1790812500,Down,0.2/3;0.5/5;1.0/8,0.745,0.685,0.835,0.855
1790812628.957,1790812500,Up,0.2/3;0.5/5;1.0/8,0.165,0.135,0.185,0.195
1790812674.859,1790812500,Up,0.2/3;0.5/5;1.0/8,0.185,0.175,0.265,
1790812722.022,1790812500,Up,0.2/3;0.5/5;1.0/8,0.235,0.155,0.035,
1790812763.576,1790812500,Up,0.2/3;0.5/5;1.0/8,0.095,,,
1790812812.148,1790812800,Up,0.2/3;0.5/5;1.0/8,0.535,0.445,0.215,0.095
1790812836.527,1790812800,Down,0.2/3;0.5/5;1.0/8,0.575,0.715,0.805,0.945
1790812848.406,1790812800,Down,0.2/3;0.5/5;1.0/8,0.745,0.835,0.845,0.975
1790812859.551,1790812800,Down,0.2/3;0.5/5;1.0/8,0.815,0.795,0.855,0.985
1790812871.648,1790812800,Down,0.2/3;0.5/5;1.0/8,0.795,0.805,0.905,0.985
1790812890.387,1790812800,Up,0.2/3;0.5/5;1.0/8,0.175,0.145,0.065,
1790812903.323,1790812800,Up,0.2/3;0.5/5;1.0/8,0.145,0.095,0.035,
1790812925.95,1790812800,Down,0.2/3;0.5/5;1.0/8,0.925,0.945,0.985,0.995
1790812951.762,1790812800,Down,0.2/3;0.5/5;1.0/8,0.965,0.985,0.995,0.9995
1790812977.321,1790812800,Down,0.2/3;0.5/5;1.0/8,0.985,0.995,0.995,
1790813027.973,1790812800,Up,0.2/3;0.5/5;1.0/8,,,,
1790813041.974,1790812800,Up,0.2/3;0.5/5;1.0/8,,,,
1790813053.091,1790812800,Down,0.2/3;0.5/5;1.0/8,0.9995,0.9995,,
1790813068.328,1790812800,Down,0.2/3;0.5/5;1.0/8,0.9995,,,
1790813167.104,1790813100,Down,0.2/3;0.5/5;1.0/8,0.685,0.695,0.625,0.44
1790813180.209,1790813100,Up,0.2/3;0.5/5;1.0/8,0.305,0.315,0.385,0.645
1790813221.881,1790813100,Up,0.2/3;0.5/5;1.0/8,0.385,0.365,0.555,0.065
1790813272.952,1790813100,Up,0.2/3;0.5/5;1.0/8,0.575,0.465,0.655,
1790813294.084,1790813100,Up,0.2/3;0.5/5;1.0/8,0.495,0.545,0.015,
1790813340.287,1790813100,Down,0.2/3;0.5/5;1.0/8,0.985,0.995,,
1790813408.618,1790813400,Up,0.2/3;0.5/5;1.0/8,0.345,0.255,0.185,0.795
1790813423.811,1790813400,Down,0.2/3;0.5/5;1.0/8,0.735,0.775,0.765,0.145
1790813433.82,1790813400,Up,0.2/3;0.5/5;1.0/8,0.225,0.205,0.475,0.885
1790813483.012,1790813400,Up,0.2/3;0.5/5;1.0/8,0.455,0.675,0.855,0.915
1790813508.084,1790813400,Up,0.2/3;0.5/5;1.0/8,0.685,0.865,0.805,0.965
1790813524.041,1790813400,Up,0.2/3;0.5/5;1.0/8,0.865,0.885,0.885,0.995
1790813537.695,1790813400,Up,0.2/3;0.5/5;1.0/8,0.885,0.805,0.905,0.995
1790813566.453,1790813400,Down,0.2/3;0.5/5;1.0/8,0.145,0.085,0.035,
1790813668.904,1790813400,Down,0.2/3;0.5/5;1.0/8,,,,
1790813710.542,1790813700,Down,0.2/3;0.5/5;1.0/8,0.785,0.785,0.885,0.875
1790813750.421,1790813700,Down,0.2/3;0.5/5;1.0/8,0.895,0.925,0.935,0.965
1790813760.535,1790813700,Down,0.2/3;0.5/5;1.0/8,0.925,0.755,0.915,0.985
1790813773.528,1790813700,Down,0.2/3;0.5/5;1.0/8,0.745,0.86,0.835,0.995
1790813785.004,1790813700,Up,0.2/3;0.5/5;1.0/8,0.195,0.085,0.065,
1790813796.095,1790813700,Down,0.2/3;0.5/5;1.0/8,0.935,0.915,0.955,0.995
1790813806.267,1790813700,Down,0.2/3;0.5/5;1.0/8,0.915,0.845,0.965,0.995
1790813829.42,1790813700,Up,0.2/3;0.5/5;1.0/8,0.065,0.035,,
1790813854.072,1790813700,Down,0.2/3;0.5/5;1.0/8,0.955,0.985,0.995,0.995
1790813870.973,1790813700,Down,0.2/3;0.5/5;1.0/8,0.985,0.995,0.995,
1790813888.246,1790813700,Down,0.2/3;0.5/5;1.0/8,0.995,0.995,,
1790813899.65,1790813700,Up,0.2/3;0.5/5;1.0/8,,,,
1790813910.7,1790813700,Up,0.2/3;0.5/5;1.0/8,,,,
1790813936.331,1790813700,Down,0.2/3;0.5/5;1.0/8,0.995,0.995,,
1790813958.523,1790813700,Down,0.2/3;0.5/5;1.0/8,0.995,,,
1790813968.53,1790813700,Down,0.2/3;0.5/5;1.0/8,0.995,,,
1790814028.96,1790814000,Up,0.2/3;0.5/5;1.0/8,0.785,0.805,0.825,0.845
1790814043.082,1790814000,Up,0.2/3;0.5/5;1.0/8,0.805,0.855,0.815,0.815
1790814053.083,1790814000,Up,0.2/3;0.5/5;1.0/8,0.845,0.815,0.815,0.815
1790814079.146,1790814000,Down,0.2/3;0.5/5;1.0/8,0.245,0.185,0.165,0.145
1790814089.441,1790814000,Down,0.2/3;0.5/5;1.0/8,0.185,0.165,0.155,0.085
1790814153.736,1790814000,Up,0.2/3;0.5/5;1.0/8,0.76,0.805,0.805,0.995
1790814167.014,1790814000,Down,0.2/3;0.5/5;1.0/8,0.185,0.105,0.345,
1790814195.919,1790814000,Up,0.2/3;0.5/5;1.0/8,0.775,0.76,0.965,
1790814209.382,1790814000,Down,0.2/3;0.5/5;1.0/8,0.155,0.175,,
1790814225.708,1790814000,Down,0.2/3;0.5/5;1.0/8,0.155,0.035,,
1790814258.646,1790814000,Up,0.2/3;0.5/5;1.0/8,0.995,,,
1790814306.745,1790814300,Down,0.2/3;0.5/5;1.0/8,0.515,0.445,0.385,0.525
1790814331.465,1790814300,Up,0.2/3;0.5/5;1.0/8,0.655,0.605,0.74,0.585
1790814342.135,1790814300,Up,0.2/3;0.5/5;1.0/8,0.625,0.605,0.485,0.605
1790814387.207,1790814300,Up,0.2/3;0.5/5;1.0/8,0.485,0.455,0.555,0.445
1790814397.66,1790814300,Down,0.2/3;0.5/5;1.0/8,0.535,0.515,0.415,0.745
1790814513.5,1790814300,Down,0.2/3;0.5/5;1.0/8,0.725,0.4,,
1790814538.877,1790814300,Up,0.2/3;0.5/5;1.0/8,0.885,0.995,,
1790814554.549,1790814300,Up,0.2/3;0.5/5;1.0/8,0.995,0.995,,
1790814612.263,1790814600,Down,0.2/3;0.5/5;1.0/8,0.775,0.595,0.795,0.455
1790814623.39,1790814600,Down,0.2/3;0.5/5;1.0/8,0.665,0.645,0.755,0.605
1790814634.353,1790814600,Up,0.2/3;0.5/5;1.0/8,0.315,0.275,0.235,0.575
1790814645.813,1790814600,Up,0.2/3;0.5/5;1.0/8,0.325,0.245,0.465,0.555
1790814667.912,1790814600,Down,0.2/3;0.5/5;1.0/8,0.745,0.765,0.525,0.815
1790814698.349,1790814600,Up,0.2/3;0.5/5;1.0/8,0.545,0.485,0.495,0.185
1790814771.24,1790814600,Down,0.2/3;0.5/5;1.0/8,0.815,0.855,0.825,
1790814782.688,1790814600,Down,0.2/3;0.5/5;1.0/8,0.835,0.875,0.825,
1790814831.118,1790814600,Up,0.2/3;0.5/5;1.0/8,0.455,0.055,,
1790814843.25,1790814600,Up,0.2/3;0.5/5;1.0/8,0.325,0.015,,
1790814865.944,1790814600,Down,0.2/3;0.5/5;1.0/8,0.995,,,
1790814974.872,1790814900,Up,0.2/3;0.5/5;1.0/8,0.565,0.745,0.785,0.765
1790815004.617,1790814900,Up,0.2/3;0.5/5;1.0/8,0.845,0.785,0.785,0.755
1790815019.089,1790814900,Up,0.2/3;0.5/5;1.0/8,0.785,0.735,0.805,0.975
1790815035.215,1790814900,Down,0.2/3;0.5/5;1.0/8,0.265,0.215,0.235,0.015
1790815047.265,1790814900,Down,0.2/3;0.5/5;1.0/8,0.245,0.195,0.245,
1790815106.76,1790814900,Down,0.2/3;0.5/5;1.0/8,0.225,0.035,,
1790815132.932,1790814900,Up,0.2/3;0.5/5;1.0/8,0.955,0.995,,
1790815158.009,1790814900,Up,0.2/3;0.5/5;1.0/8,0.995,,,
1790815214.852,1790815200,Down,0.2/3;0.5/5;1.0/8,0.535,0.53,0.245,0.485
1790815244.885,1790815200,Up,0.2/3;0.5/5;1.0/8,0.565,0.755,0.615,0.755
1790815266.904,1790815200,Up,0.2/3;0.5/5;1.0/8,0.725,0.655,0.465,0.665
1790815288.784,1790815200,Up,0.2/3;0.5/5;1.0/8,0.675,0.485,0.625,0.715
1790815305.038,1790815200,Down,0.2/3;0.5/5;1.0/8,0.515,0.485,0.235,0.115
1790815355.662,1790815200,Up,0.2/3;0.5/5;1.0/8,0.835,0.655,0.825,0.995
1790815369.692,1790815200,Up,0.2/3;0.5/5;1.0/8,0.635,0.725,0.915,
1790815437.998,1790815200,Up,0.2/3;0.5/5;1.0/8,0.995,0.995,,
1790815459.322,1790815200,Up,0.2/3;0.5/5;1.0/8,0.995,,,
1790815470.955,1790815200,Up,0.2/3;0.5/5;1.0/8,0.995,,,
1790815509.201,1790815500,Up,0.2/3;0.5/5;1.0/8,0.595,0.655,0.255,0.125
1790815542.398,1790815500,Down,0.2/3;0.5/5;1.0/8,0.555,0.725,0.705,0.945
1790815552.441,1790815500,Down,0.2/3;0.5/5;1.0/8,0.745,0.785,0.715,0.955
1790815563.895,1790815500,Down,0.2/3;0.5/5;1.0/8,0.785,0.665,0.815,0.925
1790815575.289,1790815500,Down,0.2/3;0.5/5;1.0/8,0.705,0.665,0.895,0.925
1790815586.711,1790815500,Up,0.2/3;0.5/5;1.0/8,0.295,0.185,0.055,0.045
1790815611.157,1790815500,Up,0.2/3;0.5/5;1.0/8,0.145,0.095,0.045,0.025
1790815625.418,1790815500,Down,0.2/3;0.5/5;1.0/8,0.905,0.935,0.925,0.995
1790815641.463,1790815500,Down,0.2/3;0.5/5;1.0/8,0.935,0.955,0.945,0.995
1790815680.156,1790815500,Up,0.2/3;0.5/5;1.0/8,0.075,0.045,0.015,
1790815737.626,1790815500,Up,0.2/3;0.5/5;1.0/8,,,,
1790815820.007,1790815800,Down,0.2/3;0.5/5;1.0/8,0.545,0.725,0.775,0.645
1790815836.478,1790815800,Down,0.2/3;0.5/5;1.0/8,0.725,0.725,0.715,0.685
1790815881.675,1790815800,Down,0.2/3;0.5/5;1.0/8,0.715,0.665,0.645,0.645
1790815892.135,1790815800,Up,0.2/3;0.5/5;1.0/8,0.255,0.415,0.335,0.49
1790815909.501,1790815800,Up,0.2/3;0.5/5;1.0/8,0.395,0.365,0.475,0.065
1790815978.237,1790815800,Up,0.2/3;0.5/5;1.0/8,0.365,0.675,0.035,
1790815988.31,1790815800,Down,0.2/3;0.5/5;1.0/8,0.625,0.655,0.985,
1790816006.369,1790815800,Up,0.2/3;0.5/5;1.0/8,0.165,0.035,,
1790816018.851,1790815800,Down,0.2/3;0.5/5;1.0/8,0.965,0.985,0.995,
1790816104.155,1790816100,Up,0.2/3;0.5/5;1.0/8,0.545,0.685,0.775,0.835
1790816122.863,1790816100,Up,0.2/3;0.5/5;1.0/8,0.645,0.785,0.825,0.875
1790816148.487,1790816100,Up,0.2/3;0.5/5;1.0/8,0.775,0.875,0.795,0.895
1790816170.322,1790816100,Up,0.2/3;0.5/5;1.0/8,0.845,0.855,0.815,0.875
1790816286.328,1790816100,Down,0.2/3;0.5/5;1.0/8,0.095,0.035,,
1790816302.943,1790816100,Up,0.2/3;0.5/5;1.0/8,0.945,0.985,0.995,
1790816404.215,1790816400,Up,0.2/3;0.5/5;1.0/8,0.405,0.305,0.515,0.375
1790816416.645,1790816400,Up,0.2/3;0.5/5;1.0/8,0.305,0.375,0.295,0.695
1790816428.318,1790816400,Down,0.2/3;0.5/5;1.0/8,0.665,0.635,0.615,0.225
1790816438.49,1790816400,Up,0.2/3;0.5/5;1.0/8,0.395,0.515,0.345,0.765
1790816460.781,1790816400,Up,0.2/3;0.5/5;1.0/8,0.445,0.365,0.315,0.715
1790816475.979,1790816400,Down,0.2/3;0.5/5;1.0/8,0.635,0.655,0.305,0.035
1790816509.102,1790816400,Down,0.2/3;0.5/5;1.0/8,0.625,0.25,0.315,0.305
1790816522.662,1790816400,Up,0.2/3;0.5/5;1.0/8,0.735,0.765,0.765,0.055
1790816533.449,1790816400,Up,0.2/3;0.5/5;1.0/8,0.775,0.815,0.9,0.5
1790816543.804,1790816400,Up,0.2/3;0.5/5;1.0/8,0.765,0.735,0.975,0.405
1790816566.848,1790816400,Down,0.2/3;0.5/5;1.0/8,0.24,0.035,0.255,0.025
1790816579.056,1790816400,Down,0.2/3;0.5/5;1.0/8,0.055,0.155,0.885,
1790816593.369,1790816400,Up,0.2/3;0.5/5;1.0/8,0.845,0.715,0.485,
1790816604.459,1790816400,Down,0.2/3;0.5/5;1.0/8,0.265,0.285,0.605,
1790816628.023,1790816400,Down,0.2/3;0.5/5;1.0/8,0.955,0.205,,
1790816638.32,1790816400,Down,0.2/3;0.5/5;1.0/8,0.515,0.245,,
1790816650.215,1790816400,Up,0.2/3;0.5/5;1.0/8,0.595,0.855,,
1790816661.759,1790816400,Down,0.2/3;0.5/5;1.0/8,0.315,,,
1790816723.242,1790816700,Up,0.2/3;0.5/5;1.0/8,0.505,0.845,0.855,0.965
1790816738.309,1790816700,Down,0.2/3;0.5/5;1.0/8,0.155,0.155,0.125,0.035
1790816751.426,1790816700,Up,0.2/3;0.5/5;1.0/8,0.855,0.855,0.925,0.975
1790816832.121,1790816700,Up,0.2/3;0.5/5;1.0/8,0.975,0.965,0.9795,0.9995
1790816852.311,1790816700,Down,0.2/3;0.5/5;1.0/8,0.035,0.0215,0.0105,
1790816872.816,1790816700,Down,0.2/3;0.5/5;1.0/8,0.0215,0.0185,,
1790816895.646,1790816700,Down,0.2/3;0.5/5;1.0/8,0.0135,0.0015,,
1790816911.361,1790816700,Down,0.2/3;0.5/5;1.0/8,0.002,,,
1790816944.917,1790816700,Up,0.2/3;0.5/5;1.0/8,0.9995,0.9995,,
1790817012.164,1790817000,Down,0.2/3;0.5/5;1.0/8,0.635,0.685,0.735,0.795
1790817039.67,1790817000,Down,0.2/3;0.5/5;1.0/8,0.695,0.745,0.895,0.695
1790817072.981,1790817000,Down,0.2/3;0.5/5;1.0/8,0.845,0.915,0.795,0.225
1790817097.101,1790817000,Down,0.2/3;0.5/5;1.0/8,0.765,0.775,0.665,0.475
1790817108.769,1790817000,Up,0.2/3;0.5/5;1.0/8,0.185,0.205,0.215,0.645
1790817125.298,1790817000,Up,0.2/3;0.5/5;1.0/8,0.205,0.185,0.445,0.715
1790817156.07,1790817000,Up,0.2/3;0.5/5;1.0/8,0.235,0.445,0.545,0.975
1790817182.336,1790817000,Up,0.2/3;0.5/5;1.0/8,0.845,0.785,0.735,
1790817238.609,1790817000,Up,0.2/3;0.5/5;1.0/8,0.935,0.965,,
1790817249.443,1790817000,Up,0.2/3;0.5/5;1.0/8,0.935,0.965,,
1790817302.39,1790817300,Down,0.2/3;0.5/5;1.0/8,0.865,0.905,0.505,0.615
1790817328.437,1790817300,Down,0.2/3;0.5/5;1.0/8,0.745,0.585,0.685,0.395
1790817341.384,1790817300,Up,0.2/3;0.5/5;1.0/8,0.225,0.445,0.375,0.675
1790817357.163,1790817300,Up,0.2/3;0.5/5;1.0/8,0.405,0.315,0.285,0.895
1790817378.85,1790817300,Down,0.2/3;0.5/5;1.0/8,0.635,0.685,0.505,0.095
1790817389.967,1790817300,Down,0.2/3;0.5/5;1.0/8,0.655,0.615,0.39,0.095
1790817427.292,1790817300,Up,0.2/3;0.5/5;1.0/8,0.625,0.665,0.915,0.985
1790817455.366,1790817300,Up,0.2/3;0.5/5;1.0/8,0.735,0.875,0.975,0.995
1790817467.605,1790817300,Up,0.2/3;0.5/5;1.0/8,0.835,0.925,0.915,
1790817478.706,1790817300,Down,0.2/3;0.5/5;1.0/8,0.075,0.115,0.035,
1790817512.168,1790817300,Up,0.2/3;0.5/5;1.0/8,0.915,0.975,0.995,
1790817526.219,1790817300,Down,0.2/3;0.5/5;1.0/8,0.025,,,
1790817557.223,1790817300,Up,0.2/3;0.5/5;1.0/8,0.995,,,
1790817605.033,1790817600,Up,0.2/3;0.5/5;1.0/8,0.555,0.595,0.745,0.395
1790817618.2,1790817600,Down,0.2/3;0.5/5;1.0/8,0.415,0.305,0.185,0.645
1790817651.082,1790817600,Up,0.2/3;0.5/5;1.0/8,0.745,0.825,0.475,0.205
1790817662.444,1790817600,Up,0.2/3;0.5/5;1.0/8,0.81,0.735,0.495,0.385
1790817681.896,1790817600,Down,0.2/3;0.5/5;1.0/8,0.345,0.475,0.665,0.295
1790817694.086,1790817600,Down,0.2/3;0.5/5;1.0/8,0.475,0.535,0.735,0.285
1790817728.243,1790817600,Down,0.2/3;0.5/5;1.0/8,0.725,0.775,0.525,0.015
1790817739.948,1790817600,Down,0.2/3;0.5/5;1.0/8,0.765,0.775,0.37,
1790817779.99,1790817600,Up,0.2/3;0.5/5;1.0/8,0.57,0.565,0.955,
1790817793.268,1790817600,Up,0.2/3;0.5/5;1.0/8,0.615,0.885,0.985,
1790817826.321,1790817600,Up,0.2/3;0.5/5;1.0/8,0.975,0.995,0.995,
1790817843.243,1790817600,Up,0.2/3;0.5/5;1.0/8,0.995,0.995,,
1790817998.435,1790817900,Up,0.2/3;0.5/5;1.0/8,0.215,0.395,0.285,0.035
1790818057.87,1790817900,Down,0.2/3;0.5/5;1.0/8,0.805,0.915,0.965,0.995
1790818080.34,1790817900,Down,0.2/3;0.5/5;1.0/8,0.895,0.955,0.985,
1790818208.419,1790818200,Down,0.2/3;0.5/5;1.0/8,0.775,0.895,0.985,0.985
1790818227.171,1790818200,Down,0.2/3;0.5/5;1.0/8,0.925,0.945,0.985,0.9795
1790818239.831,1790818200,Down,0.2/3;0.5/5;1.0/8,0.915,0.985,0.985,0.9615
1790818255.974,1790818200,Down,0.2/3;0.5/5;1.0/8,0.985,0.985,0.985,0.983
1790818266.382,1790818200,Down,0.2/3;0.5/5;1.0/8,0.985,0.985,0.985,0.9835
1790818280.242,1790818200,Down,0.2/3;0.5/5;1.0/8,0.985,0.985,0.9795,0.9605
1790818305.533,1790818200,Up,0.2/3;0.5/5;1.0/8,0.015,0.017,0.0315,0.0035
1790818327.696,1790818200,Up,0.2/3;0.5/5;1.0/8,0.0205,0.0395,0.015,
1790818351.59,1790818200,Up,0.2/3;0.5/5;1.0/8,0.0295,0.0205,0.014,
1790818371.66,1790818200,Down,0.2/3;0.5/5;1.0/8,0.9855,0.9655,0.9995,
1790818382.789,1790818200,Up,0.2/3;0.5/5;1.0/8,0.0345,0.0055,,
1790818417.34,1790818200,Down,0.2/3;0.5/5;1.0/8,0.9995,0.9995,0.9995,
1790818516.048,1790818500,Down,0.2/3;0.5/5;1.0/8,0.765,0.825,0.865,0.945
1790818533.023,1790818500,Down,0.2/3;0.5/5;1.0/8,0.825,0.795,0.855,0.965
1790818601.771,1790818500,Down,0.2/3;0.5/5;1.0/8,0.945,0.945,0.985,0.695
1790818658.467,1790818500,Down,0.2/3;0.5/5;1.0/8,0.935,0.985,0.89,0.995
1790818668.476,1790818500,Up,0.2/3;0.5/5;1.0/8,0.015,0.065,0.355,
1790818683.333,1790818500,Down,0.2/3;0.5/5;1.0/8,0.935,0.935,0.815,
1790818693.83,1790818500,Up,0.2/3;0.5/5;1.0/8,0.095,0.39,0.065,
1790818718.073,1790818500,Up,0.2/3;0.5/5;1.0/8,0.315,0.155,,
1790818770.568,1790818500,Up,0.2/3;0.5/5;1.0/8,,,,
1790818803.496,1790818800,Up,0.2/3;0.5/5;1.0/8,0.635,0.745,0.725,0.425
1790818829.638,1790818800,Up,0.2/3;0.5/5;1.0/8,0.775,0.835,0.545,0.765
1790818859.343,1790818800,Up,0.2/3;0.5/5;1.0/8,0.665,0.545,0.425,0.945
1790818875.096,1790818800,Down,0.2/3;0.5/5;1.0/8,0.455,0.525,0.465,0.035
1790818891.678,1790818800,Down,0.2/3;0.5/5;1.0/8,0.545,0.575,0.235,0.015
1790818906.668,1790818800,Down,0.2/3;0.5/5;1.0/8,0.575,0.475,0.085,
1790818940.901,1790818800,Up,0.2/3;0.5/5;1.0/8,0.855,0.915,0.965,0.995
1790818953.969,1790818800,Up,0.2/3;0.5/5;1.0/8,0.895,0.935,0.985,0.9995
1790818963.988,1790818800,Up,0.2/3;0.5/5;1.0/8,0.945,0.955,0.995,0.9995
1790818986.114,1790818800,Up,0.2/3;0.5/5;1.0/8,0.965,0.995,0.995,
1790819003.09,1790818800,Up,0.2/3;0.5/5;1.0/8,0.995,0.995,0.9995,
1790819016.562,1790818800,Up,0.2/3;0.5/5;1.0/8,0.995,0.995,0.9995,
1790819059.437,1790818800,Down,0.2/3;0.5/5;1.0/8,,,,
1790819113.803,1790819100,Up,0.2/3;0.5/5;1.0/8,0.59,0.305,0.165,0.075
1790819130.806,1790819100,Down,0.2/3;0.5/5;1.0/8,0.685,0.805,0.865,0.975
1790819148.112,1790819100,Down,0.2/3;0.5/5;1.0/8,0.835,0.835,0.875,0.935
1790819162.326,1790819100,Down,0.2/3;0.5/5;1.0/8,0.835,0.865,0.905,0.975
1790819208.628,1790819100,Down,0.2/3;0.5/5;1.0/8,0.895,0.925,0.945,0.995
1790819250.01,1790819100,Down,0.2/3;0.5/5;1.0/8,0.935,0.975,0.975,0.995
1790819260.724,1790819100,Up,0.2/3;0.5/5;1.0/8,0.035,0.025,0.015,
1790819341.096,1790819100,Down,0.2/3;0.5/5;1.0/8,0.995,0.995,,
1790819353.104,1790819100,Up,0.2/3;0.5/5;1.0/8,,,,
1790819363.901,1790819100,Up,0.2/3;0.5/5;1.0/8,,,,
1790819404.59,1790819400,Up,0.2/3;0.5/5;1.0/8,0.635,0.695,0.535,0.835
1790819416.908,1790819400,Up,0.2/3;0.5/5;1.0/8,0.675,0.735,0.515,0.775
1790819438.89,1790819400,Up,0.2/3;0.5/5;1.0/8,0.735,0.535,0.725,0.315
1790819462.771,1790819400,Down,0.2/3;0.5/5;1.0/8,0.485,0.285,0.175,0.735
1790819499.007,1790819400,Up,0.2/3;0.5/5;1.0/8,0.835,0.835,0.315,0.195
1790819541.209,1790819400,Down,0.2/3;0.5/5;1.0/8,0.645,0.635,0.895,0.935
1790819562.496,1790819400,Up,0.2/3;0.5/5;1.0/8,0.375,0.085,0.185,
1790819583.796,1790819400,Down,0.2/3;0.5/5;1.0/8,0.915,0.705,0.915,
1790819612.865,1790819400,Up,0.2/3;0.5/5;1.0/8,0.155,0.095,0.015,
1790819636.759,1790819400,Up,0.2/3;0.5/5;1.0/8,0.065,0.045,,
1790819704.352,1790819700,Down,0.2/3;0.5/5;1.0/8,0.605,0.655,0.325,0.395
1790819745.761,1790819700,Up,0.2/3;0.5/5;1.0/8,0.715,0.715,0.765,0.365
1790819759.178,1790819700,Up,0.2/3;0.5/5;1.0/8,0.695,0.725,0.645,0.365
1790819795.311,1790819700,Up,0.2/3;0.5/5;1.0/8,0.715,0.605,0.615,0.305
1790819817.144,1790819700,Down,0.2/3;0.5/5;1.0/8,0.485,0.355,0.615,0.75
1790819829.894,1790819700,Down,0.2/3;0.5/5;1.0/8,0.355,0.485,0.775,0.935
1790819862.488,1790819700,Down,0.2/3;0.5/5;1.0/8,0.625,0.785,0.775,0.995
1790819883.258,1790819700,Down,0.2/3;0.5/5;1.0/8,0.795,0.665,0.905,
1790820011.444,1790820000,Up,0.2/3;0.5/5;1.0/8,0.735,0.815,0.825,0.735
1790820033.033,1790820000,Up,0.2/3;0.5/5;1.0/8,0.735,0.805,0.855,0.665
1790820049.499,1790820000,Down,0.2/3;0.5/5;1.0/8,0.205,0.125,0.155,0.475
1790820077.524,1790820000,Up,0.2/3;0.5/5;1.0/8,0.845,0.845,0.695,0.685
1790820111.689,1790820000,Down,0.2/3;0.5/5;1.0/8,0.295,0.285,0.485,0.625
1790820122.393,1790820000,Down,0.2/3;0.5/5;1.0/8,0.305,0.335,0.295,0.465
1790820149.828,1790820000,Down,0.2/3;0.5/5;1.0/8,0.385,0.37,0.535,0.255
1790820165.243,1790820000,Down,0.2/3;0.5/5;1.0/8,0.36,0.245,0.575,0.525
1790820213.521,1790820000,Down,0.2/3;0.5/5;1.0/8,0.635,0.505,0.215,
1790820248.546,1790820000,Down,0.2/3;0.5/5;1.0/8,0.055,0.745,,
1790820259.686,1790820000,Up,0.2/3;0.5/5;1.0/8,0.165,,,
1790820269.818,1790820000,Down,0.2/3;0.5/5;1.0/8,0.625,,,
1790820316.931,1790820300,Up,0.2/3;0.5/5;1.0/8,0.625,0.815,0.695,0.75
1790820329.014,1790820300,Down,0.2/3;0.5/5;1.0/8,0.175,0.285,0.285,0.345
1790820350.695,1790820300,Down,0.2/3;0.5/5;1.0/8,0.305,0.315,0.135,0.185
1790820386.568,1790820300,Down,0.2/3;0.5/5;1.0/8,0.125,0.155,0.385,
1790820398.949,1790820300,Up,0.2/3;0.5/5;1.0/8,0.845,0.845,0.845,0.995
1790820411.662,1790820300,Down,0.2/3;0.5/5;1.0/8,0.155,0.315,0.185,
1790820434.895,1790820300,Down,0.2/3;0.5/5;1.0/8,0.355,0.26,,
1790820449.793,1790820300,Down,0.2/3;0.5/5;1.0/8,0.215,0.105,,
1790820477.251,1790820300,Up,0.2/3;0.5/5;1.0/8,0.985,0.995,0.995,
1790820490.319,1790820300,Up,0.2/3;0.5/5;1.0/8,0.995,0.995,0.995,
1790820503.408,1790820300,Up,0.2/3;0.5/5;1.0/8,0.995,0.995,0.995,
1790820513.454,1790820300,Up,0.2/3;0.5/5;1.0/8,0.995,0.995,0.995,
1790820526.515,1790820300,Up,0.2/3;0.5/5;1.0/8,0.995,0.995,0.995,
1790820549.002,1790820300,Down,0.2/3;0.5/5;1.0/8,,,,
1790820604.729,1790820600,Down,0.2/3;0.5/5;1.0/8,0.575,0.405,0.575,0.155
1790820632.171,1790820600,Up,0.2/3;0.5/5;1.0/8,0.515,0.435,0.545,0.755
1790820647.275,1790820600,Down,0.2/3;0.5/5;1.0/8,0.565,0.435,0.405,0.205
1790820660.838,1790820600,Down,0.2/3;0.5/5;1.0/8,0.575,0.435,0.185,0.42
1790820676.939,1790820600,Up,0.2/3;0.5/5;1.0/8,0.545,0.605,0.795,0.745
1790820694.198,1790820600,Up,0.2/3;0.5/5;1.0/8,0.615,0.835,0.775,0.825
1790820713.175,1790820600,Up,0.2/3;0.5/5;1.0/8,0.845,0.835,0.625,0.515
1790820750.717,1790820600,Down,0.2/3;0.5/5;1.0/8,0.215,0.385,0.135,0.985
1790820770.458,1790820600,Down,0.2/3;0.5/5;1.0/8,0.245,0.215,0.545,
1790820780.786,1790820600,Down,0.2/3;0.5/5;1.0/8,0.175,0.135,0.535,
1790820792.996,1790820600,Up,0.2/3;0.5/5;1.0/8,0.835,0.785,0.365,
1790820825.099,1790820600,Down,0.2/3;0.5/5;1.0/8,0.545,0.605,0.995,
1790820857.103,1790820600,Down,0.2/3;0.5/5;1.0/8,0.985,,,
1790820867.809,1790820600,Down,0.2/3;0.5/5;1.0/8,0.995,,,
1790820907.962,1790820900,Down,0.2/3;0.5/5;1.0/8,0.685,0.775,0.785,0.89
1790820930.305,1790820900,Down,0.2/3;0.5/5;1.0/8,0.775,0.795,0.815,0.935
1790820974.971,1790820900,Up,0.2/3;0.5/5;1.0/8,0.185,0.125,0.085,0.025
1790820990.871,1790820900,Down,0.2/3;0.5/5;1.0/8,0.875,0.855,0.815,0.995
1790821039.459,1790820900,Down,0.2/3;0.5/5;1.0/8,0.795,0.875,0.985,0.995
1790821050.062,1790820900,Up,0.2/3;0.5/5;1.0/8,0.225,0.065,,
1790821073.986,1790820900,Down,0.2/3;0.5/5;1.0/8,0.955,0.995,0.995,
1790821091.345,1790820900,Down,0.2/3;0.5/5;1.0/8,0.995,0.995,0.995,
1790821118.581,1790820900,Down,0.2/3;0.5/5;1.0/8,0.995,0.995,0.995,
1790821132.617,1790820900,Down,0.2/3;0.5/5;1.0/8,0.995,0.995,,
1790821157.008,1790820900,Down,0.2/3;0.5/5;1.0/8,0.995,,,
1790821204.799,1790821200,Down,0.2/3;0.5/5;1.0/8,0.705,0.805,0.705,0.835
1790821214.908,1790821200,Down,0.2/3;0.5/5;1.0/8,0.775,0.705,0.765,0.555
1790821224.926,1790821200,Down,0.2/3;0.5/5;1.0/8,0.645,0.675,0.815,0.355
1790821236.983,1790821200,Up,0.2/3;0.5/5;1.0/8,0.335,0.225,0.115,0.565
1790821267.803,1790821200,Down,0.2/3;0.5/5;1.0/8,0.805,0.905,0.715,0.795
1790821295.977,1790821200,Down,0.2/3;0.5/5;1.0/8,0.905,0.775,0.425,0.755
1790821323.188,1790821200,Up,0.2/3;0.5/5;1.0/8,0.575,0.535,0.155,0.555
1790821335.811,1790821200,Up,0.2/3;0.5/5;1.0/8,0.565,0.465,0.485,0.905
1790821357.926,1790821200,Down,0.2/3;0.5/5;1.0/8,0.775,0.77,0.765,0.035
1790821368.362,1790821200,Down,0.2/3;0.5/5;1.0/8,0.845,0.565,0.395,
1790821390.318,1790821200,Up,0.2/3;0.5/5;1.0/8,0.275,0.125,0.885,
1790821402.825,1790821200,Down,0.2/3;0.5/5;1.0/8,0.765,0.475,0.065,
1790821419.74,1790821200,Down,0.2/3;0.5/5;1.0/8,0.525,0.175,0.015,
1790821431.074,1790821200,Down,0.2/3;0.5/5;1.0/8,0.205,0.055,,
1790821445.397,1790821200,Up,0.2/3;0.5/5;1.0/8,0.945,0.985,,
1790821506.302,1790821500,Down,0.2/3;0.5/5;1.0/8,0.755,0.775,0.885,0.96
1790821533.774,1790821500,Down,0.2/3;0.5/5;1.0/8,0.865,0.885,0.925,0.965
1790821548.386,1790821500,Down,0.2/3;0.5/5;1.0/8,0.885,0.895,0.935,0.965
1790821593.825,1790821500,Down,0.2/3;0.5/5;1.0/8,0.935,0.965,0.965,0.9885
1790821622.799,1790821500,Down,0.2/3;0.5/5;1.0/8,0.965,0.965,0.995,0.9615
1790821650.44,1790821500,Up,0.2/3;0.5/5;1.0/8,0.035,,0.007,
1790821671.617,1790821500,Down,0.2/3;0.5/5;1.0/8,0.995,0.965,0.977,
1790821688.201,1790821500,Up,0.2/3;0.5/5;1.0/8,0.035,0.0095,0.0655,
1790821699.712,1790821500,Up,0.2/3;0.5/5;1.0/8,0.0125,0.0255,0.035,
1790821710.588,1790821500,Up,0.2/3;0.5/5;1.0/8,0.0245,0.0365,,
1790821725.299,1790821500,Up,0.2/3;0.5/5;1.0/8,0.043,0.0555,,
1790821737.05,1790821500,Up,0.2/3;0.5/5;1.0/8,0.0455,0.0045,,
1790821754.159,1790821500,Up,0.2/3;0.5/5;1.0/8,0.003,,,
1790821806.722,1790821800,Up,0.2/3;0.5/5;1.0/8,0.765,0.895,0.715,0.815
1790821826.075,1790821800,Up,0.2/3;0.5/5;1.0/8,0.895,0.785,0.735,0.835
1790821848.794,1790821800,Down,0.2/3;0.5/5;1.0/8,0.255,0.265,0.275,0.025
1790821859.452,1790821800,Down,0.2/3;0.5/5;1.0/8,0.285,0.275,0.215,0.035
1790821893.243,1790821800,Down,0.2/3;0.5/5;1.0/8,0.275,0.225,0.045,
1790821911.81,1790821800,Up,0.2/3;0.5/5;1.0/8,0.815,0.835,0.975,0.985
1790821947.753,1790821800,Up,0.2/3;0.5/5;1.0/8,0.955,0.965,0.985,0.9985
1790821976.328,1790821800,Down,0.2/3;0.5/5;1.0/8,0.025,0.015,,
1790822013.045,1790821800,Down,0.2/3;0.5/5;1.0/8,0.015,,,
1790822039.882,1790821800,Down,0.2/3;0.5/5;1.0/8,,,,
1790822053.402,1790821800,Down,0.2/3;0.5/5;1.0/8,,,,
1790822063.403,1790821800,Down,0.2/3;0.5/5;1.0/8,,,,
1790822102.928,1790822100,Up,0.2/3;0.5/5;1.0/8,0.645,0.575,0.475,0.125
1790822135.203,1790822100,Down,0.2/3;0.5/5;1.0/8,0.455,0.555,0.815,0.955
1790822158.771,1790822100,Down,0.2/3;0.5/5;1.0/8,0.745,0.815,0.825,0.985
1790822169.52,1790822100,Down,0.2/3;0.5/5;1.0/8,0.805,0.815,0.855,0.995
1790822222.528,1790822100,Down,0.2/3;0.5/5;1.0/8,0.865,0.955,0.985,0.995
1790822249.21,1790822100,Down,0.2/3;0.5/5;1.0/8,0.955,0.985,0.995,0.995
1790822282.521,1790822100,Down,0.2/3;0.5/5;1.0/8,0.995,0.995,0.995,
1790822305.574,1790822100,Up,0.2/3;0.5/5;1.0/8,,,,
1790822320.11,1790822100,Down,0.2/3;0.5/5;1.0/8,0.995,0.995,0.995,
1790822335.205,1790822100,Down,0.2/3;0.5/5;1.0/8,0.995,0.995,,
1790822348.348,1790822100,Down,0.2/3;0.5/5;1.0/8,0.995,0.995,,
1790822360.092,1790822100,Down,0.2/3;0.5/5;1.0/8,0.995,,,
1790822441.532,1790822400,Down,0.2/3;0.5/5;1.0/8,0.315,0.295,0.335,0.235
1790822491.812,1790822400,Up,0.2/3;0.5/5;1.0/8,0.585,0.585,0.77,0.735
1790822505.046,1790822400,Down,0.2/3;0.5/5;1.0/8,0.405,0.415,0.235,0.075
1790822535.671,1790822400,Down,0.2/3;0.5/5;1.0/8,0.215,0.225,0.165,0.065
1790822548.254,1790822400,Up,0.2/3;0.5/5;1.0/8,0.765,0.785,0.795,0.985
1790822608.904,1790822400,Down,0.2/3;0.5/5;1.0/8,0.085,0.135,0.015,
1790822661.635,1790822400,Down,0.2/3;0.5/5;1.0/8,,,,
1790822715.615,1790822700,Down,0.2/3;0.5/5;1.0/8,0.605,0.685,0.635,0.825
1790822883.337,1790822700,Up,0.2/3;0.5/5;1.0/8,0.555,0.135,0.015,
1790822893.37,1790822700,Up,0.2/3;0.5/5;1.0/8,0.515,0.055,,
1790822911.046,1790822700,Down,0.2/3;0.5/5;1.0/8,0.945,0.985,0.995,
1790822924.502,1790822700,Down,0.2/3;0.5/5;1.0/8,0.985,0.995,0.995,
1790822964.721,1790822700,Down,0.2/3;0.5/5;1.0/8,0.995,,,
1790823004.058,1790823000,Up,0.2/3;0.5/5;1.0/8,0.675,0.775,0.695,0.805
1790823015.254,1790823000,Up,0.2/3;0.5/5;1.0/8,0.725,0.765,0.685,0.915
1790823032.28,1790823000,Up,0.2/3;0.5/5;1.0/8,0.745,0.695,0.845,0.915
1790823059.901,1790823000,Down,0.2/3;0.5/5;1.0/8,0.315,0.185,0.185,0.035
1790823071.827,1790823000,Down,0.2/3;0.5/5;1.0/8,0.185,0.195,0.095,0.015
1790823084.88,1790823000,Up,0.2/3;0.5/5;1.0/8,0.815,0.785,0.935,0.995
1790823096.09,1790823000,Up,0.2/3;0.5/5;1.0/8,0.795,0.815,0.925,0.995
1790823110.922,1790823000,Down,0.2/3;0.5/5;1.0/8,0.185,0.075,0.035,
1790823129.748,1790823000,Up,0.2/3;0.5/5;1.0/8,0.935,0.925,0.975,0.9995
1790823169.917,1790823000,Up,0.2/3;0.5/5;1.0/8,0.975,0.995,0.9995,
1790823190.923,1790823000,Up,0.2/3;0.5/5;1.0/8,0.995,0.9995,0.9995,
1790823218.925,1790823000,Up,0.2/3;0.5/5;1.0/8,0.9995,0.9995,0.9995,
1790823256.279,1790823000,Down,0.2/3;0.5/5;1.0/8,,,,
1790823333.794,1790823300,Up,0.2/3;0.5/5;1.0/8,0.465,0.445,0.585,0.865
1790823357.58,1790823300,Down,0.2/3;0.5/5;1.0/8,0.525,0.445,0.205,0.075
1790823374.383,1790823300,Up,0.2/3;0.5/5;1.0/8,0.54,0.765,0.835,0.825
1790823399.36,1790823300,Up,0.2/3;0.5/5;1.0/8,0.775,0.785,0.895,0.915
1790823455.467,1790823300,Up,0.2/3;0.5/5;1.0/8,0.915,0.625,0.915,0.995
1790823481.784,1790823300,Down,0.2/3;0.5/5;1.0/8,0.135,0.095,0.015,
1790823520.207,1790823300,Up,0.2/3;0.5/5;1.0/8,0.955,0.985,0.995,
1790823564.316,1790823300,Down,0.2/3;0.5/5;1.0/8,,,,
1790823642.45,1790823600,Up,0.2/3;0.5/5;1.0/8,0.575,0.715,0.625,0.385
1790823654.809,1790823600,Up,0.2/3;0.5/5;1.0/8,0.555,0.645,0.615,0.385
1790823671.711,1790823600,Up,0.2/3;0.5/5;1.0/8,0.655,0.605,0.655,0.225
1790823687.429,1790823600,Down,0.2/3;0.5/5;1.0/8,0.375,0.385,0.645,0.815
1790823736.553,1790823600,Down,0.2/3;0.5/5;1.0/8,0.605,0.625,0.785,0.995
1790823789.099,1790823600,Down,0.2/3;0.5/5;1.0/8,0.795,0.845,0.995,
1790823835.038,1790823600,Down,0.2/3;0.5/5;1.0/8,0.995,0.995,,
1790823845.865,1790823600,Up,0.2/3;0.5/5;1.0/8,,,,
1790823860.728,1790823600,Down,0.2/3;0.5/5;1.0/8,0.995,,,
1790823922.368,1790823900,Up,0.2/3;0.5/5;1.0/8,0.495,0.585,0.295,0.485
1790823949.78,1790823900,Up,0.2/3;0.5/5;1.0/8,0.385,0.295,0.135,0.325
1790823960.407,1790823900,Down,0.2/3;0.5/5;1.0/8,0.675,0.715,0.865,0.645
1790823977.681,1790823900,Down,0.2/3;0.5/5;1.0/8,0.715,0.865,0.475,0.625
1790824001.372,1790823900,Down,0.2/3;0.5/5;1.0/8,0.875,0.485,0.605,0.345
1790824022.266,1790823900,Up,0.2/3;0.5/5;1.0/8,0.525,0.575,0.355,0.175
1790824047.573,1790823900,Up,0.2/3;0.5/5;1.0/8,0.395,0.395,0.335,0.965
1790824060.965,1790823900,Down,0.2/3;0.5/5;1.0/8,0.625,0.655,0.345,
1790824118.421,1790823900,Up,0.2/3;0.5/5;1.0/8,0.685,0.745,0.975,
1790824141.432,1790823900,Down,0.2/3;0.5/5;1.0/8,0.115,0.015,,
1790824170.021,1790823900,Up,0.2/3;0.5/5;1.0/8,0.995,,,
1790824205.759,1790824200,Up,0.2/3;0.5/5;1.0/8,0.655,0.595,0.835,0.745
1790824239.199,1790824200,Up,0.2/3;0.5/5;1.0/8,0.725,0.825,0.855,0.765
1790824260.711,1790824200,Up,0.2/3;0.5/5;1.0/8,0.845,0.865,0.775,0.805
1790824279.615,1790824200,Up,0.2/3;0.5/5;1.0/8,0.875,0.835,0.815,0.615
1790824309.784,1790824200,Down,0.2/3;0.5/5;1.0/8,0.255,0.185,0.135,0.215
1790824538.078,1790824500,Up,0.2/3;0.5/5;1.0/8,0.505,0.375,0.725,0.875
1790824585.152,1790824500,Up,0.2/3;0.5/5;1.0/8,0.725,0.765,0.835,0.275
1790824624.176,1790824500,Up,0.2/3;0.5/5;1.0/8,0.815,0.875,0.575,0.125
1790824664.416,1790824500,Up,0.2/3;0.5/5;1.0/8,0.725,0.245,0.245,
1790824674.818,1790824500,Down,0.2/3;0.5/5;1.0/8,0.475,0.725,0.825,
1790824685.895,1790824500,Down,0.2/3;0.5/5;1.0/8,0.685,0.305,0.915,
1790824711.033,1790824500,Up,0.2/3;0.5/5;1.0/8,0.175,0.12,0.045,
1790824724.782,1790824500,Down,0.2/3;0.5/5;1.0/8,0.775,0.715,0.995,
1790824846.673,1790824800,Down,0.2/3;0.5/5;1.0/8,0.795,0.825,0.885,0.945
1790824856.995,1790824800,Down,0.2/3;0.5/5;1.0/8,0.765,0.845,0.905,0.945
1790824875.406,1790824800,Down,0.2/3;0.5/5;1.0/8,0.845,0.885,0.905,0.965
1790824893.583,1790824800,Down,0.2/3;0.5/5;1.0/8,0.905,0.865,0.895,0.895
1790824996.207,1790824800,Up,0.2/3;0.5/5;1.0/8,0.115,0.17,,
1790825024.8,1790824800,Up,0.2/3;0.5/5;1.0/8,0.095,,,
1790825053.944,1790824800,Down,0.2/3;0.5/5;1.0/8,0.995,0.995,,
1790825162.765,1790825100,Up,0.2/3;0.5/5;1.0/8,0.565,0.625,0.925,0.965
1790825195.126,1790825100,Up,0.2/3;0.5/5;1.0/8,0.795,0.945,0.975,0.995
1790825214.936,1790825100,Up,0.2/3;0.5/5;1.0/8,0.955,0.985,0.935,0.995
1790825241.546,1790825100,Up,0.2/3;0.5/5;1.0/8,0.975,0.925,0.995,0.995
1790825267.552,1790825100,Down,0.2/3;0.5/5;1.0/8,0.035,,,
1790825350.472,1790825100,Up,0.2/3;0.5/5;1.0/8,0.995,0.995,,
1790825366.996,1790825100,Up,0.2/3;0.5/5;1.0/8,0.995,,,
1790825444.156,1790825400,Down,0.2/3;0.5/5;1.0/8,0.785,0.885,0.935,0.765
1790825460.795,1790825400,Down,0.2/3;0.5/5;1.0/8,0.885,0.885,0.965,0.835
1790825506.473,1790825400,Down,0.2/3;0.5/5;1.0/8,0.965,0.845,0.785,0.265
1790825528.456,1790825400,Up,0.2/3;0.5/5;1.0/8,0.195,0.085,0.295,0.635
1790825541.122,1790825400,Up,0.2/3;0.5/5;1.0/8,0.125,0.195,0.245,0.255
1790825586.57,1790825400,Up,0.2/3;0.5/5;1.0/8,0.245,0.205,0.575,
1790825618.355,1790825400,Up,0.2/3;0.5/5;1.0/8,0.735,0.635,0.945,
1790825657.662,1790825400,Down,0.2/3;0.5/5;1.0/8,0.045,,,
1790825734.044,1790825700,Up,0.2/3;0.5/5;1.0/8,0.525,0.635,0.645,0.975
1790825751.428,1790825700,Down,0.2/3;0.5/5;1.0/8,0.365,0.395,0.125,0.035
1790825799.493,1790825700,Up,0.2/3;0.5/5;1.0/8,0.885,0.935,0.975,0.995
1790825810.298,1790825700,Up,0.2/3;0.5/5;1.0/8,0.935,0.935,0.965,0.995
1790825820.306,1790825700,Up,0.2/3;0.5/5;1.0/8,0.945,0.975,0.945,0.995
1790825846.024,1790825700,Up,0.2/3;0.5/5;1.0/8,0.965,0.945,0.995,0.995
1790825875.019,1790825700,Down,0.2/3;0.5/5;1.0/8,0.035,,,
1790825888.78,1790825700,Down,0.2/3;0.5/5;1.0/8,,,,
1790825953.417,1790825700,Up,0.2/3;0.5/5;1.0/8,0.995,0.995,,
1790826084.006,1790826000,Up,0.2/3;0.5/5;1.0/8,0.665,0.795,0.915,0.995
1790826096.231,1790826000,Down,0.2/3;0.5/5;1.0/8,0.265,0.135,0.035,
1790826124.722,1790826000,Up,0.2/3;0.5/5;1.0/8,0.905,0.945,0.995,0.995
1790826140.951,1790826000,Up,0.2/3;0.5/5;1.0/8,0.965,0.975,0.995,0.9995
1790826155.586,1790826000,Up,0.2/3;0.5/5;1.0/8,0.975,0.995,0.995,0.9995
1790826181.942,1790826000,Up,0.2/3;0.5/5;1.0/8,0.995,0.995,0.995,
1790826199.386,1790826000,Up,0.2/3;0.5/5;1.0/8,0.995,0.995,0.9995,
1790826210.128,1790826000,Down,0.2/3;0.5/5;1.0/8,,,,
1790826222.148,1790826000,Up,0.2/3;0.5/5;1.0/8,0.995,0.995,0.9995,
1790826243.195,1790826000,Up,0.2/3;0.5/5;1.0/8,0.995,0.9995,,
1790826255.628,1790826000,Up,0.2/3;0.5/5;1.0/8,0.9995,0.9995,,
1790826266.091,1790826000,Down,0.2/3;0.5/5;1.0/8,,,,
1790826310.085,1790826300,Up,0.2/3;0.5/5;1.0/8,0.365,0.305,0.235,0.175
1790826322.854,1790826300,Down,0.2/3;0.5/5;1.0/8,0.685,0.835,0.825,0.865
1790826340.717,1790826300,Down,0.2/3;0.5/5;1.0/8,0.835,0.795,0.715,0.865
1790826350.722,1790826300,Down,0.2/3;0.5/5;1.0/8,0.775,0.835,0.715,0.895
1790826383.823,1790826300,Up,0.2/3;0.5/5;1.0/8,0.285,0.185,0.135,0.015
1790826400.858,1790826300,Up,0.2/3;0.5/5;1.0/8,0.185,0.175,0.135,
1790826410.883,1790826300,Up,0.2/3;0.5/5;1.0/8,0.245,0.075,0.105,
1790826446.001,1790826300,Up,0.2/3;0.5/5;1.0/8,0.135,0.085,0.015,
1790826458.422,1790826300,Up,0.2/3;0.5/5;1.0/8,0.105,0.045,,
1790826475.935,1790826300,Down,0.2/3;0.5/5;1.0/8,0.955,0.985,0.995,
1790826494.359,1790826300,Down,0.2/3;0.5/5;1.0/8,0.985,0.995,0.995,
1790826514.416,1790826300,Down,0.2/3;0.5/5;1.0/8,0.995,0.995,0.995,
1790826524.419,1790826300,Down,0.2/3;0.5/5;1.0/8,0.995,0.995,0.995,
1790826536.673,1790826300,Down,0.2/3;0.5/5;1.0/8,0.995,0.995,,
1790826556.462,1790826300,Up,0.2/3;0.5/5;1.0/8,,,,
1790826606.417,1790826600,Up,0.2/3;0.5/5;1.0/8,0.745,0.805,0.945,0.953
1790826638.62,1790826600,Up,0.2/3;0.5/5;1.0/8,0.885,0.945,0.975,0.9775
1790826655.335,1790826600,Up,0.2/3;0.5/5;1.0/8,0.945,0.965,0.945,0.9855
1790826666.371,1790826600,Up,0.2/3;0.5/5;1.0/8,0.965,0.975,0.9535,0.9895
1790826680.101,1790826600,Up,0.2/3;0.5/5;1.0/8,0.965,0.925,0.9855,0.9995
1790826708.845,1790826600,Down,0.2/3;0.5/5;1.0/8,0.0545,0.0145,0.023,
1790826727.914,1790826600,Up,0.2/3;0.5/5;1.0/8,0.9885,0.9755,0.9945,0.9995
1790826743.296,1790826600,Down,0.2/3;0.5/5;1.0/8,0.0255,0.014,,
1790826772.521,1790826600,Up,0.2/3;0.5/5;1.0/8,0.9945,0.9995,0.9995,
1790826783.07,1790826600,Up,0.2/3;0.5/5;1.0/8,0.9995,0.9995,0.9995,
1790826845.75,1790826600,Down,0.2/3;0.5/5;1.0/8,,,,
1790826871.599,1790826600,Up,0.2/3;0.5/5;1.0/8,0.9995,,,
1790826903.472,1790826900,Up,0.2/3;0.5/5;1.0/8,0.525,0.555,0.445,0.645
1790826949.183,1790826900,Down,0.2/3;0.5/5;1.0/8,0.555,0.445,0.425,0.075
1790826965.118,1790826900,Up,0.2/3;0.5/5;1.0/8,0.545,0.535,0.685,0.945
1790826977.62,1790826900,Up,0.2/3;0.5/5;1.0/8,0.575,0.555,0.755,0.965
1790827001.355,1790826900,Up,0.2/3;0.5/5;1.0/8,0.695,0.755,0.855,0.955
1790827054.084,1790826900,Up,0.2/3;0.5/5;1.0/8,0.925,0.935,0.865,0.995
1790827106.196,1790826900,Down,0.2/3;0.5/5;1.0/8,0.045,0.025,,
1790827158.447,1790826900,Up,0.2/3;0.5/5;1.0/8,0.995,,,
1790827168.506,1790826900,Down,0.2/3;0.5/5;1.0/8,,,,
1790827217.251,1790827200,Down,0.2/3;0.5/5;1.0/8,0.465,0.485,0.275,0.475
1790827247.747,1790827200,Up,0.2/3;0.5/5;1.0/8,0.605,0.715,0.605,0.555
1790827272.495,1790827200,Up,0.2/3;0.5/5;1.0/8,0.625,0.685,0.455,0.555
1790827286.477,1790827200,Down,0.2/3;0.5/5;1.0/8,0.355,0.415,0.405,0.375
1790827306.713,1790827200,Down,0.2/3;0.5/5;1.0/8,0.385,0.495,0.445,0.345
1790827327.065,1790827200,Down,0.2/3;0.5/5;1.0/8,0.415,0.415,0.435,0.73
1790827446.957,1790827200,Down,0.2/3;0.5/5;1.0/8,0.045,,,
1790827457.735,1790827200,Up,0.2/3;0.5/5;1.0/8,0.995,,,
1790827528.609,1790827500,Up,0.2/3;0.5/5;1.0/8,0.525,0.595,0.825,0.805
1790827558.501,1790827500,Up,0.2/3;0.5/5;1.0/8,0.715,0.825,0.875,0.655
1790827568.573,1790827500,Up,0.2/3;0.5/5;1.0/8,0.785,0.765,0.885,0.365
1790827583.703,1790827500,Up,0.2/3;0.5/5;1.0/8,0.765,0.865,0.815,0.155
1790827629.06,1790827500,Up,0.2/3;0.5/5;1.0/8,0.845,0.805,0.415,0.715
1790827641.48,1790827500,Down,0.2/3;0.5/5;1.0/8,0.205,0.345,0.825,0.035
1790827670.491,1790827500,Down,0.2/3;0.5/5;1.0/8,0.445,0.825,0.885,
1790827682.101,1790827500,Down,0.2/3;0.5/5;1.0/8,0.795,0.825,0.505,
1790827692.104,1790827500,Down,0.2/3;0.5/5;1.0/8,0.745,0.805,0.17,
1790827703.815,1790827500,Down,0.2/3;0.5/5;1.0/8,0.845,0.915,0.045,
1790827740.685,1790827500,Up,0.2/3;0.5/5;1.0/8,0.905,0.995,,
1790827763.945,1790827500,Up,0.2/3;0.5/5;1.0/8,0.995,,,
1790827804.887,1790827800,Up,0.2/3;0.5/5;1.0/8,0.855,0.905,0.915,0.9455
1790827821.083,1790827800,Down,0.2/3;0.5/5;1.0/8,0.095,0.095,0.025,0.0435
1790827845.696,1790827800,Down,0.2/3;0.5/5;1.0/8,0.095,0.025,0.035,0.0265
1790827869.975,1790827800,Up,0.2/3;0.5/5;1.0/8,0.975,0.975,0.9495,0.992
1790827882.097,1790827800,Up,0.2/3;0.5/5;1.0/8,0.975,0.975,0.9695,0.9985
1790827893.803,1790827800,Down,0.2/3;0.5/5;1.0/8,0.025,0.0545,0.0245,0.0015
1790827913.193,1790827800,Down,0.2/3;0.5/5;1.0/8,0.053,0.0305,0.019,
1790827946.011,1790827800,Up,0.2/3;0.5/5;1.0/8,0.9685,0.983,0.9975,0.9995
1790827957.05,1790827800,Down,0.2/3;0.5/5;1.0/8,0.0215,0.0105,0.0015,
1790827973.705,1790827800,Up,0.2/3;0.5/5;1.0/8,0.9895,0.9985,0.9995,
1790827989.401,1790827800,Up,0.2/3;0.5/5;1.0/8,0.9985,0.9985,0.9995,
1790828025.031,1790827800,Up,0.2/3;0.5/5;1.0/8,0.9995,0.9995,0.9995,
1790828059.467,1790827800,Up,0.2/3;0.5/5;1.0/8,0.9995,,,
1790828102.243,1790828100,Down,0.2/3;0.5/5;1.0/8,0.645,0.725,0.705,0.705
1790828112.247,1790828100,Down,0.2/3;0.5/5;1.0/8,0.695,0.725,0.625,0.845
1790828131.432,1790828100,Down,0.2/3;0.5/5;1.0/8,0.745,0.705,0.585,0.7
1790828172.542,1790828100,Up,0.2/3;0.5/5;1.0/8,0.545,0.315,0.155,0.025
1790828187.828,1790828100,Down,0.2/3;0.5/5;1.0/8,0.665,0.735,0.715,0.995
1790828201.419,1790828100,Down,0.2/3;0.5/5;1.0/8,0.725,0.845,0.755,0.995
1790828230.479,1790828100,Down,0.2/3;0.5/5;1.0/8,0.785,0.625,0.985,0.995
1790828246.842,1790828100,Up,0.2/3;0.5/5;1.0/8,0.125,0.025,,
1790828261.046,1790828100,Down,0.2/3;0.5/5;1.0/8,0.975,0.985,0.995,0.995
1790828271.105,1790828100,Down,0.2/3;0.5/5;1.0/8,0.985,0.995,0.995,
1790828281.815,1790828100,Up,0.2/3;0.5/5;1.0/8,0.015,,,
1790828291.902,1790828100,Up,0.2/3;0.5/5;1.0/8,,,,
1790828302.775,1790828100,Up,0.2/3;0.5/5;1.0/8,,,,
1790828315.064,1790828100,Down,0.2/3;0.5/5;1.0/8,0.995,0.995,0.995,
1790828339.973,1790828100,Up,0.2/3;0.5/5;1.0/8,,,,
1790828351.228,1790828100,Down,0.2/3;0.5/5;1.0/8,0.995,0.995,,
1790828369.232,1790828100,Up,0.2/3;0.5/5;1.0/8,,,,
1790828402.98,1790828400,Up,0.2/3;0.5/5;1.0/8,0.295,0.275,0.345,0.395
1790828413.77,1790828400,Down,0.2/3;0.5/5;1.0/8,0.735,0.715,0.785,0.61
1790828445.927,1790828400,Down,0.2/3;0.5/5;1.0/8,0.625,0.725,0.685,0.4
1790828457.507,1790828400,Up,0.2/3;0.5/5;1.0/8,0.225,0.165,0.485,0.705
1790828472.666,1790828400,Down,0.2/3;0.5/5;1.0/8,0.835,0.805,0.685,0.175
1790828484.411,1790828400,Up,0.2/3;0.5/5;1.0/8,0.195,0.425,0.325,0.89
1790828495.556,1790828400,Up,0.2/3;0.5/5;1.0/8,0.345,0.345,0.575,0.955
1790828505.629,1790828400,Up,0.2/3;0.5/5;1.0/8,0.405,0.365,0.575,0.905
1790828518.708,1790828400,Down,0.2/3;0.5/5;1.0/8,0.625,0.71,0.225,0.115
1790828529.149,1790828400,Up,0.2/3;0.5/5;1.0/8,0.325,0.485,0.795,0.865
1790828549.769,1790828400,Up,0.2/3;0.5/5;1.0/8,0.545,0.775,0.955,0.985
1790828565.906,1790828400,Up,0.2/3;0.5/5;1.0/8,0.795,0.825,0.905,0.995
1790828579.359,1790828400,Up,0.2/3;0.5/5;1.0/8,0.815,0.955,0.895,
1790828599.077,1790828400,Up,0.2/3;0.5/5;1.0/8,0.955,0.935,0.78,
1790828625.01,1790828400,Down,0.2/3;0.5/5;1.0/8,0.105,0.235,,
1790828640.697,1790828400,Down,0.2/3;0.5/5;1.0/8,0.29,0.015,,
1790828667.645,1790828400,Up,0.2/3;0.5/5;1.0/8,0.995,,,
1790828778.615,1790828700,Up,0.2/3;0.5/5;1.0/8,0.425,0.405,0.595,0.955
1790828819.082,1790828700,Up,0.2/3;0.5/5;1.0/8,0.695,0.815,0.935,0.995
1790828840.904,1790828700,Up,0.2/3;0.5/5;1.0/8,0.875,0.925,0.955,0.995
1790828854.861,1790828700,Up,0.2/3;0.5/5;1.0/8,0.925,0.925,0.985,0.995
1790828867.704,1790828700,Up,0.2/3;0.5/5;1.0/8,0.885,0.955,0.995,
1790828880.484,1790828700,Down,0.2/3;0.5/5;1.0/8,0.045,0.025,,
1790828914.688,1790828700,Up,0.2/3;0.5/5;1.0/8,0.995,0.995,0.995,
1790828924.777,1790828700,Up,0.2/3;0.5/5;1.0/8,0.995,0.995,0.995,
1790828947.364,1790828700,Down,0.2/3;0.5/5;1.0/8,,,,
1790828963.572,1790828700,Down,0.2/3;0.5/5;1.0/8,,,,
1790829006.873,1790829000,Up,0.2/3;0.5/5;1.0/8,0.695,0.675,0.625,0.135
1790829025.464,1790829000,Down,0.2/3;0.5/5;1.0/8,0.325,0.395,0.435,0.915
1790829045.093,1790829000,Down,0.2/3;0.5/5;1.0/8,0.395,0.345,0.675,0.965
1790829089.419,1790829000,Down,0.2/3;0.5/5;1.0/8,0.675,0.675,0.915,0.985
1790829099.969,1790829000,Down,0.2/3;0.5/5;1.0/8,0.685,0.855,0.925,0.995
1790829121.865,1790829000,Down,0.2/3;0.5/5;1.0/8,0.915,0.905,0.985,0.9995
1790829132.871,1790829000,Down,0.2/3;0.5/5;1.0/8,0.875,0.955,0.985,0.9995
1790829162.044,1790829000,Down,0.2/3;0.5/5;1.0/8,0.975,0.985,0.995,0.9995
1790829183.558,1790829000,Down,0.2/3;0.5/5;1.0/8,0.985,0.995,0.9995,
1790829199.626,1790829000,Up,0.2/3;0.5/5;1.0/8,,,,
1790829237.062,1790829000,Up,0.2/3;0.5/5;1.0/8,,,,
1790829264.637,1790829000,Up,0.2/3;0.5/5;1.0/8,,,,
1790829303.439,1790829300,Up,0.2/3;0.5/5;1.0/8,0.655,0.655,0.715,0.905
1790829391.016,1790829300,Up,0.2/3;0.5/5;1.0/8,0.865,0.895,0.925,0.998
1790829431.708,1790829300,Up,0.2/3;0.5/5;1.0/8,0.975,0.955,0.985,0.9995
1790829445.61,1790829300,Up,0.2/3;0.5/5;1.0/8,0.945,0.955,0.9985,0.9995
1790829480.206,1790829300,Up,0.2/3;0.5/5;1.0/8,0.985,0.998,0.9995,
1790829502.55,1790829300,Up,0.2/3;0.5/5;1.0/8,0.9995,0.9995,0.9995,
1790829552.603,1790829300,Up,0.2/3;0.5/5;1.0/8,0.9995,0.9995,,
1790829619.994,1790829600,Up,0.2/3;0.5/5;1.0/8,0.465,0.405,0.655,0.525
1790829639.173,1790829600,Down,0.2/3;0.5/5;1.0/8,0.575,0.575,0.365,0.465
1790829679.15,1790829600,Up,0.2/3;0.5/5;1.0/8,0.695,0.625,0.525,0.415
1790829690.964,1790829600,Up,0.2/3;0.5/5;1.0/8,0.635,0.585,0.545,0.825
1790829713.339,1790829600,Down,0.2/3;0.5/5;1.0/8,0.445,0.525,0.565,0.075
1790829733.102,1790829600,Down,0.2/3;0.5/5;1.0/8,0.475,0.575,0.595,0.045
1790829806.173,1790829600,Up,0.2/3;0.5/5;1.0/8,0.875,0.755,0.995,
1790829863.496,1790829600,Up,0.2/3;0.5/5;1.0/8,0.995,,,
1790829933.121,1790829900,Up,0.2/3;0.5/5;1.0/8,0.665,0.745,0.955,0.995
1790829967.522,1790829900,Up,0.2/3;0.5/5;1.0/8,0.905,0.965,0.995,0.995
1790829977.977,1790829900,Up,0.2/3;0.5/5;1.0/8,0.955,0.985,0.995,0.9995
1790829990.124,1790829900,Up,0.2/3;0.5/5;1.0/8,0.985,0.985,0.995,0.9995
1790830000.557,1790829900,Up,0.2/3;0.5/5;1.0/8,0.985,0.995,0.995,0.9995
1790830010.56,1790829900,Up,0.2/3;0.5/5;1.0/8,0.995,0.995,0.98,0.9995
1790830022.465,1790829900,Down,0.2/3;0.5/5;1.0/8,,,,
1790830032.569,1790829900,Down,0.2/3;0.5/5;1.0/8,,,,
1790830046.233,1790829900,Down,0.2/3;0.5/5;1.0/8,,0.015,,
1790830058.344,1790829900,Down,0.2/3;0.5/5;1.0/8,0.015,,,
1790830068.746,1790829900,Up,0.2/3;0.5/5;1.0/8,0.995,0.9995,0.9995,
1790830080.615,1790829900,Up,0.2/3;0.5/5;1.0/8,0.9995,0.9995,0.9995,
1790830093.231,1790829900,Up,0.2/3;0.5/5;1.0/8,0.9995,0.9995,0.9995,
1790830104.442,1790829900,Up,0.2/3;0.5/5;1.0/8,0.9995,0.9995,0.9995,
1790830116.652,1790829900,Down,0.2/3;0.5/5;1.0/8,,,,
1790830126.665,1790829900,Up,0.2/3;0.5/5;1.0/8,0.9995,0.9995,0.9995,
1790830140.852,1790829900,Down,0.2/3;0.5/5;1.0/8,,,,
1790830150.929,1790829900,Up,0.2/3;0.5/5;1.0/8,0.9995,0.9995,,
1790830164.374,1790829900,Up,0.2/3;0.5/5;1.0/8,0.9995,,,
1790830224.471,1790830200,Down,0.2/3;0.5/5;1.0/8,0.455,0.465,0.335,0.125
1790830235.639,1790830200,Up,0.2/3;0.5/5;1.0/8,0.575,0.715,0.645,0.905
1790830259.87,1790830200,Up,0.2/3;0.5/5;1.0/8,0.635,0.675,0.755,0.915
1790830271.494,1790830200,Down,0.2/3;0.5/5;1.0/8,0.335,0.24,0.175,0.155
1790830296.888,1790830200,Down,0.2/3;0.5/5;1.0/8,0.145,0.255,0.095,0.52
1790830311.322,1790830200,Up,0.2/3;0.5/5;1.0/8,0.755,0.855,0.965,0.125
1790830323.522,1790830200,Down,0.2/3;0.5/5;1.0/8,0.155,0.095,0.095,0.655
1790830333.616,1790830200,Up,0.2/3;0.5/5;1.0/8,0.885,0.955,0.845,0.205
1790830350.312,1790830200,Up,0.2/3;0.5/5;1.0/8,0.955,0.895,0.725,0.225
1790830374.016,1790830200,Down,0.2/3;0.5/5;1.0/8,0.26,0.215,0.865,
1790830384.793,1790830200,Down,0.2/3;0.5/5;1.0/8,0.135,0.435,0.605,
1790830402.364,1790830200,Down,0.2/3;0.5/5;1.0/8,0.555,0.875,0.915,
1790830414.199,1790830200,Down,0.2/3;0.5/5;1.0/8,0.755,0.645,0.675,
1790830424.722,1790830200,Down,0.2/3;0.5/5;1.0/8,0.895,0.825,0.955,
1790830442.239,1790830200,Up,0.2/3;0.5/5;1.0/8,0.155,0.365,,
1790830514.637,1790830500,Up,0.2/3;0.5/5;1.0/8,0.415,0.165,0.125,0.035
1790830525.874,1790830500,Down,0.2/3;0.5/5;1.0/8,0.815,0.865,0.885,0.965
1790830538.611,1790830500,Down,0.2/3;0.5/5;1.0/8,0.835,0.795,0.955,0.985
1790830553.966,1790830500,Down,0.2/3;0.5/5;1.0/8,0.795,0.885,0.965,0.985
1790830564.581,1790830500,Up,0.2/3;0.5/5;1.0/8,0.125,0.075,0.025,
1790830586.876,1790830500,Down,0.2/3;0.5/5;1.0/8,0.945,0.965,0.965,0.9995
1790830596.88,1790830500,Down,0.2/3;0.5/5;1.0/8,0.965,0.975,0.985,0.9995
1790830610.975,1790830500,Down,0.2/3;0.5/5;1.0/8,0.975,0.965,0.985,0.9995
1790830626.949,1790830500,Up,0.2/3;0.5/5;1.0/8,0.035,0.015,,
1790830659.944,1790830500,Down,0.2/3;0.5/5;1.0/8,0.985,0.9995,0.9995,0.9995
1790830694.921,1790830500,Up,0.2/3;0.5/5;1.0/8,,,0.0095,
1790830728.262,1790830500,Up,0.2/3;0.5/5;1.0/8,,0.002,,
1790830748.89,1790830500,Up,0.2/3;0.5/5;1.0/8,0.0025,,,
1790830766.016,1790830500,Up,0.2/3;0.5/5;1.0/8,,,,
1790830806.616,1790830800,Down,0.2/3;0.5/5;1.0/8,0.485,0.565,0.415,0.855
1790830818.22,1790830800,Down,0.2/3;0.5/5;1.0/8,0.655,0.535,0.345,0.775
1790830837.915,1790830800,Up,0.2/3;0.5/5;1.0/8,0.435,0.595,0.415,0.175
1790830849.383,1790830800,Down,0.2/3;0.5/5;1.0/8,0.445,0.385,0.765,0.845
1790830864.441,1790830800,Up,0.2/3;0.5/5;1.0/8,0.615,0.425,0.135,0.515
1790830874.498,1790830800,Up,0.2/3;0.5/5;1.0/8,0.415,0.295,0.235,0.635
1790830884.51,1790830800,Down,0.2/3;0.5/5;1.0/8,0.585,0.765,0.725,0.195
1790830900.861,1790830800,Down,0.2/3;0.5/5;1.0/8,0.765,0.775,0.825,0.035
1790830916.737,1790830800,Down,0.2/3;0.5/5;1.0/8,0.775,0.795,0.715,0.015
1790830932.168,1790830800,Up,0.2/3;0.5/5;1.0/8,0.195,0.185,0.595,0.995
1790830942.754,1790830800,Up,0.2/3;0.5/5;1.0/8,0.175,0.245,0.615,0.995
1790830964.261,1790830800,Up,0.2/3;0.5/5;1.0/8,0.345,0.635,0.955,0.995
1790830977.381,1790830800,Up,0.2/3;0.5/5;1.0/8,0.595,0.845,0.985,
1790830994.603,1790830800,Up,0.2/3;0.5/5;1.0/8,0.885,0.965,0.995,
1790831005.002,1790830800,Up,0.2/3;0.5/5;1.0/8,0.965,0.985,0.995,
1790831015.013,1790830800,Up,0.2/3;0.5/5;1.0/8,0.975,0.995,0.995,
1790831027.367,1790830800,Up,0.2/3;0.5/5;1.0/8,0.995,0.995,,
1790831060.613,1790830800,Up,0.2/3;0.5/5;1.0/8,0.995,,,
1790831071.818,1790830800,Up,0.2/3;0.5/5;1.0/8,0.995,,,
1790831104.363,1790831100,Up,0.2/3;0.5/5;1.0/8,0.675,0.685,0.675,0.845
1790831116.376,1790831100,Down,0.2/3;0.5/5;1.0/8,0.325,0.325,0.265,0.335
1790831132.452,1790831100,Down,0.2/3;0.5/5;1.0/8,0.355,0.335,0.135,0.365
1790831164.762,1790831100,Down,0.2/3;0.5/5;1.0/8,0.175,0.125,0.155,0.515
1790831174.797,1790831100,Up,0.2/3;0.5/5;1.0/8,0.865,0.835,0.765,0.665
1790831184.797,1790831100,Up,0.2/3;0.5/5;1.0/8,0.895,0.875,0.755,0.715
1790831211.681,1790831100,Up,0.2/3;0.5/5;1.0/8,0.805,0.695,0.695,0.715
1790831226.119,1790831100,Down,0.2/3;0.5/5;1.0/8,0.295,0.355,0.45,0.185
1790831236.121,1790831100,Down,0.2/3;0.5/5;1.0/8,0.38,0.305,0.355,0.325
1790831248.604,1790831100,Down,0.2/3;0.5/5;1.0/8,0.305,0.335,0.235,0.035
1790831275.183,1790831100,Down,0.2/3;0.5/5;1.0/8,0.315,0.295,0.275,
1790831302.957,1790831100,Up,0.2/3;0.5/5;1.0/8,0.815,0.725,0.925,
1790831352.715,1790831100,Down,0.2/3;0.5/5;1.0/8,0.035,,,
1790831414.387,1790831400,Down,0.2/3;0.5/5;1.0/8,0.585,0.545,0.195,0.065
1790831464.892,1790831400,Up,0.2/3;0.5/5;1.0/8,0.855,0.905,0.945,0.955
1790831475.444,1790831400,Up,0.2/3;0.5/5;1.0/8,0.835,0.925,0.935,0.965
1790831492.75,1790831400,Up,0.2/3;0.5/5;1.0/8,0.925,0.935,0.955,0.975
1790831513.91,1790831400,Down,0.2/3;0.5/5;1.0/8,0.055,0.065,0.055,
1790831530.174,1790831400,Down,0.2/3;0.5/5;1.0/8,0.065,0.045,0.045,
1790831572.811,1790831400,Down,0.2/3;0.5/5;1.0/8,0.045,0.045,,
1790831598.331,1790831400,Down,0.2/3;0.5/5;1.0/8,0.025,,,
1790831656.017,1790831400,Down,0.2/3;0.5/5;1.0/8,,,,
1790831671.378,1790831400,Up,0.2/3;0.5/5;1.0/8,0.995,,,
1790831717.3,1790831700,Down,0.2/3;0.5/5;1.0/8,0.395,0.385,0.355,0.295
1790831733.108,1790831700,Up,0.2/3;0.5/5;1.0/8,0.635,0.645,0.665,0.795
1790831776.935,1790831700,Down,0.2/3;0.5/5;1.0/8,0.335,0.295,0.285,0.175
1790831821.693,1790831700,Down,0.2/3;0.5/5;1.0/8,0.275,0.205,0.155,0.065
1790831848.167,1790831700,Up,0.2/3;0.5/5;1.0/8,0.715,0.785,0.765,0.995
1790831923.226,1790831700,Down,0.2/3;0.5/5;1.0/8,0.175,,,
1790831935.298,1790831700,Down,0.2/3;0.5/5;1.0/8,0.025,,,
1790832009.407,1790832000,Down,0.2/3;0.5/5;1.0/8,0.425,0.315,0.355,0.125
1790832038.02,1790832000,Up,0.2/3;0.5/5;1.0/8,0.64,0.665,0.825,0.825
1790832081.829,1790832000,Down,0.2/3;0.5/5;1.0/8,0.275,0.135,0.105,0.295
1790832096.712,1790832000,Up,0.2/3;0.5/5;1.0/8,0.865,0.855,0.845,0.615
1790832110.921,1790832000,Up,0.2/3;0.5/5;1.0/8,0.815,0.885,0.755,0.815
1790832157.628,1790832000,Down,0.2/3;0.5/5;1.0/8,0.24,0.215,0.385,
1790832172.704,1790832000,Up,0.2/3;0.5/5;1.0/8,0.785,0.685,0.715,
1790832210.285,1790832000,Down,0.2/3;0.5/5;1.0/8,0.465,0.195,0.015,
1790832221.071,1790832000,Down,0.2/3;0.5/5;1.0/8,0.255,0.135,,
1790832256.764,1790832000,Down,0.2/3;0.5/5;1.0/8,,,,
1790832270.756,1790832000,Up,0.2/3;0.5/5;1.0/8,0.995,,,
1790832330.652,1790832300,Up,0.2/3;0.5/5;1.0/8,0.425,0.335,0.255,0.235
1790832362.305,1790832300,Down,0.2/3;0.5/5;1.0/8,0.745,0.745,0.655,0.625
1790832432.86,1790832300,Up,0.2/3;0.5/5;1.0/8,0.275,0.305,0.505,0.585
1790832477.547,1790832300,Up,0.2/3;0.5/5;1.0/8,0.505,0.655,0.765,
1790832499.579,1790832300,Up,0.2/3;0.5/5;1.0/8,0.645,0.775,0.715,
1790832551.845,1790832300,Down,0.2/3;0.5/5;1.0/8,0.095,,,
1790832632.491,1790832600,Down,0.2/3;0.5/5;1.0/8,0.525,0.435,0.575,0.565
1790832699.392,1790832600,Down,0.2/3;0.5/5;1.0/8,0.485,0.415,0.515,0.685
1790832729.378,1790832600,Up,0.2/3;0.5/5;1.0/8,0.475,0.485,0.445,0.275
1790832777.516,1790832600,Down,0.2/3;0.5/5;1.0/8,0.57,0.865,0.705,
1790832795.01,1790832600,Down,0.2/3;0.5/5;1.0/8,0.865,0.705,0.785,
1790832811.698,1790832600,Up,0.2/3;0.5/5;1.0/8,0.275,0.285,0.795,
1790832833.63,1790832600,Up,0.2/3;0.5/5;1.0/8,0.295,0.215,,
1790832870.846,1790832600,Up,0.2/3;0.5/5;1.0/8,0.995,,,
1790832902.212,1790832900,Up,0.2/3;0.5/5;1.0/8,0.585,0.635,0.535,0.28
1790832938.509,1790832900,Down,0.2/3;0.5/5;1.0/8,0.475,0.355,0.585,0.325
1790832966.452,1790832900,Up,0.2/3;0.5/5;1.0/8,0.575,0.415,0.475,0.595
1790832985.258,1790832900,Down,0.2/3;0.5/5;1.0/8,0.585,0.675,0.495,0.345
1790833009.952,1790832900,Down,0.2/3;0.5/5;1.0/8,0.775,0.525,0.295,0.045
1790833024.438,1790832900,Down,0.2/3;0.5/5;1.0/8,0.525,0.325,0.385,0.025
1790833051.561,1790832900,Up,0.2/3;0.5/5;1.0/8,0.755,0.69,0.865,0.995
1790833114.803,1790832900,Up,0.2/3;0.5/5;1.0/8,0.955,0.985,0.995,
1790833125.359,1790832900,Up,0.2/3;0.5/5;1.0/8,0.975,0.995,0.995,
1790833150.184,1790832900,Up,0.2/3;0.5/5;1.0/8,0.995,0.995,,
1790833163.769,1790832900,Up,0.2/3;0.5/5;1.0/8,0.995,,,
1790833208.122,1790833200,Up,0.2/3;0.5/5;1.0/8,0.485,0.445,0.305,0.095
1790833220.339,1790833200,Up,0.2/3;0.5/5;1.0/8,0.445,0.345,0.255,0.055
1790833243.493,1790833200,Down,0.2/3;0.5/5;1.0/8,0.615,0.725,0.685,0.915
1790833261.009,1790833200,Down,0.2/3;0.5/5;1.0/8,0.725,0.635,0.895,0.945
1790833313.29,1790833200,Down,0.2/3;0.5/5;1.0/8,0.905,0.925,0.935,0.995
1790833335.284,1790833200,Down,0.2/3;0.5/5;1.0/8,0.925,0.915,0.965,0.995
1790833432.258,1790833200,Down,0.2/3;0.5/5;1.0/8,0.995,0.995,,
1790833535.131,1790833500,Up,0.2/3;0.5/5;1.0/8,0.595,0.635,0.585,0.725
1790833606.424,1790833500,Up,0.2/3;0.5/5;1.0/8,0.655,0.645,0.715,0.965
1790833683.504,1790833500,Up,0.2/3;0.5/5;1.0/8,0.875,0.915,0.985,
1790833721.148,1790833500,Up,0.2/3;0.5/5;1.0/8,0.975,0.995,0.995,
1790833770.554,1790833500,Up,0.2/3;0.5/5;1.0/8,0.995,,,
1790833802.904,1790833800,Up,0.2/3;0.5/5;1.0/8,0.845,0.855,0.885,0.965
1790833827.706,1790833800,Up,0.2/3;0.5/5;1.0/8,0.865,0.815,0.915,0.975
1790833857.553,1790833800,Down,0.2/3;0.5/5;1.0/8,0.145,0.085,0.075,0.025
1790833879.882,1790833800,Up,0.2/3;0.5/5;1.0/8,0.845,0.905,0.965,0.985
1790833917.825,1790833800,Up,0.2/3;0.5/5;1.0/8,0.955,0.975,0.975,0.995
1790834027.904,1790833800,Up,0.2/3;0.5/5;1.0/8,0.995,0.9995,,
1790834041.469,1790833800,Up,0.2/3;0.5/5;1.0/8,0.995,0.9995,,
1790834115.562,1790834100,Down,0.2/3;0.5/5;1.0/8,0.705,0.685,0.845,0.975
1790834153.328,1790834100,Down,0.2/3;0.5/5;1.0/8,0.855,0.855,0.935,0.985
1790834211.939,1790834100,Down,0.2/3;0.5/5;1.0/8,0.955,0.975,0.985,0.9995
1790834229.72,1790834100,Down,0.2/3;0.5/5;1.0/8,0.965,0.985,0.985,0.9995
1790834309.657,1790834100,Down,0.2/3;0.5/5;1.0/8,0.9995,0.9995,0.9995,
1790834330.588,1790834100,Down,0.2/3;0.5/5;1.0/8,0.9995,0.9995,,
1790834370.513,1790834100,Up,0.2/3;0.5/5;1.0/8,,,,
1790834457.154,1790834400,Up,0.2/3;0.5/5;1.0/8,0.755,0.43,0.145,0.465
1790834472.155,1790834400,Down,0.2/3;0.5/5;1.0/8,0.57,0.715,0.505,0.495
1790834486.715,1790834400,Down,0.2/3;0.5/5;1.0/8,0.715,0.855,0.675,0.445
1790834516.52,1790834400,Down,0.2/3;0.5/5;1.0/8,0.505,0.645,0.535,0.625
1790834528.168,1790834400,Up,0.2/3;0.5/5;1.0/8,0.445,0.365,0.505,0.37
1790834568.429,1790834400,Down,0.2/3;0.5/5;1.0/8,0.455,0.485,0.525,
1790834580.531,1790834400,Up,0.2/3;0.5/5;1.0/8,0.525,0.575,0.315,
1790834716.146,1790834700,Up,0.2/3;0.5/5;1.0/8,0.845,0.845,0.705,0.545
1790834751.805,1790834700,Down,0.2/3;0.5/5;1.0/8,0.275,0.225,0.235,0.295
1790834767.826,1790834700,Down,0.2/3;0.5/5;1.0/8,0.245,0.185,0.475,0.435
1790834790.063,1790834700,Up,0.2/3;0.5/5;1.0/8,0.795,0.695,0.625,0.595
1790834821.545,1790834700,Down,0.2/3;0.5/5;1.0/8,0.395,0.375,0.315,0.305
1790834865.115,1790834700,Up,0.2/3;0.5/5;1.0/8,0.645,0.645,0.695,0.995
1790834883.214,1790834700,Down,0.2/3;0.5/5;1.0/8,0.395,0.345,0.195,
1790834955.407,1790834700,Up,0.2/3;0.5/5;1.0/8,0.995,0.995,,
1790835046.415,1790835000,Up,0.2/3;0.5/5;1.0/8,0.755,0.855,0.915,0.985
1790835078.565,1790835000,Up,0.2/3;0.5/5;1.0/8,0.905,0.915,0.965,0.995
1790835118.392,1790835000,Up,0.2/3;0.5/5;1.0/8,0.955,0.955,0.995,0.995
1790835158.721,1790835000,Up,0.2/3;0.5/5;1.0/8,0.995,0.995,0.995,0.9995
1790835171.857,1790835000,Up,0.2/3;0.5/5;1.0/8,0.995,0.995,0.995,
1790835181.991,1790835000,Up,0.2/3;0.5/5;1.0/8,0.995,0.995,0.995,
1790835203.914,1790835000,Down,0.2/3;0.5/5;1.0/8,,,,
1790835221.398,1790835000,Up,0.2/3;0.5/5;1.0/8,0.995,0.9995,0.9995,
1790835258.708,1790835000,Up,0.2/3;0.5/5;1.0/8,0.9995,,,
1790835269.286,1790835000,Down,0.2/3;0.5/5;1.0/8,,,,
1790835306.701,1790835300,Down,0.2/3;0.5/5;1.0/8,0.625,0.645,0.655,0.715
1790835374.577,1790835300,Up,0.2/3;0.5/5;1.0/8,0.445,0.175,0.275,0.035
1790835397.067,1790835300,Down,0.2/3;0.5/5;1.0/8,0.765,0.725,0.725,0.975
1790835421.709,1790835300,Up,0.2/3;0.5/5;1.0/8,0.285,0.335,0.115,
1790835439.981,1790835300,Up,0.2/3;0.5/5;1.0/8,0.285,0.195,0.025,
1790835457.127,1790835300,Down,0.2/3;0.5/5;1.0/8,0.795,0.905,0.975,0.995
1790835479.876,1790835300,Down,0.2/3;0.5/5;1.0/8,0.965,0.965,0.995,
1790835491.487,1790835300,Down,0.2/3;0.5/5;1.0/8,0.955,0.985,0.995,
1790835543.039,1790835300,Down,0.2/3;0.5/5;1.0/8,0.995,0.995,,
1790835603.908,1790835600,Down,0.2/3;0.5/5;1.0/8,0.595,0.635,0.635,0.545
1790835689.562,1790835600,Down,0.2/3;0.5/5;1.0/8,0.805,0.735,0.325,0.915
1790835725.007,1790835600,Up,0.2/3;0.5/5;1.0/8,0.625,0.665,0.725,0.545
1790835792.777,1790835600,Down,0.2/3;0.5/5;1.0/8,0.935,0.885,0.035,
1790835823.261,1790835600,Up,0.2/3;0.5/5;1.0/8,0.455,0.965,,
1790835850.365,1790835600,Up,0.2/3;0.5/5;1.0/8,0.975,0.995,,
1790835919.902,1790835900,Down,0.2/3;0.5/5;1.0/8,0.695,0.525,0.305,0.445
1790835939.953,1790835900,Up,0.2/3;0.5/5;1.0/8,0.515,0.675,0.635,0.475
1790835950.566,1790835900,Up,0.2/3;0.5/5;1.0/8,0.575,0.695,0.555,0.435
1790835965.355,1790835900,Up,0.2/3;0.5/5;1.0/8,0.695,0.625,0.305,0.435
1790836007.39,1790835900,Down,0.2/3;0.5/5;1.0/8,0.66,0.575,0.575,0.665
1790836022.133,1790835900,Down,0.2/3;0.5/5;1.0/8,0.565,0.615,0.595,0.595
1790836088.101,1790835900,Up,0.2/3;0.5/5;1.0/8,0.195,0.405,0.335,
1790836117.595,1790835900,Up,0.2/3;0.5/5;1.0/8,0.495,0.335,0.805,
1790836165.337,1790835900,Up,0.2/3;0.5/5;1.0/8,0.855,,,
1790836217.298,1790836200,Up,0.2/3;0.5/5;1.0/8,0.535,0.375,0.345,0.025
1790836233.944,1790836200,Down,0.2/3;0.5/5;1.0/8,0.645,0.565,0.745,0.995
1790836248.902,1790836200,Down,0.2/3;0.5/5;1.0/8,0.565,0.725,0.905,0.995
1790836263.287,1790836200,Down,0.2/3;0.5/5;1.0/8,0.715,0.745,0.915,0.995
1790836283.947,1790836200,Down,0.2/3;0.5/5;1.0/8,0.865,0.905,0.975,0.995
1790836295.388,1790836200,Down,0.2/3;0.5/5;1.0/8,0.885,0.915,0.995,0.995
1790836312.239,1790836200,Down,0.2/3;0.5/5;1.0/8,0.915,0.975,0.995,0.995
1790836332.436,1790836200,Down,0.2/3;0.5/5;1.0/8,0.975,0.995,0.995,0.9995
1790836345.805,1790836200,Down,0.2/3;0.5/5;1.0/8,0.995,0.995,0.995,0.9995
1790836362.288,1790836200,Down,0.2/3;0.5/5;1.0/8,0.995,0.995,0.995,0.9995
1790836379.149,1790836200,Down,0.2/3;0.5/5;1.0/8,0.995,0.995,0.9995,
1790836395.165,1790836200,Up,0.2/3;0.5/5;1.0/8,,,,
1790836443.508,1790836200,Down,0.2/3;0.5/5;1.0/8,0.9995,0.9995,,
1790836459.917,1790836200,Up,0.2/3;0.5/5;1.0/8,,,,
1790836512.933,1790836500,Up,0.2/3;0.5/5;1.0/8,0.655,0.675,0.555,0.315
1790836525.109,1790836500,Up,0.2/3;0.5/5;1.0/8,0.705,0.655,0.615,0.285
1790836535.152,1790836500,Up,0.2/3;0.5/5;1.0/8,0.685,0.535,0.465,0.275
1790836545.164,1790836500,Up,0.2/3;0.5/5;1.0/8,0.665,0.555,0.485,0.155
1790836564.336,1790836500,Down,0.2/3;0.5/5;1.0/8,0.415,0.565,0.675,0.915
1790836588.42,1790836500,Down,0.2/3;0.5/5;1.0/8,0.515,0.625,0.705,0.945
1790836612.485,1790836500,Down,0.2/3;0.5/5;1.0/8,0.675,0.715,0.845,0.975
1790836638.404,1790836500,Down,0.2/3;0.5/5;1.0/8,0.725,0.825,0.935,0.995
1790836668.268,1790836500,Down,0.2/3;0.5/5;1.0/8,0.885,0.935,0.975,
1790836690.35,1790836500,Down,0.2/3;0.5/5;1.0/8,0.935,0.975,0.995,
1790836750.406,1790836500,Down,0.2/3;0.5/5;1.0/8,0.995,0.995,,
1790836802.907,1790836800,Up,0.2/3;0.5/5;1.0/8,0.555,0.395,0.215,0.145
1790836813.476,1790836800,Up,0.2/3;0.5/5;1.0/8,0.395,0.375,0.225,0.095
1790836824.146,1790836800,Down,0.2/3;0.5/5;1.0/8,0.625,0.725,0.845,0.795
1790836837.816,1790836800,Down,0.2/3;0.5/5;1.0/8,0.755,0.795,0.835,0.845
1790836851.011,1790836800,Down,0.2/3;0.5/5;1.0/8,0.795,0.815,0.845,0.845
1790836864.922,1790836800,Down,0.2/3;0.5/5;1.0/8,0.815,0.825,0.855,0.855
1790836883.561,1790836800,Down,0.2/3;0.5/5;1.0/8,0.835,0.855,0.795,0.835
1790836930.666,1790836800,Down,0.2/3;0.5/5;1.0/8,0.815,0.825,0.845,0.975
1790836948.711,1790836800,Up,0.2/3;0.5/5;1.0/8,0.215,0.145,0.135,
1790837015.418,1790836800,Up,0.2/3;0.5/5;1.0/8,0.215,0.045,,
1790837140.939,1790837100,Down,0.2/3;0.5/5;1.0/8,0.545,0.445,0.575,0.085
1790837172.487,1790837100,Up,0.2/3;0.5/5;1.0/8,0.635,0.425,0.725,0.945
1790837196.19,1790837100,Down,0.2/3;0.5/5;1.0/8,0.355,0.285,0.155,0.025
1790837209.633,1790837100,Up,0.2/3;0.5/5;1.0/8,0.725,0.795,0.945,0.975
1790837221.859,1790837100,Up,0.2/3;0.5/5;1.0/8,0.745,0.845,0.82,0.705
1790837237.701,1790837100,Up,0.2/3;0.5/5;1.0/8,0.845,0.945,0.955,0.835
1790837261.129,1790837100,Up,0.2/3;0.5/5;1.0/8,0.955,0.945,0.975,
1790837281.142,1790837100,Down,0.2/3;0.5/5;1.0/8,0.045,0.025,0.295,
1790837337.861,1790837100,Down,0.2/3;0.5/5;1.0/8,0.345,0.435,,
1790837410.18,1790837400,Up,0.2/3;0.5/5;1.0/8,0.405,0.405,0.375,0.935
1790837445.418,1790837400,Down,0.2/3;0.5/5;1.0/8,0.575,0.625,0.205,0.125
1790837478.873,1790837400,Up,0.2/3;0.5/5;1.0/8,0.775,0.785,0.945,0.975
1790837492.23,1790837400,Up,0.2/3;0.5/5;1.0/8,0.785,0.895,0.815,0.975
1790837509.966,1790837400,Up,0.2/3;0.5/5;1.0/8,0.905,0.945,0.895,0.9995
1790837528.513,1790837400,Up,0.2/3;0.5/5;1.0/8,0.905,0.825,0.975,0.9995
1790837549.895,1790837400,Down,0.2/3;0.5/5;1.0/8,0.125,0.055,0.025,
1790837573.352,1790837400,Up,0.2/3;0.5/5;1.0/8,0.975,0.955,0.9995,
1790837587.257,1790837400,Up,0.2/3;0.5/5;1.0/8,0.955,0.985,0.9995,
1790837730.933,1790837700,Up,0.2/3;0.5/5;1.0/8,0.255,0.315,0.265,0.055
1790837744.952,1790837700,Down,0.2/3;0.5/5;1.0/8,0.685,0.695,0.745,0.925
1790837822.553,1790837700,Down,0.2/3;0.5/5;1.0/8,0.925,0.945,0.925,0.995
1790837873.422,1790837700,Up,0.2/3;0.5/5;1.0/8,0.055,0.045,,
1790837910.222,1790837700,Up,0.2/3;0.5/5;1.0/8,0.025,,,
1790837929.607,1790837700,Down,0.2/3;0.5/5;1.0/8,0.995,0.995,,
1790837948.004,1790837700,Down,0.2/3;0.5/5;1.0/8,0.995,0.995,,
1790837964.98,1790837700,Down,0.2/3;0.5/5;1.0/8,0.995,,,
1790838030.816,1790838000,Up,0.2/3;0.5/5;1.0/8,0.475,0.385,0.175,0.065
1790838060.935,1790838000,Down,0.2/3;0.5/5;1.0/8,0.635,0.825,0.895,0.955
1790838080.343,1790838000,Down,0.2/3;0.5/5;1.0/8,0.825,0.895,0.905,0.985
1790838095.335,1790838000,Down,0.2/3;0.5/5;1.0/8,0.895,0.875,0.945,0.995
1790838113.756,1790838000,Down,0.2/3;0.5/5;1.0/8,0.875,0.915,0.945,0.9995
1790838123.983,1790838000,Up,0.2/3;0.5/5;1.0/8,0.095,0.065,0.035,
1790838159.072,1790838000,Down,0.2/3;0.5/5;1.0/8,0.945,0.965,0.995,77961.29000000
1790838192.443,1790838000,Down,0.2/3;0.5/5;1.0/8,0.995,0.995,0.9995,
1790838250.446,1790838000,Up,0.2/3;0.5/5;1.0/8,,,,
1790838262.84,1790838000,Down,0.2/3;0.5/5;1.0/8,0.9995,,,
1790838305.786,1790838300,Down,0.2/3;0.5/5;1.0/8,0.295,0.185,0.205,0.205
1790838316.823,1790838300,Up,0.2/3;0.5/5;1.0/8,0.815,0.875,0.785,0.735
1790838327.225,1790838300,Up,0.2/3;0.5/5;1.0/8,0.875,0.835,0.795,0.735
1790838337.24,1790838300,Up,0.2/3;0.5/5;1.0/8,0.855,0.755,0.855,0.785
1790838360.625,1790838300,Down,0.2/3;0.5/5;1.0/8,0.205,0.175,0.125,0.125
1790838395.312,1790838300,Up,0.2/3;0.5/5;1.0/8,0.855,0.895,0.775,0.935
1790838424.207,1790838300,Up,0.2/3;0.5/5;1.0/8,0.725,0.735,0.855,0.995
1790838434.484,1790838300,Down,0.2/3;0.5/5;1.0/8,0.265,0.115,0.115,
1790838464.509,1790838300,Up,0.2/3;0.5/5;1.0/8,0.865,0.885,0.985,0.995
1790838480.894,1790838300,Down,0.2/3;0.5/5;1.0/8,0.105,0.075,,
1790838520.634,1790838300,Up,0.2/3;0.5/5;1.0/8,0.995,0.995,0.995,
1790838532.276,1790838300,Up,0.2/3;0.5/5;1.0/8,0.995,0.995,,
1790838554.282,1790838300,Up,0.2/3;0.5/5;1.0/8,0.995,0.995,,
1790838564.41,1790838300,Up,0.2/3;0.5/5;1.0/8,0.995,,,
1790838607.612,1790838600,Up,0.2/3;0.5/5;1.0/8,0.545,0.645,0.405,0.055
1790838617.613,1790838600,Up,0.2/3;0.5/5;1.0/8,0.655,0.705,0.465,0.055
1790838631.853,1790838600,Up,0.2/3;0.5/5;1.0/8,0.715,0.505,0.325,0.035
1790838644.224,1790838600,Down,0.2/3;0.5/5;1.0/8,0.555,0.535,0.665,0.985
1790838655.811,1790838600,Down,0.2/3;0.5/5;1.0/8,0.52,0.565,0.905,0.995
1790838690.905,1790838600,Down,0.2/3;0.5/5;1.0/8,0.665,0.925,0.945,0.995
1790838702.817,1790838600,Up,0.2/3;0.5/5;1.0/8,0.095,0.055,0.015,
1790838713.895,1790838600,Down,0.2/3;0.5/5;1.0/8,0.945,0.935,0.995,0.9995
1790838751.41,1790838600,Down,0.2/3;0.5/5;1.0/8,0.985,0.995,0.995,0.9995
1790838780.651,1790838600,Down,0.2/3;0.5/5;1.0/8,0.995,0.995,0.9995,
1790838807.582,1790838600,Down,0.2/3;0.5/5;1.0/8,0.9995,0.9995,0.9995,
1790838821.787,1790838600,Up,0.2/3;0.5/5;1.0/8,,,,
1790838832.737,1790838600,Down,0.2/3;0.5/5;1.0/8,0.9995,0.9995,,
1790838852.75,1790838600,Up,0.2/3;0.5/5;1.0/8,,,,
1790838904.236,1790838900,Down,0.2/3;0.5/5;1.0/8,0.595,0.605,0.405,0.585
1790838938.061,1790838900,Up,0.2/3;0.5/5;1.0/8,0.495,0.665,0.395,0.075
1790838962.964,1790838900,Up,0.2/3;0.5/5;1.0/8,0.455,0.375,0.415,
1790838974.456,1790838900,Down,0.2/3;0.5/5;1.0/8,0.635,0.555,0.845,0.995
1790839031.554,1790838900,Down,0.2/3;0.5/5;1.0/8,0.865,0.945,0.995,0.995
1790839053.239,1790838900,Down,0.2/3;0.5/5;1.0/8,0.985,0.995,0.995,0.995
1790839063.24,1790838900,Down,0.2/3;0.5/5;1.0/8,0.995,0.995,0.995,0.995
1790839075.407,1790838900,Down,0.2/3;0.5/5;1.0/8,0.995,0.995,0.995,
1790839093.888,1790838900,Up,0.2/3;0.5/5;1.0/8,,,,
1790839106.108,1790838900,Down,0.2/3;0.5/5;1.0/8,0.995,0.995,0.995,
1790839119.882,1790838900,Down,0.2/3;0.5/5;1.0/8,0.995,0.995,0.995,
1790839134.841,1790838900,Up,0.2/3;0.5/5;1.0/8,,,,
1790839152.003,1790838900,Down,0.2/3;0.5/5;1.0/8,0.995,0.995,,
1790839171.172,1790838900,Down,0.2/3;0.5/5;1.0/8,0.995,,,
1790839206.216,1790839200,Down,0.2/3;0.5/5;1.0/8,0.875,0.905,0.965,0.995
1790839217.926,1790839200,Down,0.2/3;0.5/5;1.0/8,0.885,0.945,0.985,0.995
1790839229.021,1790839200,Down,0.2/3;0.5/5;1.0/8,0.895,0.965,0.995,0.995
1790839240.755,1790839200,Up,0.2/3;0.5/5;1.0/8,0.055,0.025,0.015,0.0045
1790839250.778,1790839200,Up,0.2/3;0.5/5;1.0/8,0.035,0.015,0.025,0.004
1790839265.403,1790839200,Up,0.2/3;0.5/5;1.0/8,0.015,0.015,,0.0015
1790839276.177,1790839200,Up,0.2/3;0.5/5;1.0/8,,0.015,,0.0045
1790839286.179,1790839200,Up,0.2/3;0.5/5;1.0/8,0.015,0.025,,
1790839296.199,1790839200,Down,0.2/3;0.5/5;1.0/8,0.975,,0.9955,0.9995
1790839307.592,1790839200,Up,0.2/3;0.5/5;1.0/8,,,0.0035,
1790839317.595,1790839200,Down,0.2/3;0.5/5;1.0/8,0.995,0.995,0.997,0.9995
1790839327.596,1790839200,Down,0.2/3;0.5/5;1.0/8,0.995,0.9955,0.9975,0.9995
1790839341.46,1790839200,Down,0.2/3;0.5/5;1.0/8,0.9955,0.995,0.9985,0.9995
1790839363.089,1790839200,Up,0.2/3;0.5/5;1.0/8,0.003,0.0035,,
1790839380.751,1790839200,Down,0.2/3;0.5/5;1.0/8,0.9955,0.9995,0.9995,
1790839391.622,1790839200,Up,0.2/3;0.5/5;1.0/8,,,,
1790839413.261,1790839200,Down,0.2/3;0.5/5;1.0/8,0.9995,0.9995,0.9995,
1790839423.285,1790839200,Up,0.2/3;0.5/5;1.0/8,,,,
1790839433.492,1790839200,Down,0.2/3;0.5/5;1.0/8,0.9995,0.9995,,
1790839443.495,1790839200,Down,0.2/3;0.5/5;1.0/8,0.9995,0.9995,,
1790839457.911,1790839200,Down,0.2/3;0.5/5;1.0/8,0.9995,,,
1790839470.724,1790839200,Down,0.2/3;0.5/5;1.0/8,0.9995,,,
1790839502.163,1790839500,Down,0.2/3;0.5/5;1.0/8,0.795,0.705,0.845,0.875
1790839512.271,1790839500,Down,0.2/3;0.5/5;1.0/8,0.595,0.775,0.835,0.925
1790839522.46,1790839500,Up,0.2/3;0.5/5;1.0/8,0.245,0.155,0.195,0.055
1790839532.464,1790839500,Down,0.2/3;0.5/5;1.0/8,0.785,0.865,0.765,0.945
1790839542.938,1790839500,Down,0.2/3;0.5/5;1.0/8,0.855,0.865,0.725,0.965
1790839552.94,1790839500,Up,0.2/3;0.5/5;1.0/8,0.115,0.205,0.125,0.045
1790839562.942,1790839500,Up,0.2/3;0.5/5;1.0/8,0.135,0.235,0.155,0.015
1790839572.963,1790839500,Down,0.2/3;0.5/5;1.0/8,0.71,0.725,0.925,0.985
1790839582.967,1790839500,Up,0.2/3;0.5/5;1.0/8,0.295,0.125,0.055,0.015
1790839594.608,1790839500,Up,0.2/3;0.5/5;1.0/8,0.115,0.115,0.035,
1790839604.73,1790839500,Down,0.2/3;0.5/5;1.0/8,0.865,0.935,0.975,0.995
1790839614.755,1790839500,Up,0.2/3;0.5/5;1.0/8,0.095,0.065,0.025,
1790839624.771,1790839500,Down,0.2/3;0.5/5;1.0/8,0.945,0.965,0.985,0.995
1790839634.913,1790839500,Up,0.2/3;0.5/5;1.0/8,0.065,0.025,0.015,
1790839644.94,1790839500,Down,0.2/3;0.5/5;1.0/8,0.965,0.975,0.975,0.995
1790839658.191,1790839500,Down,0.2/3;0.5/5;1.0/8,0.965,0.955,0.995,0.995
1790839669.384,1790839500,Up,0.2/3;0.5/5;1.0/8,0.015,0.025,,
1790839679.384,1790839500,Down,0.2/3;0.5/5;1.0/8,0.985,0.995,0.995,
1790839689.412,1790839500,Up,0.2/3;0.5/5;1.0/8,0.015,,,
1790839699.867,1790839500,Down,0.2/3;0.5/5;1.0/8,0.995,0.995,0.995,
1790839710.438,1790839500,Down,0.2/3;0.5/5;1.0/8,0.995,0.995,0.995,
1790839720.469,1790839500,Down,0.2/3;0.5/5;1.0/8,0.995,0.995,0.995,
1790839734.509,1790839500,Up,0.2/3;0.5/5;1.0/8,,,,
1790839748.419,1790839500,Up,0.2/3;0.5/5;1.0/8,,,,
1790839763.499,1790839500,Up,0.2/3;0.5/5;1.0/8,,,,
1790839803.062,1790839800,Up,0.2/3;0.5/5;1.0/8,0.625,0.745,0.885,0.965
1790839813.072,1790839800,Down,0.2/3;0.5/5;1.0/8,0.265,0.275,0.165,0.015
1790839823.944,1790839800,Down,0.2/3;0.5/5;1.0/8,0.245,0.195,0.135,0.015
1790839835.197,1790839800,Down,0.2/3;0.5/5;1.0/8,0.165,0.155,0.165,
1790839847.741,1790839800,Up,0.2/3;0.5/5;1.0/8,0.875,0.865,0.945,0.995
1790839860.405,1790839800,Up,0.2/3;0.5/5;1.0/8,0.845,0.815,0.955,0.995
1790839872.377,1790839800,Down,0.2/3;0.5/5;1.0/8,0.155,0.085,0.015,
1790839884.241,1790839800,Up,0.2/3;0.5/5;1.0/8,0.875,0.955,0.985,0.995
1790839896.097,1790839800,Up,0.2/3;0.5/5;1.0/8,0.945,0.975,0.995,0.995
1790839906.103,1790839800,Up,0.2/3;0.5/5;1.0/8,0.965,0.985,0.995,0.995
1790839922.606,1790839800,Up,0.2/3;0.5/5;1.0/8,0.985,0.995,0.995,0.995
1790839933.86,1790839800,Up,0.2/3;0.5/5;1.0/8,0.995,0.995,0.995,0.995
1790839945.62,1790839800,Up,0.2/3;0.5/5;1.0/8,0.995,0.995,0.995,0.995
1790839955.747,1790839800,Up,0.2/3;0.5/5;1.0/8,0.995,0.995,0.995,0.9995
1790839965.861,1790839800,Up,0.2/3;0.5/5;1.0/8,0.995,0.995,0.995,0.9995
1790839981.499,1790839800,Up,0.2/3;0.5/5;1.0/8,0.995,0.995,0.995,
1790839991.521,1790839800,Up,0.2/3;0.5/5;1.0/8,0.995,0.995,0.995,
1790840009.5,1790839800,Up,0.2/3;0.5/5;1.0/8,0.995,0.995,0.995,
1790840020.174,1790839800,Up,0.2/3;0.5/5;1.0/8,0.995,0.995,0.9995,
1790840060.665,1790839800,Down,0.2/3;0.5/5;1.0/8,,,,
1790840070.689,1790839800,Up,0.2/3;0.5/5;1.0/8,0.9995,,,
1790840104.363,1790840100,Down,0.2/3;0.5/5;1.0/8,0.375,0.385,0.805,0.79
1790840115.476,1790840100,Up,0.2/3;0.5/5;1.0/8,0.645,0.365,0.245,0.265
1790840131.185,1790840100,Up,0.2/3;0.5/5;1.0/8,0.355,0.275,0.095,0.235
1790840141.228,1790840100,Down,0.2/3;0.5/5;1.0/8,0.645,0.775,0.955,0.795
1790840159.254,1790840100,Down,0.2/3;0.5/5;1.0/8,0.765,0.875,0.775,0.925
1790840176.434,1790840100,Up,0.2/3;0.5/5;1.0/8,0.095,0.105,0.215,0.085
1790840186.913,1790840100,Down,0.2/3;0.5/5;1.0/8,0.955,0.775,0.795,0.765
1790840200.319,1790840100,Down,0.2/3;0.5/5;1.0/8,0.835,0.77,0.745,0.955
1790840211.583,1790840100,Up,0.2/3;0.5/5;1.0/8,0.145,0.265,0.095,0.025
1790840221.823,1790840100,Up,0.2/3;0.5/5;1.0/8,0.195,0.225,0.075,
1790840232.499,1790840100,Up,0.2/3;0.5/5;1.0/8,0.205,0.135,0.115,
1790840242.499,1790840100,Down,0.2/3;0.5/5;1.0/8,0.745,0.905,0.895,0.995
1790840260.914,1790840100,Down,0.2/3;0.5/5;1.0/8,0.875,0.905,0.955,0.995
1790840270.927,1790840100,Up,0.2/3;0.5/5;1.0/8,0.085,0.105,0.015,
1790840282.582,1790840100,Up,0.2/3;0.5/5;1.0/8,0.115,0.215,,
1790840292.584,1790840100,Down,0.2/3;0.5/5;1.0/8,0.775,0.955,0.995,
1790840304.34,1790840100,Up,0.2/3;0.5/5;1.0/8,0.13,0.065,,
1790840314.345,1790840100,Down,0.2/3;0.5/5;1.0/8,0.975,0.995,0.995,
1790840330.819,1790840100,Up,0.2/3;0.5/5;1.0/8,,,,
1790840356.433,1790840100,Up,0.2/3;0.5/5;1.0/8,,,,
1790840369.384,1790840100,Up,0.2/3;0.5/5;1.0/8,,,,
1790840402.106,1790840400,Down,0.2/3;0.5/5;1.0/8,0.785,0.865,0.925,0.685
1790840414.906,1790840400,Down,0.2/3;0.5/5;1.0/8,0.845,0.915,0.895,0.715
1790840427.048,1790840400,Down,0.2/3;0.5/5;1.0/8,0.905,0.915,0.855,0.645
1790840437.461,1790840400,Down,0.2/3;0.5/5;1.0/8,0.895,0.925,0.705,0.635
1790840449.353,1790840400,Up,0.2/3;0.5/5;1.0/8,0.075,0.065,0.365,0.35
1790840460.201,1790840400,Down,0.2/3;0.5/5;1.0/8,0.895,0.735,0.735,0.585
1790840470.202,1790840400,Up,0.2/3;0.5/5;1.0/8,0.145,0.275,0.375,0.385
1790840480.359,1790840400,Up,0.2/3;0.5/5;1.0/8,0.315,0.375,0.305,0.335
1790840490.359,1790840400,Up,0.2/3;0.5/5;1.0/8,0.355,0.265,0.325,0.615
1790840501.124,1790840400,Down,0.2/3;0.5/5;1.0/8,0.675,0.625,0.685,0.545
1790840512.307,1790840400,Up,0.2/3;0.5/5;1.0/8,0.27,0.265,0.265,0.465
1790840527.127,1790840400,Up,0.2/3;0.5/5;1.0/8,0.265,0.375,0.355,0.485
1790840540.523,1790840400,Up,0.2/3;0.5/5;1.0/8,0.335,0.295,0.325,0.035
1790840552.163,1790840400,Down,0.2/3;0.5/5;1.0/8,0.665,0.595,0.285,0.42
1790840562.164,1790840400,Down,0.2/3;0.5/5;1.0/8,0.605,0.625,0.605,0.785
1790840574.816,1790840400,Up,0.2/3;0.5/5;1.0/8,0.375,0.515,0.485,
1790840596.174,1790840400,Up,0.2/3;0.5/5;1.0/8,0.66,0.335,0.155,
1790840608.292,1790840400,Up,0.2/3;0.5/5;1.0/8,0.375,0.385,0.225,
1790840618.296,1790840400,Down,0.2/3;0.5/5;1.0/8,0.515,0.715,0.975,
1790840630.88,1790840400,Up,0.2/3;0.5/5;1.0/8,0.545,0.035,,
1790840643.704,1790840400,Up,0.2/3;0.5/5;1.0/8,0.135,0.205,,
1790840659.709,1790840400,Down,0.2/3;0.5/5;1.0/8,0.82,,,
1790840669.711,1790840400,Up,0.2/3;0.5/5;1.0/8,0.095,,,
1790840702.147,1790840700,Down,0.2/3;0.5/5;1.0/8,0.545,0.515,0.295,0.185
1790840714.648,1790840700,Up,0.2/3;0.5/5;1.0/8,0.395,0.585,0.625,0.865
1790840727.124,1790840700,Down,0.2/3;0.5/5;1.0/8,0.45,0.305,0.365,0.215
1790840737.148,1790840700,Up,0.2/3;0.5/5;1.0/8,0.725,0.625,0.725,0.805
1790840747.697,1790840700,Up,0.2/3;0.5/5;1.0/8,0.725,0.635,0.775,0.905
1790840762.777,1790840700,Up,0.2/3;0.5/5;1.0/8,0.635,0.705,0.825,0.975
1790840772.887,1790840700,Down,0.2/3;0.5/5;1.0/8,0.355,0.305,0.195,0.045
1790840783.56,1790840700,Up,0.2/3;0.5/5;1.0/8,0.695,0.76,0.795,0.935
1790840793.726,1790840700,Down,0.2/3;0.5/5;1.0/8,0.205,0.215,0.205,0.045
1790840803.745,1790840700,Up,0.2/3;0.5/5;1.0/8,0.755,0.825,0.875,0.835
1790840813.745,1790840700,Up,0.2/3;0.5/5;1.0/8,0.785,0.78,0.925,0.935
1790840825.402,1790840700,Down,0.2/3;0.5/5;1.0/8,0.225,0.185,0.025,0.085
1790840838.309,1790840700,Down,0.2/3;0.5/5;1.0/8,0.225,0.125,0.055,0.015
1790840850.028,1790840700,Up,0.2/3;0.5/5;1.0/8,0.875,0.965,0.955,0.995
1790840860.032,1790840700,Up,0.2/3;0.5/5;1.0/8,0.945,0.965,0.955,0.995
1790840870.492,1790840700,Up,0.2/3;0.5/5;1.0/8,0.975,0.955,0.795,
1790840881.935,1790840700,Up,0.2/3;0.5/5;1.0/8,0.955,0.955,0.945,
1790840891.935,1790840700,Down,0.2/3;0.5/5;1.0/8,0.055,0.045,0.055,
1790840902.538,1790840700,Down,0.2/3;0.5/5;1.0/8,0.045,0.075,,
1790840921.602,1790840700,Down,0.2/3;0.5/5;1.0/8,0.065,0.055,,
1790840931.614,1790840700,Up,0.2/3;0.5/5;1.0/8,0.925,0.985,,
1790840941.625,1790840700,Down,0.2/3;0.5/5;1.0/8,0.015,,,
1790841009.219,1790841000,Up,0.2/3;0.5/5;1.0/8,0.485,0.555,0.635,0.675
1790841033.787,1790841000,Up,0.2/3;0.5/5;1.0/8,0.555,0.555,0.735,0.305
1790841045.268,1790841000,Up,0.2/3;0.5/5;1.0/8,0.495,0.645,0.765,0.335
1790841068.308,1790841000,Up,0.2/3;0.5/5;1.0/8,0.745,0.755,0.675,0.305
1790841081.374,1790841000,Up,0.2/3;0.5/5;1.0/8,0.745,0.695,0.485,0.305
1790841108.846,1790841000,Down,0.2/3;0.5/5;1.0/8,0.305,0.515,0.635,0.935
1790841121.257,1790841000,Down,0.2/3;0.5/5;1.0/8,0.585,0.675,0.765,0.955
1790841131.259,1790841000,Down,0.2/3;0.5/5;1.0/8,0.575,0.625,0.685,0.935
1790841142.767,1790841000,Down,0.2/3;0.5/5;1.0/8,0.735,0.755,0.685,0.995
1790841155.694,1790841000,Down,0.2/3;0.5/5;1.0/8,0.725,0.775,0.855,0.995
1790841170.322,1790841000,Down,0.2/3;0.5/5;1.0/8,0.775,0.685,0.945,
1790841192.56,1790841000,Up,0.2/3;0.5/5;1.0/8,0.175,0.145,0.055,
1790841205.267,1790841000,Down,0.2/3;0.5/5;1.0/8,0.845,0.955,0.995,
1790841215.294,1790841000,Down,0.2/3;0.5/5;1.0/8,0.945,0.965,0.995,
1790841226.299,1790841000,Down,0.2/3;0.5/5;1.0/8,0.955,0.955,0.995,
1790841239.222,1790841000,Up,0.2/3;0.5/5;1.0/8,0.045,,,
1790841249.265,1790841000,Up,0.2/3;0.5/5;1.0/8,,,,
1790841303.777,1790841300,Up,0.2/3;0.5/5;1.0/8,0.515,0.585,0.745,0.575
1790841313.8,1790841300,Up,0.2/3;0.5/5;1.0/8,0.555,0.615,0.685,0.435
1790841328.502,1790841300,Up,0.2/3;0.5/5;1.0/8,0.615,0.685,0.565,0.205
1790841340.495,1790841300,Up,0.2/3;0.5/5;1.0/8,0.675,0.755,0.505,0.085
1790841359.312,1790841300,Up,0.2/3;0.5/5;1.0/8,0.685,0.565,0.635,0.015
1790841372.762,1790841300,Down,0.2/3;0.5/5;1.0/8,0.435,0.475,0.475,0.995
1790841395.767,1790841300,Down,0.2/3;0.5/5;1.0/8,0.445,0.435,0.895,0.985
1790841405.775,1790841300,Down,0.2/3;0.5/5;1.0/8,0.385,0.695,0.935,0.995
1790841423.607,1790841300,Down,0.2/3;0.5/5;1.0/8,0.755,0.905,0.995,0.995
1790841433.609,1790841300,Down,0.2/3;0.5/5;1.0/8,0.795,0.945,0.995,0.995
1790841443.979,1790841300,Down,0.2/3;0.5/5;1.0/8,0.885,0.975,0.995,0.995
1790841454.009,1790841300,Up,0.2/3;0.5/5;1.0/8,0.035,,0.015,
1790841467.395,1790841300,Down,0.2/3;0.5/5;1.0/8,0.995,0.995,0.995,
1790841478.133,1790841300,Down,0.2/3;0.5/5;1.0/8,0.995,0.995,0.995,
1790841488.775,1790841300,Up,0.2/3;0.5/5;1.0/8,,,,
1790841498.781,1790841300,Up,0.2/3;0.5/5;1.0/8,0.015,,,
1790841508.805,1790841300,Up,0.2/3;0.5/5;1.0/8,,,,
1790841525.192,1790841300,Down,0.2/3;0.5/5;1.0/8,0.995,0.995,0.995,
1790841539.605,1790841300,Up,0.2/3;0.5/5;1.0/8,,,,
1790841553.74,1790841300,Down,0.2/3;0.5/5;1.0/8,0.995,0.995,,
1790841564.745,1790841300,Up,0.2/3;0.5/5;1.0/8,,,,
1790841602.72,1790841600,Up,0.2/3;0.5/5;1.0/8,0.535,0.695,0.62,0.31
1790841612.753,1790841600,Down,0.2/3;0.5/5;1.0/8,0.345,0.555,0.495,0.725
1790841623.311,1790841600,Up,0.2/3;0.5/5;1.0/8,0.525,0.55,0.615,0.355
1790841633.855,1790841600,Down,0.2/3;0.5/5;1.0/8,0.505,0.48,0.335,0.43
1790841652.606,1790841600,Up,0.2/3;0.5/5;1.0/8,0.545,0.605,0.385,0.675
1790841662.67,1790841600,Down,0.2/3;0.5/5;1.0/8,0.375,0.365,0.645,0.415
1790841674.201,1790841600,Up,0.2/3;0.5/5;1.0/8,0.625,0.545,0.285,0.705
1790841692.986,1790841600,Up,0.2/3;0.5/5;1.0/8,0.405,0.285,0.545,0.935
1790841707.313,1790841600,Down,0.2/3;0.5/5;1.0/8,0.635,0.715,0.295,0.035
1790841717.328,1790841600,Down,0.2/3;0.5/5;1.0/8,0.725,0.625,0.375,
1790841727.94,1790841600,Down,0.2/3;0.5/5;1.0/8,0.685,0.455,0.345,
1790841742.535,1790841600,Up,0.2/3;0.5/5;1.0/8,0.555,0.675,0.755,0.995
1790841753.776,1790841600,Up,0.2/3;0.5/5;1.0/8,0.675,0.615,0.945,0.995
1790841768.5,1790841600,Down,0.2/3;0.5/5;1.0/8,0.375,0.275,0.035,
1790841781.213,1790841600,Down,0.2/3;0.5/5;1.0/8,0.335,0.135,,
1790841791.758,1790841600,Up,0.2/3;0.5/5;1.0/8,0.885,0.975,0.995,
1790841801.939,1790841600,Up,0.2/3;0.5/5;1.0/8,0.965,0.985,0.995,
1790841812.582,1790841600,Up,0.2/3;0.5/5;1.0/8,0.965,0.985,0.995,
1790841823.435,1790841600,Down,0.2/3;0.5/5;1.0/8,,,,
1790841836.734,1790841600,Down,0.2/3;0.5/5;1.0/8,,,,
1790841848.497,1790841600,Up,0.2/3;0.5/5;1.0/8,0.995,0.995,,
1790841860.794,1790841600,Up,0.2/3;0.5/5;1.0/8,0.995,,,
1790841871.594,1790841600,Down,0.2/3;0.5/5;1.0/8,,,,
1790841903.789,1790841900,Down,0.2/3;0.5/5;1.0/8,0.605,0.695,0.835,0.855
1790841914.314,1790841900,Down,0.2/3;0.5/5;1.0/8,0.655,0.645,0.745,0.855
1790841930.793,1790841900,Up,0.2/3;0.5/5;1.0/8,0.365,0.175,0.095,0.115
1790841940.8,1790841900,Up,0.2/3;0.5/5;1.0/8,0.195,0.195,0.145,0.125
1790841951.085,1790841900,Down,0.2/3;0.5/5;1.0/8,0.845,0.865,0.875,0.885
1790841961.111,1790841900,Down,0.2/3;0.5/5;1.0/8,0.825,0.905,0.875,0.895
1790841971.126,1790841900,Up,0.2/3;0.5/5;1.0/8,0.125,0.175,0.145,0.045
1790841982.442,1790841900,Down,0.2/3;0.5/5;1.0/8,0.895,0.855,0.855,0.995
1790841997.803,1790841900,Up,0.2/3;0.5/5;1.0/8,0.135,0.185,0.125,
1790842020.797,1790841900,Up,0.2/3;0.5/5;1.0/8,0.185,0.115,0.085,
1790842030.799,1790841900,Down,0.2/3;0.5/5;1.0/8,0.855,0.875,0.955,0.995
1790842065.791,1790841900,Up,0.2/3;0.5/5;1.0/8,0.085,0.025,,
1790842080.611,1790841900,Down,0.2/3;0.5/5;1.0/8,0.975,0.995,0.995,
1790842090.635,1790841900,Down,0.2/3;0.5/5;1.0/8,0.995,0.995,0.995,
1790842100.647,1790841900,Down,0.2/3;0.5/5;1.0/8,0.995,0.995,0.995,
1790842110.789,1790841900,Up,0.2/3;0.5/5;1.0/8,,,,
1790842125.784,1790841900,Up,0.2/3;0.5/5;1.0/8,,,,
1790842135.791,1790841900,Up,0.2/3;0.5/5;1.0/8,,,,
1790842145.803,1790841900,Up,0.2/3;0.5/5;1.0/8,,,,
1790842155.804,1790841900,Down,0.2/3;0.5/5;1.0/8,0.995,0.995,,
1790842167.222,1790841900,Down,0.2/3;0.5/5;1.0/8,0.995,,,
1790842203.518,1790842200,Up,0.2/3;0.5/5;1.0/8,0.535,0.725,0.855,0.585
1790842215.748,1790842200,Down,0.2/3;0.5/5;1.0/8,0.305,0.175,0.215,0.155
1790842225.795,1790842200,Up,0.2/3;0.5/5;1.0/8,0.795,0.845,0.635,0.56
1790842235.795,1790842200,Up,0.2/3;0.5/5;1.0/8,0.815,0.785,0.545,0.565
1790842250.807,1790842200,Up,0.2/3;0.5/5;1.0/8,0.785,0.775,0.645,0.695
1790842260.814,1790842200,Up,0.2/3;0.5/5;1.0/8,0.785,0.505,0.695,0.645
1790842280.496,1790842200,Down,0.2/3;0.5/5;1.0/8,0.455,0.355,0.165,0.225
1790842290.497,1790842200,Down,0.2/3;0.5/5;1.0/8,0.375,0.295,0.505,0.195
1790842305.802,1790842200,Up,0.2/3;0.5/5;1.0/8,0.695,0.845,0.595,0.345
1790842315.803,1790842200,Up,0.2/3;0.5/5;1.0/8,0.705,0.555,0.645,0.435
1790842330.672,1790842200,Up,0.2/3;0.5/5;1.0/8,0.565,0.555,0.785,0.605
1790842340.815,1790842200,Up,0.2/3;0.5/5;1.0/8,0.565,0.695,0.775,0.625
1790842351.277,1790842200,Down,0.2/3;0.5/5;1.0/8,0.37,0.355,0.185,0.825
1790842367.793,1790842200,Up,0.2/3;0.5/5;1.0/8,0.655,0.775,0.375,
1790842388.426,1790842200,Up,0.2/3;0.5/5;1.0/8,0.735,0.775,0.575,
1790842399.863,1790842200,Down,0.2/3;0.5/5;1.0/8,0.185,0.525,0.315,
1790842410.783,1790842200,Up,0.2/3;0.5/5;1.0/8,0.345,0.575,0.215,
1790842422.987,1790842200,Down,0.2/3;0.5/5;1.0/8,0.525,0.465,0.515,
1790842435.792,1790842200,Up,0.2/3;0.5/5;1.0/8,0.605,0.365,,
1790842447.694,1790842200,Down,0.2/3;0.5/5;1.0/8,0.615,0.84,,
1790842467.232,1790842200,Down,0.2/3;0.5/5;1.0/8,0.455,,,
1790842506.21,1790842500,Down,0.2/3;0.5/5;1.0/8,0.335,0.315,0.215,0.265
1790842516.227,1790842500,Up,0.2/3;0.5/5;1.0/8,0.645,0.625,0.705,0.645
1790842530.915,1790842500,Up,0.2/3;0.5/5;1.0/8,0.615,0.685,0.755,0.585
1790842540.934,1790842500,Down,0.2/3;0.5/5;1.0/8,0.345,0.225,0.135,0.165
1790842562.027,1790842500,Up,0.2/3;0.5/5;1.0/8,0.675,0.765,0.845,0.925
1790842572.182,1790842500,Down,0.2/3;0.5/5;1.0/8,0.305,0.155,0.325,0.025
1790842590.792,1790842500,Up,0.2/3;0.5/5;1.0/8,0.865,0.845,0.585,0.985
1790842600.793,1790842500,Up,0.2/3;0.5/5;1.0/8,0.885,0.625,0.825,0.985
1790842611.143,1790842500,Up,0.2/3;0.5/5;1.0/8,0.735,0.595,0.845,0.975
1790842621.736,1790842500,Down,0.2/3;0.5/5;1.0/8,0.375,0.425,0.075,
1790842639.426,1790842500,Down,0.2/3;0.5/5;1.0/8,0.435,0.175,0.015,
1790842652.359,1790842500,Down,0.2/3;0.5/5;1.0/8,0.185,0.075,,
1790842662.61,1790842500,Down,0.2/3;0.5/5;1.0/8,0.075,0.025,0.025,
1790842675.781,1790842500,Up,0.2/3;0.5/5;1.0/8,0.975,0.995,0.995,
1790842685.782,1790842500,Up,0.2/3;0.5/5;1.0/8,0.985,0.995,0.995,
1790842702.431,1790842500,Down,0.2/3;0.5/5;1.0/8,,0.015,,
1790842716.261,1790842500,Down,0.2/3;0.5/5;1.0/8,0.025,,,
1790842728.31,1790842500,Down,0.2/3;0.5/5;1.0/8,,,,
1790842738.54,1790842500,Down,0.2/3;0.5/5;1.0/8,,,,
1790842754.042,1790842500,Up,0.2/3;0.5/5;1.0/8,0.995,0.995,,
1790842770.782,1790842500,Up,0.2/3;0.5/5;1.0/8,0.995,,,
1790842811.568,1790842800,Down,0.2/3;0.5/5;1.0/8,0.615,0.695,0.655,0.595
1790842825.791,1790842800,Up,0.2/3;0.5/5;1.0/8,0.345,0.245,0.365,0.435
1790842838.813,1790842800,Down,0.2/3;0.5/5;1.0/8,0.735,0.735,0.575,0.315
1790842858.164,1790842800,Down,0.2/3;0.5/5;1.0/8,0.705,0.635,0.545,0.415
1790842869.293,1790842800,Up,0.2/3;0.5/5;1.0/8,0.345,0.425,0.415,0.765
1790842880.801,1790842800,Up,0.2/3;0.5/5;1.0/8,0.435,0.465,0.355,0.735
1790842890.803,1790842800,Up,0.2/3;0.5/5;1.0/8,0.475,0.285,0.515,0.545
1790842900.805,1790842800,Down,0.2/3;0.5/5;1.0/8,0.545,0.61,0.365,0.645
1790842910.815,1790842800,Up,0.2/3;0.5/5;1.0/8,0.405,0.355,0.625,0.73
1790842923.436,1790842800,Up,0.2/3;0.5/5;1.0/8,0.475,0.445,0.62,0.895
1790842949.311,1790842800,Up,0.2/3;0.5/5;1.0/8,0.615,0.585,0.655,0.985
1790842966.253,1790842800,Down,0.2/3;0.5/5;1.0/8,0.385,0.305,0.345,
1790842980.798,1790842800,Up,0.2/3;0.5/5;1.0/8,0.675,0.545,0.885,
1790842990.798,1790842800,Up,0.2/3;0.5/5;1.0/8,0.515,0.355,0.475,
1790843000.815,1790842800,Up,0.2/3;0.5/5;1.0/8,0.555,0.73,0.845,
1790843011.266,1790842800,Down,0.2/3;0.5/5;1.0/8,0.345,0.105,0.015,
1790843022.939,1790842800,Up,0.2/3;0.5/5;1.0/8,0.735,0.455,0.995,
1790843052.961,1790842800,Down,0.2/3;0.5/5;1.0/8,0.025,,,
1790843065.342,1790842800,Up,0.2/3;0.5/5;1.0/8,0.995,,,
1790843105.719,1790843100,Up,0.2/3;0.5/5;1.0/8,0.625,0.675,0.675,0.795
1790843116.289,1790843100,Up,0.2/3;0.5/5;1.0/8,0.665,0.755,0.765,0.73
1790843138.508,1790843100,Up,0.2/3;0.5/5;1.0/8,0.735,0.735,0.695,0.825
1790843165.043,1790843100,Down,0.2/3;0.5/5;1.0/8,0.215,0.225,0.185,0.345
1790843175.271,1790843100,Up,0.2/3;0.5/5;1.0/8,0.785,0.7,0.815,0.815
1790843186.945,1790843100,Up,0.2/3;0.5/5;1.0/8,0.645,0.765,0.885,0.805
1790843197.647,1790843100,Down,0.2/3;0.5/5;1.0/8,0.375,0.14,0.175,0.205
1790843207.945,1790843100,Down,0.2/3;0.5/5;1.0/8,0.22,0.125,0.165,0.325
1790843217.947,1790843100,Up,0.2/3;0.5/5;1.0/8,0.825,0.895,0.785,0.855
1790843235.32,1790843100,Down,0.2/3;0.5/5;1.0/8,0.095,0.195,0.185,0.015
1790843248.565,1790843100,Up,0.2/3;0.5/5;1.0/8,0.795,0.785,0.705,0.995
1790843263.851,1790843100,Down,0.2/3;0.5/5;1.0/8,0.215,0.165,0.185,
1790843274.676,1790843100,Down,0.2/3;0.5/5;1.0/8,0.205,0.215,0.155,
1790843287.633,1790843100,Up,0.2/3;0.5/5;1.0/8,0.835,0.795,0.915,
1790843300.703,1790843100,Up,0.2/3;0.5/5;1.0/8,0.825,0.685,0.975,
1790843326.287,1790843100,Down,0.2/3;0.5/5;1.0/8,0.155,0.075,,
1790843351.211,1790843100,Up,0.2/3;0.5/5;1.0/8,0.995,0.9995,,
1790843361.626,1790843100,Up,0.2/3;0.5/5;1.0/8,0.995,,,
1790843403.147,1790843400,Down,0.2/3;0.5/5;1.0/8,0.615,0.755,0.735,0.965
1790843425.236,1790843400,Down,0.2/3;0.5/5;1.0/8,0.755,0.885,0.685,0.985
1790843441.671,1790843400,Down,0.2/3;0.5/5;1.0/8,0.865,0.715,0.895,0.995
1790843451.678,1790843400,Down,0.2/3;0.5/5;1.0/8,0.745,0.755,0.895,0.995
1790843461.679,1790843400,Up,0.2/3;0.5/5;1.0/8,0.325,0.295,0.035,
1790843475.076,1790843400,Up,0.2/3;0.5/5;1.0/8,0.305,0.105,0.045,
1790843499.212,1790843400,Down,0.2/3;0.5/5;1.0/8,0.935,0.955,0.995,0.995
1790843513.003,1790843400,Down,0.2/3;0.5/5;1.0/8,0.965,0.985,0.995,0.995
1790843524.19,1790843400,Down,0.2/3;0.5/5;1.0/8,0.975,0.985,0.995,0.995
1790843535.137,1790843400,Up,0.2/3;0.5/5;1.0/8,0.015,,,
1790843549.724,1790843400,Down,0.2/3;0.5/5;1.0/8,0.995,0.995,0.995,0.9995
1790843565.14,1790843400,Down,0.2/3;0.5/5;1.0/8,0.995,0.995,0.995,0.9995
1790843578.766,1790843400,Down,0.2/3;0.5/5;1.0/8,0.995,0.995,0.995,
1790843597.512,1790843400,Down,0.2/3;0.5/5;1.0/8,0.995,0.995,0.9995,
1790843609.467,1790843400,Up,0.2/3;0.5/5;1.0/8,,,,
1790843625.484,1790843400,Up,0.2/3;0.5/5;1.0/8,,,,
1790843635.515,1790843400,Down,0.2/3;0.5/5;1.0/8,0.9995,0.9995,,
1790843645.524,1790843400,Up,0.2/3;0.5/5;1.0/8,,,,
1790843656.58,1790843400,Down,0.2/3;0.5/5;1.0/8,0.9995,0.9995,,
1790843702.241,1790843700,Up,0.2/3;0.5/5;1.0/8,0.425,0.435,0.815,0.935
1790843712.899,1790843700,Down,0.2/3;0.5/5;1.0/8,0.565,0.585,0.055,0.025
1790843735.999,1790843700,Down,0.2/3;0.5/5;1.0/8,0.545,0.155,0.065,0.015
1790843752.442,1790843700,Up,0.2/3;0.5/5;1.0/8,0.885,0.935,0.915,0.995
1790843764.239,1790843700,Up,0.2/3;0.5/5;1.0/8,0.955,0.875,0.965,0.995
1790843774.337,1790843700,Up,0.2/3;0.5/5;1.0/8,0.965,0.935,0.975,0.995
1790843784.887,1790843700,Up,0.2/3;0.5/5;1.0/8,0.965,0.905,0.985,0.995
1790843794.904,1790843700,Up,0.2/3;0.5/5;1.0/8,0.955,0.965,0.985,0.9995
1790843810.598,1790843700,Down,0.2/3;0.5/5;1.0/8,0.045,0.015,,
1790843820.731,1790843700,Down,0.2/3;0.5/5;1.0/8,0.025,0.015,,
1790843837.131,1790843700,Up,0.2/3;0.5/5;1.0/8,0.985,0.985,0.995,0.9995
1790843855.632,1790843700,Up,0.2/3;0.5/5;1.0/8,0.995,0.995,0.9995,0.9995
1790843865.694,1790843700,Up,0.2/3;0.5/5;1.0/8,0.995,0.995,0.9995,0.9995
1790843880.821,1790843700,Down,0.2/3;0.5/5;1.0/8,,,,
1790843897.142,1790843700,Up,0.2/3;0.5/5;1.0/8,0.9995,0.9995,0.9995,
1790843913.464,1790843700,Up,0.2/3;0.5/5;1.0/8,0.9995,0.9995,0.9995,
1790843935.368,1790843700,Down,0.2/3;0.5/5;1.0/8,,,,
1790843946.458,1790843700,Up,0.2/3;0.5/5;1.0/8,0.9995,0.9995,,
1790843961.293,1790843700,Up,0.2/3;0.5/5;1.0/8,0.9995,,,
1790844008.312,1790844000,Down,0.2/3;0.5/5;1.0/8,0.485,0.495,0.465,0.205
1790844019.364,1790844000,Up,0.2/3;0.5/5;1.0/8,0.535,0.495,0.475,0.865
1790844029.396,1790844000,Up,0.2/3;0.5/5;1.0/8,0.515,0.425,0.595,0.825
1790844049.24,1790844000,Down,0.2/3;0.5/5;1.0/8,0.615,0.52,0.245,0.035
1790844059.451,1790844000,Down,0.2/3;0.5/5;1.0/8,0.425,0.405,0.225,0.015
1790844071.343,1790844000,Up,0.2/3;0.5/5;1.0/8,0.575,0.675,0.79,0.985
1790844087.226,1790844000,Up,0.2/3;0.5/5;1.0/8,0.675,0.775,0.825,0.995
1790844100.53,1790844000,Up,0.2/3;0.5/5;1.0/8,0.735,0.825,0.905,0.995
1790844115.749,1790844000,Up,0.2/3;0.5/5;1.0/8,0.825,0.835,0.985,0.995
1790844128.132,1790844000,Up,0.2/3;0.5/5;1.0/8,0.865,0.845,0.985,0.9995
1790844142.838,1790844000,Down,0.2/3;0.5/5;1.0/8,0.155,0.035,0.015,
1790844158.908,1790844000,Up,0.2/3;0.5/5;1.0/8,0.975,0.985,0.995,0.9995
1790844173.651,1790844000,Up,0.2/3;0.5/5;1.0/8,0.985,0.985,0.995,
1790844207.851,1790844000,Down,0.2/3;0.5/5;1.0/8,0.015,,,
1790844217.853,1790844000,Down,0.2/3;0.5/5;1.0/8,0.015,,,
1790844229.581,1790844000,Down,0.2/3;0.5/5;1.0/8,,,,
1790844250.082,1790844000,Up,0.2/3;0.5/5;1.0/8,0.9995,0.9995,,
1790844263.525,1790844000,Down,0.2/3;0.5/5;1.0/8,,,,
1790844317.594,1790844300,Down,0.2/3;0.5/5;1.0/8,0.615,0.675,0.795,0.43
1790844329.855,1790844300,Up,0.2/3;0.5/5;1.0/8,0.345,0.285,0.225,0.615
1790844355.205,1790844300,Up,0.2/3;0.5/5;1.0/8,0.205,0.215,0.245,0.615
1790844365.917,1790844300,Down,0.2/3;0.5/5;1.0/8,0.815,0.715,0.725,0.52
1790844391.772,1790844300,Up,0.2/3;0.5/5;1.0/8,0.345,0.225,0.605,0.205
1790844405.764,1790844300,Up,0.2/3;0.5/5;1.0/8,0.225,0.525,0.565,0.205
1790844426.482,1790844300,Up,0.2/3;0.5/5;1.0/8,0.565,0.505,0.475,0.205
1790844438.61,1790844300,Up,0.2/3;0.5/5;1.0/8,0.635,0.545,0.325,0.205
1790844454.493,1790844300,Down,0.2/3;0.5/5;1.0/8,0.415,0.385,0.795,0.795
1790844480.798,1790844300,Down,0.2/3;0.5/5;1.0/8,0.655,0.795,0.795,
1790844511.201,1790844300,Up,0.2/3;0.5/5;1.0/8,0.205,0.205,0.205,
1790844526.421,1790844300,Up,0.2/3;0.5/5;1.0/8,0.205,0.205,0.205,
1790844537.142,1790844300,Up,0.2/3;0.5/5;1.0/8,0.205,0.205,,
1790844555.569,1790844300,Down,0.2/3;0.5/5;1.0/8,0.795,0.795,,
1790844617.938,1790844600,Down,0.2/3;0.5/5;1.0/8,0.485,0.465,0.485,0.055
1790844629.597,1790844600,Up,0.2/3;0.5/5;1.0/8,0.565,0.455,0.775,0.965
1790844652.568,1790844600,Down,0.2/3;0.5/5;1.0/8,0.565,0.415,0.075,0.035
1790844663.009,1790844600,Up,0.2/3;0.5/5;1.0/8,0.515,0.855,0.935,0.965
1790844680.014,1790844600,Up,0.2/3;0.5/5;1.0/8,0.885,0.915,0.945,0.895
1790844690.455,1790844600,Up,0.2/3;0.5/5;1.0/8,0.875,0.925,0.955,0.915
1790844700.456,1790844600,Down,0.2/3;0.5/5;1.0/8,0.095,0.055,0.045,0.285
1790844711.38,1790844600,Up,0.2/3;0.5/5;1.0/8,0.935,0.955,0.965,0.775
1790844725.969,1790844600,Up,0.2/3;0.5/5;1.0/8,0.955,0.955,0.895,0.855
1790844742.441,1790844600,Up,0.2/3;0.5/5;1.0/8,0.955,0.965,0.905,0.935
1790844764.803,1790844600,Down,0.2/3;0.5/5;1.0/8,0.035,0.115,0.275,
1790844783.701,1790844600,Down,0.2/3;0.5/5;1.0/8,0.105,0.045,0.155,
1790844814.534,1790844600,Down,0.2/3;0.5/5;1.0/8,0.245,0.125,0.045,
1790844864.541,1790844600,Down,0.2/3;0.5/5;1.0/8,0.045,,,
1790844903.06,1790844900,Up,0.2/3;0.5/5;1.0/8,0.565,0.595,0.865,0.905
1790844915.916,1790844900,Down,0.2/3;0.5/5;1.0/8,0.325,0.225,0.105,0.135
1790844927.731,1790844900,Up,0.2/3;0.5/5;1.0/8,0.725,0.835,0.895,0.935
1790844941.18,1790844900,Up,0.2/3;0.5/5;1.0/8,0.835,0.875,0.905,0.955
1790844951.975,1790844900,Up,0.2/3;0.5/5;1.0/8,0.865,0.885,0.915,0.875
1790844974.549,1790844900,Up,0.2/3;0.5/5;1.0/8,0.905,0.905,0.885,0.965
1790845021.24,1790844900,Down,0.2/3;0.5/5;1.0/8,0.125,0.055,0.065,
1790845035.283,1790844900,Down,0.2/3;0.5/5;1.0/8,0.055,0.045,0.035,
1790845066.855,1790844900,Down,0.2/3;0.5/5;1.0/8,0.065,0.025,,
1790845092.898,1790844900,Up,0.2/3;0.5/5;1.0/8,0.975,0.995,0.995,
1790845127.048,1790844900,Down,0.2/3;0.5/5;1.0/8,,,,
1790845211.378,1790845200,Up,0.2/3;0.5/5;1.0/8,0.65,0.625,0.595,0.495
1790845223.087,1790845200,Down,0.2/3;0.5/5;1.0/8,0.365,0.345,0.345,0.505
1790845252.93,1790845200,Down,0.2/3;0.5/5;1.0/8,0.405,0.345,0.505,0.505
1790845287.022,1790845200,Down,0.2/3;0.5/5;1.0/8,0.505,0.505,0.505,0.505
1790845306.899,1790845200,Down,0.2/3;0.5/5;1.0/8,0.505,0.505,0.505,0.505
1790845329.997,1790845200,Up,0.2/3;0.5/5;1.0/8,0.495,0.495,0.495,0.495
1790845356.19,1790845200,Down,0.2/3;0.5/5;1.0/8,0.505,0.505,0.505,0.505
1790845367.559,1790845200,Down,0.2/3;0.5/5;1.0/8,0.505,0.505,0.505,
1790845407.491,1790845200,Up,0.2/3;0.5/5;1.0/8,0.495,0.495,0.495,
1790845424.63,1790845200,Down,0.2/3;0.5/5;1.0/8,0.505,0.505,0.505,
1790845451.44,1790845200,Up,0.2/3;0.5/5;1.0/8,0.495,0.495,,
1790845462.278,1790845200,Down,0.2/3;0.5/5;1.0/8,0.505,,,
1790845528.912,1790845500,Down,0.2/3;0.5/5;1.0/8,0.435,0.405,0.325,0.085
1790845599.747,1790845500,Up,0.2/3;0.5/5;1.0/8,0.755,0.805,0.925,0.955
1790845617.73,1790845500,Down,0.2/3;0.5/5;1.0/8,0.135,0.085,0.175,0.015
1790845630.314,1790845500,Up,0.2/3;0.5/5;1.0/8,0.915,0.925,0.925,0.995
1790845646.018,1790845500,Up,0.2/3;0.5/5;1.0/8,0.925,0.845,0.965,0.995
1790845656.324,1790845500,Down,0.2/3;0.5/5;1.0/8,0.14,0.085,0.025,
1790845669.139,1790845500,Down,0.2/3;0.5/5;1.0/8,0.085,0.035,0.055,
1790845696.126,1790845500,Up,0.2/3;0.5/5;1.0/8,0.955,0.935,0.995,
1790845724.166,1790845500,Down,0.2/3;0.5/5;1.0/8,0.015,,,
1790845757.257,1790845500,Up,0.2/3;0.5/5;1.0/8,0.995,,,
1790845827.777,1790845800,Up,0.2/3;0.5/5;1.0/8,0.805,0.845,0.945,0.915
1790845844.539,1790845800,Down,0.2/3;0.5/5;1.0/8,0.115,0.025,0.195,0.085
1790845857.492,1790845800,Up,0.2/3;0.5/5;1.0/8,0.965,0.945,0.875,0.815
1790845867.493,1790845800,Up,0.2/3;0.5/5;1.0/8,0.935,0.915,0.905,0.815
1790845877.667,1790845800,Down,0.2/3;0.5/5;1.0/8,0.085,0.225,0.095,0.185
1790845889.247,1790845800,Down,0.2/3;0.5/5;1.0/8,0.185,0.125,0.115,0.185
1790845900.013,1790845800,Down,0.2/3;0.5/5;1.0/8,0.19,0.095,0.085,0.185
1790845914.777,1790845800,Up,0.2/3;0.5/5;1.0/8,0.905,0.845,0.845,0.815
1790845943.507,1790845800,Down,0.2/3;0.5/5;1.0/8,0.085,0.155,0.185,0.185
1790845953.507,1790845800,Down,0.2/3;0.5/5;1.0/8,0.115,0.185,0.185,0.185
1790845965.457,1790845800,Down,0.2/3;0.5/5;1.0/8,0.185,0.185,0.185,0.185
1790845978.059,1790845800,Down,0.2/3;0.5/5;1.0/8,0.185,0.185,0.185,
1790845997.051,1790845800,Down,0.2/3;0.5/5;1.0/8,0.185,0.185,0.185,
1790846008.799,1790845800,Down,0.2/3;0.5/5;1.0/8,0.185,0.185,0.185,
1790846018.801,1790845800,Up,0.2/3;0.5/5;1.0/8,0.815,0.815,0.815,
1790846034.471,1790845800,Up,0.2/3;0.5/5;1.0/8,0.815,0.815,,
1790846053.992,1790845800,Down,0.2/3;0.5/5;1.0/8,0.185,0.185,,
1790846105.645,1790846100,Up,0.2/3;0.5/5;1.0/8,0.645,0.585,0.505,0.435
1790846138.689,1790846100,Down,0.2/3;0.5/5;1.0/8,0.505,0.485,0.385,0.475
1790846153.227,1790846100,Down,0.2/3;0.5/5;1.0/8,0.485,0.365,0.44,0.405
1790846181.185,1790846100,Up,0.2/3;0.5/5;1.0/8,0.615,0.575,0.555,0.695
1790846200.774,1790846100,Down,0.2/3;0.5/5;1.0/8,0.465,0.445,0.445,0.305
1790846225.15,1790846100,Down,0.2/3;0.5/5;1.0/8,0.415,0.485,0.425,0.305
1790846235.178,1790846100,Up,0.2/3;0.5/5;1.0/8,0.51,0.575,0.695,0.695
1790846265.168,1790846100,Up,0.2/3;0.5/5;1.0/8,0.525,0.695,0.695,0.695
1790846284.961,1790846100,Up,0.2/3;0.5/5;1.0/8,0.695,0.695,0.695,
1790846299.065,1790846100,Up,0.2/3;0.5/5;1.0/8,0.695,0.695,0.695,
1790846310.9,1790846100,Up,0.2/3;0.5/5;1.0/8,0.695,0.695,0.695,
1790846359.326,1790846100,Down,0.2/3;0.5/5;1.0/8,0.305,,,
1790846410.762,1790846400,Up,0.2/3;0.5/5;1.0/8,0.475,0.445,0.435,0.785
1790846427.186,1790846400,Down,0.2/3;0.5/5;1.0/8,0.595,0.585,0.585,0.215
1790846500.189,1790846400,Up,0.2/3;0.5/5;1.0/8,0.785,0.785,0.785,0.785
1790846529.058,1790846400,Up,0.2/3;0.5/5;1.0/8,0.785,0.785,0.785,0.785
1790846546.579,1790846400,Down,0.2/3;0.5/5;1.0/8,0.215,0.215,0.215,0.215
1790846580.017,1790846400,Down,0.2/3;0.5/5;1.0/8,0.215,0.215,0.215,
1790846594.713,1790846400,Down,0.2/3;0.5/5;1.0/8,0.215,0.215,0.215,
1790846610.092,1790846400,Down,0.2/3;0.5/5;1.0/8,0.215,0.215,0.215,
1790846642.677,1790846400,Up,0.2/3;0.5/5;1.0/8,0.785,0.785,,
1790846670.427,1790846400,Up,0.2/3;0.5/5;1.0/8,0.785,,,
1790846707.47,1790846700,Up,0.2/3;0.5/5;1.0/8,0.495,0.515,0.505,0.355
1790846737.107,1790846700,Up,0.2/3;0.5/5;1.0/8,0.525,0.505,0.505,0.275
1790846775.226,1790846700,Down,0.2/3;0.5/5;1.0/8,0.505,0.495,0.595,0.635
1790846820.792,1790846700,Down,0.2/3;0.5/5;1.0/8,0.585,0.645,0.865,0.205
1790846875.442,1790846700,Down,0.2/3;0.5/5;1.0/8,0.865,0.68,0.245,
1790846889.889,1790846700,Up,0.2/3;0.5/5;1.0/8,0.355,0.7,0.945,
1790846917.449,1790846700,Up,0.2/3;0.5/5;1.0/8,0.745,0.945,0.995,
1790847014.195,1790847000,Up,0.2/3;0.5/5;1.0/8,0.735,0.745,0.745,0.745
1790847024.197,1790847000,Up,0.2/3;0.5/5;1.0/8,0.745,0.745,0.745,0.745
1790847034.585,1790847000,Down,0.2/3;0.5/5;1.0/8,0.255,0.255,0.255,0.255
1790847083.201,1790847000,Up,0.2/3;0.5/5;1.0/8,0.745,0.745,0.745,0.745
1790847108.645,1790847000,Up,0.2/3;0.5/5;1.0/8,0.745,0.745,0.745,0.745
1790847124.245,1790847000,Up,0.2/3;0.5/5;1.0/8,0.745,0.745,0.745,0.745
1790847149.873,1790847000,Up,0.2/3;0.5/5;1.0/8,0.745,0.745,0.745,0.745
1790847160.055,1790847000,Down,0.2/3;0.5/5;1.0/8,0.255,0.255,0.255,0.255
1790847173.206,1790847000,Up,0.2/3;0.5/5;1.0/8,0.745,0.745,0.745,
1790847184.66,1790847000,Down,0.2/3;0.5/5;1.0/8,0.255,0.255,0.255,
1790847198.52,1790847000,Down,0.2/3;0.5/5;1.0/8,0.255,0.255,0.255,
1790847245.931,1790847000,Down,0.2/3;0.5/5;1.0/8,0.255,0.255,,
1790847335.94,1790847300,Up,0.2/3;0.5/5;1.0/8,0.565,0.545,0.505,0.435
1790847392.712,1790847300,Down,0.2/3;0.5/5;1.0/8,0.695,0.705,0.565,0.465
1790847404.444,1790847300,Down,0.2/3;0.5/5;1.0/8,0.745,0.775,0.385,0.345
1790847445.709,1790847300,Up,0.2/3;0.5/5;1.0/8,0.585,0.475,0.515,
1790847456.665,1790847300,Up,0.2/3;0.5/5;1.0/8,0.585,0.555,0.735,
1790847527.73,1790847300,Down,0.2/3;0.5/5;1.0/8,0.82,0.995,,
1790847549.226,1790847300,Down,0.2/3;0.5/5;1.0/8,0.995,0.995,,
1790847643.74,1790847600,Up,0.2/3;0.5/5;1.0/8,0.745,0.745,0.785,0.885
1790847682.502,1790847600,Down,0.2/3;0.5/5;1.0/8,0.285,0.175,0.265,0.025
1790847699.883,1790847600,Up,0.2/3;0.5/5;1.0/8,0.785,0.695,0.865,0.995
1790847714.278,1790847600,Up,0.2/3;0.5/5;1.0/8,0.695,0.745,0.865,0.995
1790847725.754,1790847600,Down,0.2/3;0.5/5;1.0/8,0.275,0.195,0.035,
1790847781.018,1790847600,Up,0.2/3;0.5/5;1.0/8,0.975,0.985,0.995,
1790847792.261,1790847600,Up,0.2/3;0.5/5;1.0/8,0.985,0.995,0.995,
1790847844.929,1790847600,Up,0.2/3;0.5/5;1.0/8,0.995,0.995,,
1790847913.221,1790847900,Down,0.2/3;0.5/5;1.0/8,0.725,0.725,0.745,0.695
1790847932.185,1790847900,Down,0.2/3;0.5/5;1.0/8,0.705,0.725,0.675,0.665
1790847943.768,1790847900,Up,0.2/3;0.5/5;1.0/8,0.265,0.255,0.285,0.38
1790847962.105,1790847900,Up,0.2/3;0.5/5;1.0/8,0.285,0.325,0.335,0.405
1790847992.591,1790847900,Up,0.2/3;0.5/5;1.0/8,0.295,0.335,0.335,0.545
1790848051.678,1790847900,Up,0.2/3;0.5/5;1.0/8,0.405,0.405,0.555,0.785
1790848091.105,1790847900,Up,0.2/3;0.5/5;1.0/8,0.485,0.795,0.785,
1790848118.757,1790847900,Up,0.2/3;0.5/5;1.0/8,0.785,0.785,0.785,
1790848134.998,1790847900,Down,0.2/3;0.5/5;1.0/8,0.215,0.215,,
1790848151.262,1790847900,Down,0.2/3;0.5/5;1.0/8,0.215,0.215,,
1790848161.785,1790847900,Down,0.2/3;0.5/5;1.0/8,0.215,,,
1790848171.785,1790847900,Up,0.2/3;0.5/5;1.0/8,0.785,,,
1790848205.72,1790848200,Down,0.2/3;0.5/5;1.0/8,0.775,0.635,0.635,0.635
1790848222.71,1790848200,Up,0.2/3;0.5/5;1.0/8,0.365,0.365,0.365,0.365
1790848233.315,1790848200,Up,0.2/3;0.5/5;1.0/8,0.365,0.365,0.365,0.365
1790848266.448,1790848200,Down,0.2/3;0.5/5;1.0/8,0.635,0.635,0.635,0.635
1790848282.629,1790848200,Down,0.2/3;0.5/5;1.0/8,0.635,0.635,0.635,0.635
1790848318.725,1790848200,Up,0.2/3;0.5/5;1.0/8,0.365,0.365,0.365,0.365
1790848346.636,1790848200,Down,0.2/3;0.5/5;1.0/8,0.635,0.635,0.635,0.635
1790848362.123,1790848200,Down,0.2/3;0.5/5;1.0/8,0.635,0.635,0.635,0.635
1790848384.521,1790848200,Down,0.2/3;0.5/5;1.0/8,0.635,0.635,0.635,
1790848395.634,1790848200,Down,0.2/3;0.5/5;1.0/8,0.635,0.635,0.635,
1790848414.736,1790848200,Down,0.2/3;0.5/5;1.0/8,0.635,0.635,0.635,
1790848427.949,1790848200,Up,0.2/3;0.5/5;1.0/8,0.365,0.365,,
1790848438.748,1790848200,Up,0.2/3;0.5/5;1.0/8,0.365,0.365,,
1790848455.301,1790848200,Down,0.2/3;0.5/5;1.0/8,0.635,0.635,,
1790848518.344,1790848500,Down,0.2/3;0.5/5;1.0/8,0.705,0.785,0.855,0.91
1790848562.051,1790848500,Down,0.2/3;0.5/5;1.0/8,0.855,0.885,0.885,0.675
1790848576.376,1790848500,Up,0.2/3;0.5/5;1.0/8,0.115,0.155,0.075,0.235
1790848598.174,1790848500,Up,0.2/3;0.5/5;1.0/8,0.145,0.075,0.045,0.125
1790848662.813,1790848500,Up,0.2/3;0.5/5;1.0/8,0.175,0.165,0.135,0.235
1790848673.751,1790848500,Up,0.2/3;0.5/5;1.0/8,0.145,0.185,0.185,
1790848684.581,1790848500,Down,0.2/3;0.5/5;1.0/8,0.815,0.885,0.755,
1790848745.339,1790848500,Up,0.2/3;0.5/5;1.0/8,0.235,0.235,,
1790848761.363,1790848500,Down,0.2/3;0.5/5;1.0/8,0.765,,,
1790848802.506,1790848800,Down,0.2/3;0.5/5;1.0/8,0.53,0.545,0.545,0.545
1790848814.817,1790848800,Down,0.2/3;0.5/5;1.0/8,0.545,0.545,0.545,0.545
1790848824.845,1790848800,Down,0.2/3;0.5/5;1.0/8,0.545,0.545,0.545,0.545
1790848838.581,1790848800,Down,0.2/3;0.5/5;1.0/8,0.545,0.545,0.545,0.545
1790848862.458,1790848800,Down,0.2/3;0.5/5;1.0/8,0.545,0.545,0.545,0.545
1790848898.258,1790848800,Down,0.2/3;0.5/5;1.0/8,0.545,0.545,0.545,0.545
1790848913.101,1790848800,Down,0.2/3;0.5/5;1.0/8,0.545,0.545,0.545,0.545
1790848923.381,1790848800,Down,0.2/3;0.5/5;1.0/8,0.545,0.545,0.545,0.545
1790848933.382,1790848800,Down,0.2/3;0.5/5;1.0/8,0.545,0.545,0.545,0.545
1790848951.72,1790848800,Up,0.2/3;0.5/5;1.0/8,0.455,0.455,0.455,0.455
1790848965.611,1790848800,Down,0.2/3;0.5/5;1.0/8,0.545,0.545,0.545,0.545
1790848976.162,1790848800,Up,0.2/3;0.5/5;1.0/8,0.455,0.455,0.455,
1790848992.525,1790848800,Up,0.2/3;0.5/5;1.0/8,0.455,0.455,0.455,
1790849002.547,1790848800,Up,0.2/3;0.5/5;1.0/8,0.455,0.455,0.455,
1790849013.334,1790848800,Down,0.2/3;0.5/5;1.0/8,0.545,0.545,0.545,
1790849027.971,1790848800,Up,0.2/3;0.5/5;1.0/8,0.455,0.455,,
1790849038.601,1790848800,Down,0.2/3;0.5/5;1.0/8,0.545,0.545,,
1790849060.266,1790848800,Down,0.2/3;0.5/5;1.0/8,0.545,,,
1790849106.701,1790849100,Down,0.2/3;0.5/5;1.0/8,0.775,0.695,0.915,0.815
1790849126.151,1790849100,Down,0.2/3;0.5/5;1.0/8,0.695,0.835,0.865,0.675
1790849137.978,1790849100,Up,0.2/3;0.5/5;1.0/8,0.205,0.095,0.135,0.325
1790849147.993,1790849100,Down,0.2/3;0.5/5;1.0/8,0.885,0.91,0.875,0.675
1790849158.012,1790849100,Down,0.2/3;0.5/5;1.0/8,0.875,0.845,0.815,0.675
1790849168.107,1790849100,Up,0.2/3;0.5/5;1.0/8,0.085,0.135,0.185,0.325
1790849182.164,1790849100,Down,0.2/3;0.5/5;1.0/8,0.865,0.855,0.675,0.675
1790849196.515,1790849100,Up,0.2/3;0.5/5;1.0/8,0.135,0.175,0.325,0.325
1790849208.928,1790849100,Up,0.2/3;0.5/5;1.0/8,0.175,0.415,0.325,0.325
1790849228.496,1790849100,Up,0.2/3;0.5/5;1.0/8,0.325,0.325,0.325,0.325
1790849248.478,1790849100,Up,0.2/3;0.5/5;1.0/8,0.325,0.325,0.325,0.325
1790849260.417,1790849100,Up,0.2/3;0.5/5;1.0/8,0.325,0.325,0.325,0.325
1790849288.186,1790849100,Up,0.2/3;0.5/5;1.0/8,0.325,0.325,0.325,
1790849328.721,1790849100,Up,0.2/3;0.5/5;1.0/8,0.325,0.325,,
1790849345.356,1790849100,Up,0.2/3;0.5/5;1.0/8,0.325,0.325,,
1790849418.704,1790849400,Down,0.2/3;0.5/5;1.0/8,0.635,0.595,0.805,0.635
1790849431.927,1790849400,Up,0.2/3;0.5/5;1.0/8,0.425,0.335,0.265,0.495
1790849460.809,1790849400,Down,0.2/3;0.5/5;1.0/8,0.805,0.725,0.645,0.635
1790849479.381,1790849400,Down,0.2/3;0.5/5;1.0/8,0.745,0.695,0.615,0.145
1790849489.643,1790849400,Up,0.2/3;0.5/5;1.0/8,0.215,0.345,0.455,0.775
1790849501.217,1790849400,Down,0.2/3;0.5/5;1.0/8,0.705,0.585,0.595,0.255
1790849517.997,1790849400,Up,0.2/3;0.5/5;1.0/8,0.415,0.415,0.295,0.375
1790849541.584,1790849400,Up,0.2/3;0.5/5;1.0/8,0.405,0.395,0.835,0.965
1790849594.862,1790849400,Up,0.2/3;0.5/5;1.0/8,0.775,0.405,0.945,
1790849619.657,1790849400,Down,0.2/3;0.5/5;1.0/8,0.615,0.075,,
1790849635.361,1790849400,Down,0.2/3;0.5/5;1.0/8,0.085,0.025,,
1790849705.821,1790849700,Down,0.2/3;0.5/5;1.0/8,0.725,0.735,0.845,0.975
1790849718.917,1790849700,Down,0.2/3;0.5/5;1.0/8,0.745,0.825,0.905,0.985
1790849737.954,1790849700,Down,0.2/3;0.5/5;1.0/8,0.815,0.795,0.925,0.995
1790849748.175,1790849700,Down,0.2/3;0.5/5;1.0/8,0.855,0.905,0.965,0.935
1790849767.35,1790849700,Up,0.2/3;0.5/5;1.0/8,0.095,0.075,0.015,0.1345
1790849786.397,1790849700,Down,0.2/3;0.5/5;1.0/8,0.935,0.965,0.975,0.8005
1790849802.232,1790849700,Down,0.2/3;0.5/5;1.0/8,0.965,0.985,0.995,0.8005
1790849820.737,1790849700,Down,0.2/3;0.5/5;1.0/8,0.995,0.985,0.9325,0.8005
1790849831.222,1790849700,Down,0.2/3;0.5/5;1.0/8,0.975,0.995,0.8505,0.8005
1790849842.614,1790849700,Up,0.2/3;0.5/5;1.0/8,,0.045,0.1995,0.1995
1790849863.816,1790849700,Up,0.2/3;0.5/5;1.0/8,0.0645,0.153,0.1995,0.1995
1790849875.358,1790849700,Up,0.2/3;0.5/5;1.0/8,0.145,0.1995,0.1995,
1790849886.656,1790849700,Up,0.2/3;0.5/5;1.0/8,0.1995,0.1995,0.1995,
1790849900.629,1790849700,Down,0.2/3;0.5/5;1.0/8,0.8005,0.8005,0.8005,
1790849913.507,1790849700,Down,0.2/3;0.5/5;1.0/8,0.8005,0.8005,0.8005,
1790849923.795,1790849700,Up,0.2/3;0.5/5;1.0/8,0.1995,0.1995,0.1995,
1790849933.798,1790849700,Up,0.2/3;0.5/5;1.0/8,0.1995,0.1995,,
1790849944.704,1790849700,Down,0.2/3;0.5/5;1.0/8,0.8005,0.8005,,
1790849957.644,1790849700,Down,0.2/3;0.5/5;1.0/8,0.8005,,,
1790850008.305,1790850000,Up,0.2/3;0.5/5;1.0/8,0.505,0.475,0.645,0.865
1790850021.025,1790850000,Down,0.2/3;0.5/5;1.0/8,0.555,0.495,0.235,0.135
1790850055.519,1790850000,Up,0.2/3;0.5/5;1.0/8,0.565,0.715,0.805,0.865
1790850071.089,1790850000,Down,0.2/3;0.5/5;1.0/8,0.285,0.175,0.135,0.135
1790850095.302,1790850000,Up,0.2/3;0.5/5;1.0/8,0.805,0.865,0.865,0.865
1790850113.338,1790850000,Down,0.2/3;0.5/5;1.0/8,0.135,0.135,0.135,0.135
1790850127.973,1790850000,Down,0.2/3;0.5/5;1.0/8,0.135,0.135,0.135,0.135
1790850139.728,1790850000,Down,0.2/3;0.5/5;1.0/8,0.135,0.135,0.135,0.135
1790850157.594,1790850000,Down,0.2/3;0.5/5;1.0/8,0.135,0.135,0.135,0.135
1790850219.516,1790850000,Up,0.2/3;0.5/5;1.0/8,0.865,0.865,0.865,
1790850247.555,1790850000,Down,0.2/3;0.5/5;1.0/8,0.135,0.135,,
1790850320.86,1790850300,Down,0.2/3;0.5/5;1.0/8,0.705,0.685,0.665,0.955
1790850331.653,1790850300,Down,0.2/3;0.5/5;1.0/8,0.715,0.765,0.775,0.945
1790850364.939,1790850300,Down,0.2/3;0.5/5;1.0/8,0.665,0.705,0.915,0.995
1790850378.423,1790850300,Up,0.2/3;0.5/5;1.0/8,0.275,0.125,0.045,
1790850402.474,1790850300,Down,0.2/3;0.5/5;1.0/8,0.925,0.945,0.955,0.995
1790850416.225,1790850300,Down,0.2/3;0.5/5;1.0/8,0.945,0.965,0.985,0.915
1790850427.791,1790850300,Down,0.2/3;0.5/5;1.0/8,0.955,0.965,0.995,0.995
1790850446.466,1790850300,Up,0.2/3;0.5/5;1.0/8,0.035,0.015,,
1790850476.688,1790850300,Down,0.2/3;0.5/5;1.0/8,0.995,0.995,0.915,
1790850492.494,1790850300,Down,0.2/3;0.5/5;1.0/8,0.995,0.995,0.995,
1790850505.533,1790850300,Down,0.2/3;0.5/5;1.0/8,0.995,0.905,0.995,
1790850530.319,1790850300,Up,0.2/3;0.5/5;1.0/8,,,,
1790850545.947,1790850300,Down,0.2/3;0.5/5;1.0/8,0.995,0.995,,
1790850559.994,1790850300,Up,0.2/3;0.5/5;1.0/8,,,,
1790850606.245,1790850600,Up,0.2/3;0.5/5;1.0/8,0.705,0.715,0.825,0.965
1790850620.946,1790850600,Up,0.2/3;0.5/5;1.0/8,0.715,0.795,0.905,0.975
1790850634.392,1790850600,Up,0.2/3;0.5/5;1.0/8,0.785,0.825,0.935,0.985
1790850644.47,1790850600,Up,0.2/3;0.5/5;1.0/8,0.815,0.815,0.945,0.985
1790850676.425,1790850600,Up,0.2/3;0.5/5;1.0/8,0.865,0.955,0.975,0.995
1790850688.891,1790850600,Down,0.2/3;0.5/5;1.0/8,0.055,0.045,0.015,
1790850701.341,1790850600,Up,0.2/3;0.5/5;1.0/8,0.955,0.965,0.985,0.995
1790850742.513,1790850600,Up,0.2/3;0.5/5;1.0/8,0.985,0.985,0.995,0.995
1790850753.413,1790850600,Up,0.2/3;0.5/5;1.0/8,0.985,0.995,0.995,0.9995
1790850764.169,1790850600,Down,0.2/3;0.5/5;1.0/8,,,,
1790850846.641,1790850600,Up,0.2/3;0.5/5;1.0/8,0.995,0.9995,,
1790850858.244,1790850600,Down,0.2/3;0.5/5;1.0/8,,,,
1790850907.117,1790850900,Up,0.2/3;0.5/5;1.0/8,0.395,0.485,0.505,0.295
1790850928.79,1790850900,Up,0.2/3;0.5/5;1.0/8,0.485,0.485,0.405,0.285
1790850990.601,1790850900,Down,0.2/3;0.5/5;1.0/8,0.695,0.695,0.715,0.905
1790851029.65,1790850900,Up,0.2/3;0.5/5;1.0/8,0.325,0.225,0.175,
1790851054.967,1790850900,Down,0.2/3;0.5/5;1.0/8,0.705,0.835,0.955,0.995
1790851113.541,1790850900,Down,0.2/3;0.5/5;1.0/8,0.975,0.985,0.995,
1790851153.015,1790850900,Down,0.2/3;0.5/5;1.0/8,0.995,0.995,,
1790851211.149,1790851200,Up,0.2/3;0.5/5;1.0/8,0.475,0.325,0.405,0.895
1790851228.935,1790851200,Down,0.2/3;0.5/5;1.0/8,0.675,0.655,0.455,0.035
1790851287.871,1790851200,Up,0.2/3;0.5/5;1.0/8,0.705,0.705,0.965,0.995
1790851303.067,1790851200,Up,0.2/3;0.5/5;1.0/8,0.705,0.885,0.985,0.995
1790851328.181,1790851200,Up,0.2/3;0.5/5;1.0/8,0.965,0.975,0.995,0.995
1790851338.468,1790851200,Up,0.2/3;0.5/5;1.0/8,0.965,0.985,0.995,0.995
1790851355.988,1790851200,Up,0.2/3;0.5/5;1.0/8,0.985,0.995,0.995,0.9995
1790851383.386,1790851200,Up,0.2/3;0.5/5;1.0/8,0.995,0.995,0.995,
1790851460.385,1790851200,Up,0.2/3;0.5/5;1.0/8,0.9995,,,
1790851470.929,1790851200,Down,0.2/3;0.5/5;1.0/8,,,,
1790851511.023,1790851500,Down,0.2/3;0.5/5;1.0/8,0.245,0.345,0.435,0.135
1790851524.615,1790851500,Up,0.2/3;0.5/5;1.0/8,0.645,0.565,0.765,0.975
1790851543.302,1790851500,Down,0.2/3;0.5/5;1.0/8,0.405,0.435,0.235,
1790851554.537,1790851500,Down,0.2/3;0.5/5;1.0/8,0.445,0.235,0.195,
1790851575.233,1790851500,Up,0.2/3;0.5/5;1.0/8,0.765,0.735,0.935,0.995
1790851632.925,1790851500,Up,0.2/3;0.5/5;1.0/8,0.985,0.995,0.995,0.995
1790851645.944,1790851500,Up,0.2/3;0.5/5;1.0/8,0.985,0.995,0.995,0.995
1790851660.911,1790851500,Up,0.2/3;0.5/5;1.0/8,0.995,0.995,0.995,0.995
1790851686.098,1790851500,Down,0.2/3;0.5/5;1.0/8,,,,
1790851706.256,1790851500,Up,0.2/3;0.5/5;1.0/8,0.995,0.995,0.995,
1790851737.405,1790851500,Down,0.2/3;0.5/5;1.0/8,,,,
1790851747.92,1790851500,Down,0.2/3;0.5/5;1.0/8,,,,
1790851758.561,1790851500,Down,0.2/3;0.5/5;1.0/8,,,,
1790851768.965,1790851500,Up,0.2/3;0.5/5;1.0/8,0.995,,,
1790851806.044,1790851800,Down,0.2/3;0.5/5;1.0/8,0.445,0.445,0.45,0.495
1790851840.757,1790851800,Down,0.2/3;0.5/5;1.0/8,0.645,0.445,0.465,0.465
1790851862.241,1790851800,Up,0.2/3;0.5/5;1.0/8,0.555,0.545,0.445,0.735
1790851876.659,1790851800,Up,0.2/3;0.5/5;1.0/8,0.525,0.345,0.565,0.515
1790851900.864,1790851800,Down,0.2/3;0.5/5;1.0/8,0.585,0.475,0.465,0.195
1790851918.681,1790851800,Up,0.2/3;0.5/5;1.0/8,0.585,0.405,0.655,0.965
1790851930.984,1790851800,Up,0.2/3;0.5/5;1.0/8,0.405,0.515,0.725,0.995
1790851945.087,1790851800,Down,0.2/3;0.5/5;1.0/8,0.505,0.295,0.475,
1790851980.672,1790851800,Up,0.2/3;0.5/5;1.0/8,0.525,0.585,0.975,
1790851991.145,1790851800,Down,0.2/3;0.5/5;1.0/8,0.455,0.195,,
1790852013.826,1790851800,Up,0.2/3;0.5/5;1.0/8,0.915,0.975,0.995,
1790852033.188,1790851800,Up,0.2/3;0.5/5;1.0/8,0.995,0.995,,
1790852043.675,1790851800,Up,0.2/3;0.5/5;1.0/8,0.995,0.995,,
1790852067.172,1790851800,Up,0.2/3;0.5/5;1.0/8,0.995,,,
1790852107.032,1790852100,Down,0.2/3;0.5/5;1.0/8,0.275,0.475,0.635,0.745
1790852117.923,1790852100,Up,0.2/3;0.5/5;1.0/8,0.705,0.495,0.375,0.365
1790852131.021,1790852100,Down,0.2/3;0.5/5;1.0/8,0.515,0.605,0.675,0.745
1790852141.544,1790852100,Down,0.2/3;0.5/5;1.0/8,0.545,0.635,0.745,0.835
1790852158.93,1790852100,Down,0.2/3;0.5/5;1.0/8,0.615,0.675,0.705,0.885
1790852209.866,1790852100,Down,0.2/3;0.5/5;1.0/8,0.745,0.765,0.855,0.995
1790852232.546,1790852100,Up,0.2/3;0.5/5;1.0/8,0.235,0.155,0.035,
1790852258.287,1790852100,Down,0.2/3;0.5/5;1.0/8,0.865,0.955,0.985,0.995
1790852284.915,1790852100,Down,0.2/3;0.5/5;1.0/8,0.975,0.995,0.995,
1790852298.483,1790852100,Down,0.2/3;0.5/5;1.0/8,0.985,0.995,0.995,
1790852314.942,1790852100,Up,0.2/3;0.5/5;1.0/8,,,,
1790852337.133,1790852100,Down,0.2/3;0.5/5;1.0/8,0.995,0.995,,
1790852358.885,1790852100,Up,0.2/3;0.5/5;1.0/8,,,,
1790852402.92,1790852400,Down,0.2/3;0.5/5;1.0/8,0.645,0.695,0.855,0.975
1790852416.27,1790852400,Down,0.2/3;0.5/5;1.0/8,0.715,0.775,0.865,0.975
1790852428.794,1790852400,Down,0.2/3;0.5/5;1.0/8,0.765,0.845,0.915,0.985
1790852442.53,1790852400,Down,0.2/3;0.5/5;1.0/8,0.835,0.855,0.975,0.995
1790852454.101,1790852400,Down,0.2/3;0.5/5;1.0/8,0.845,0.885,0.985,0.995
1790852477.222,1790852400,Down,0.2/3;0.5/5;1.0/8,0.935,0.975,0.975,0.995
1790852487.765,1790852400,Down,0.2/3;0.5/5;1.0/8,0.975,0.975,0.985,0.995
1790852499.074,1790852400,Down,0.2/3;0.5/5;1.0/8,0.985,0.985,0.995,0.995
1790852517.305,1790852400,Up,0.2/3;0.5/5;1.0/8,0.025,0.015,,
1790852538.669,1790852400,Up,0.2/3;0.5/5;1.0/8,,,,
1790852551.709,1790852400,Down,0.2/3;0.5/5;1.0/8,0.995,0.995,0.995,0.9995
1790852587.995,1790852400,Up,0.2/3;0.5/5;1.0/8,,,,
1790852601.684,1790852400,Up,0.2/3;0.5/5;1.0/8,,,,
1790852625.138,1790852400,Down,0.2/3;0.5/5;1.0/8,0.995,0.995,0.9995,
1790852639.251,1790852400,Down,0.2/3;0.5/5;1.0/8,0.995,0.9995,,
1790852649.253,1790852400,Up,0.2/3;0.5/5;1.0/8,,,,
1790852705.107,1790852700,Up,0.2/3;0.5/5;1.0/8,0.475,0.37,0.585,0.685
1790852715.732,1790852700,Down,0.2/3;0.5/5;1.0/8,0.565,0.735,0.425,0.415
1790852733.647,1790852700,Down,0.2/3;0.5/5;1.0/8,0.765,0.435,0.295,0.105
1790852745.224,1790852700,Down,0.2/3;0.5/5;1.0/8,0.525,0.425,0.37,0.2
1790852761.221,1790852700,Up,0.2/3;0.5/5;1.0/8,0.575,0.765,0.645,0.765
1790852773.83,1790852700,Down,0.2/3;0.5/5;1.0/8,0.315,0.345,0.365,0.245
1790852789.862,1790852700,Up,0.2/3;0.5/5;1.0/8,0.665,0.675,0.795,0.625
1790852799.977,1790852700,Down,0.2/3;0.5/5;1.0/8,0.395,0.345,0.145,0.195
1790852817.202,1790852700,Up,0.2/3;0.5/5;1.0/8,0.655,0.745,0.785,0.895
1790852834.156,1790852700,Down,0.2/3;0.5/5;1.0/8,0.225,0.155,0.245,0.035
1790852845.872,1790852700,Up,0.2/3;0.5/5;1.0/8,0.845,0.785,0.855,0.995
1790852865.135,1790852700,Down,0.2/3;0.5/5;1.0/8,0.235,0.245,0.135,
1790852885.843,1790852700,Up,0.2/3;0.5/5;1.0/8,0.815,0.645,0.935,
1790852907.149,1790852700,Down,0.2/3;0.5/5;1.0/8,0.205,0.105,,
1790852923.069,1790852700,Up,0.2/3;0.5/5;1.0/8,0.895,0.955,0.995,
1790852956.749,1790852700,Down,0.2/3;0.5/5;1.0/8,,,,
1790853004.247,1790853000,Down,0.2/3;0.5/5;1.0/8,0.675,0.775,0.425,0.635
1790853029.393,1790853000,Down,0.2/3;0.5/5;1.0/8,0.535,0.475,0.325,0.675
1790853040.39,1790853000,Up,0.2/3;0.5/5;1.0/8,0.525,0.635,0.685,0.355
1790853062.397,1790853000,Up,0.2/3;0.5/5;1.0/8,0.695,0.675,0.355,0.405
1790853073.828,1790853000,Up,0.2/3;0.5/5;1.0/8,0.675,0.755,0.455,0.405
1790853113.818,1790853000,Down,0.2/3;0.5/5;1.0/8,0.525,0.695,0.545,0.155
1790853156.486,1790853000,Down,0.2/3;0.5/5;1.0/8,0.555,0.615,0.625,0.995
1790853226.229,1790853000,Up,0.2/3;0.5/5;1.0/8,0.705,0.225,,
1790853249.386,1790853000,Down,0.2/3;0.5/5;1.0/8,0.975,0.995,,
1790853261.266,1790853000,Down,0.2/3;0.5/5;1.0/8,0.995,,,
1790853304.711,1790853300,Down,0.2/3;0.5/5;1.0/8,0.575,0.555,0.705,0.685
1790853349.165,1790853300,Down,0.2/3;0.5/5;1.0/8,0.695,0.755,0.655,0.915
1790853411.194,1790853300,Up,0.2/3;0.5/5;1.0/8,0.325,0.235,0.115,0.045
1790853450.049,1790853300,Down,0.2/3;0.5/5;1.0/8,0.885,0.925,0.985,0.995
1790853461.888,1790853300,Down,0.2/3;0.5/5;1.0/8,0.905,0.935,0.995,0.995
1790853494.474,1790853300,Down,0.2/3;0.5/5;1.0/8,0.985,0.995,0.995,
1790853526.416,1790853300,Up,0.2/3;0.5/5;1.0/8,0.015,,,
1790853544.842,1790853300,Down,0.2/3;0.5/5;1.0/8,0.995,0.995,,
1790853557.016,1790853300,Down,0.2/3;0.5/5;1.0/8,0.995,,,
1790853567.233,1790853300,Down,0.2/3;0.5/5;1.0/8,0.995,,,
1790853614.187,1790853600,Down,0.2/3;0.5/5;1.0/8,0.485,0.675,0.775,0.86
1790853640.211,1790853600,Down,0.2/3;0.5/5;1.0/8,0.695,0.685,0.745,0.305
1790853652.811,1790853600,Down,0.2/3;0.5/5;1.0/8,0.685,0.745,0.715,0.305
1790853672.944,1790853600,Down,0.2/3;0.5/5;1.0/8,0.735,0.745,0.865,0.305
1790853724.288,1790853600,Down,0.2/3;0.5/5;1.0/8,0.825,0.285,0.305,0.305
1790853740.982,1790853600,Up,0.2/3;0.5/5;1.0/8,0.695,0.695,0.695,0.695
1790853755.515,1790853600,Up,0.2/3;0.5/5;1.0/8,0.695,0.695,0.695,0.695
1790853774.259,1790853600,Down,0.2/3;0.5/5;1.0/8,0.305,0.305,0.305,
1790853811.58,1790853600,Up,0.2/3;0.5/5;1.0/8,0.695,0.695,0.695,
1790853825.367,1790853600,Up,0.2/3;0.5/5;1.0/8,0.695,0.695,0.695,
1790853840.394,1790853600,Down,0.2/3;0.5/5;1.0/8,0.305,0.305,,
1790853864.255,1790853600,Down,0.2/3;0.5/5;1.0/8,0.305,,,
1790853939.238,1790853900,Down,0.2/3;0.5/5;1.0/8,0.605,0.685,0.685,0.435
1790853953.797,1790853900,Up,0.2/3;0.5/5;1.0/8,0.315,0.295,0.335,0.685
1790854053.593,1790853900,Up,0.2/3;0.5/5;1.0/8,0.675,0.695,0.775,
1790854067.871,1790853900,Up,0.2/3;0.5/5;1.0/8,0.715,0.725,0.855,
1790854167.987,1790853900,Up,0.2/3;0.5/5;1.0/8,0.995,,,
1790854203.343,1790854200,Down,0.2/3;0.5/5;1.0/8,0.335,0.295,0.145,0.495
1790854241.385,1790854200,Up,0.2/3;0.5/5;1.0/8,0.805,0.845,0.775,0.225
1790854264.731,1790854200,Up,0.2/3;0.5/5;1.0/8,0.875,0.845,0.475,0.115
1790854281.035,1790854200,Up,0.2/3;0.5/5;1.0/8,0.82,0.605,0.585,0.105
1790854506.504,1790854500,Up,0.2/3;0.5/5;1.0/8,0.735,0.775,0.735,0.735
1790854534.726,1790854500,Up,0.2/3;0.5/5;1.0/8,0.695,0.735,0.735,0.735
1790854567.149,1790854500,Up,0.2/3;0.5/5;1.0/8,0.735,0.735,0.735,0.735
1790854579.013,1790854500,Up,0.2/3;0.5/5;1.0/8,0.735,0.735,0.735,0.735
1790854596.582,1790854500,Up,0.2/3;0.5/5;1.0/8,0.735,0.735,0.735,0.735
1790854625.741,1790854500,Up,0.2/3;0.5/5;1.0/8,0.735,0.735,0.735,0.735
1790854640.972,1790854500,Up,0.2/3;0.5/5;1.0/8,0.735,0.735,0.735,0.735
1790854652.738,1790854500,Up,0.2/3;0.5/5;1.0/8,0.735,0.735,0.735,0.735
1790854671.709,1790854500,Down,0.2/3;0.5/5;1.0/8,0.265,0.265,0.265,
1790854696.556,1790854500,Down,0.2/3;0.5/5;1.0/8,0.265,0.265,0.265,
1790854713.173,1790854500,Down,0.2/3;0.5/5;1.0/8,0.265,0.265,0.265,
1790854723.938,1790854500,Up,0.2/3;0.5/5;1.0/8,0.735,0.735,0.735,
1790854738.515,1790854500,Up,0.2/3;0.5/5;1.0/8,0.735,0.735,,
1790854802.801,1790854800,Down,0.2/3;0.5/5;1.0/8,0.545,0.455,0.275,0.225
1790854823.073,1790854800,Up,0.2/3;0.5/5;1.0/8,0.625,0.685,0.745,0.845
1790854843.985,1790854800,Up,0.2/3;0.5/5;1.0/8,0.715,0.845,0.835,0.725
1790854868.89,1790854800,Up,0.2/3;0.5/5;1.0/8,0.745,0.825,0.795,0.895
1790854907.449,1790854800,Down,0.2/3;0.5/5;1.0/8,0.225,0.205,0.365,0.075
1790854920.239,1790854800,Down,0.2/3;0.5/5;1.0/8,0.215,0.315,0.245,0.015
1790854946.737,1790854800,Down,0.2/3;0.5/5;1.0/8,0.215,0.235,0.065,
1790854986.23,1790854800,Up,0.2/3;0.5/5;1.0/8,0.925,0.835,0.965,
1790855009.737,1790854800,Up,0.2/3;0.5/5;1.0/8,0.935,0.985,0.995,
1790855020.359,1790854800,Down,0.2/3;0.5/5;1.0/8,0.025,0.015,,
1790855032.131,1790854800,Up,0.2/3;0.5/5;1.0/8,0.965,0.995,,
1790855043.616,1790854800,Down,0.2/3;0.5/5;1.0/8,,,,
1790855053.721,1790854800,Down,0.2/3;0.5/5;1.0/8,,,,
1790855109.234,1790855100,Up,0.2/3;0.5/5;1.0/8,0.615,0.625,0.735,0.895
1790855128.75,1790855100,Up,0.2/3;0.5/5;1.0/8,0.645,0.785,0.655,0.725
1790855150.467,1790855100,Up,0.2/3;0.5/5;1.0/8,0.725,0.775,0.795,0.965
1790855187.999,1790855100,Down,0.2/3;0.5/5;1.0/8,0.225,0.155,0.305,0.065
1790855217.304,1790855100,Up,0.2/3;0.5/5;1.0/8,0.815,0.665,0.975,0.965
1790855231.613,1790855100,Down,0.2/3;0.5/5;1.0/8,0.305,0.215,,
1790855246.794,1790855100,Down,0.2/3;0.5/5;1.0/8,0.205,0.025,0.045,
1790855262.97,1790855100,Up,0.2/3;0.5/5;1.0/8,0.975,0.995,0.845,0.995
1790855278.132,1790855100,Up,0.2/3;0.5/5;1.0/8,0.995,0.935,0.965,
1790855289.77,1790855100,Down,0.2/3;0.5/5;1.0/8,,0.095,0.015,
1790855306.149,1790855100,Down,0.2/3;0.5/5;1.0/8,0.095,0.035,,
1790855325.344,1790855100,Up,0.2/3;0.5/5;1.0/8,0.935,0.995,0.995,
1790855353.346,1790855100,Down,0.2/3;0.5/5;1.0/8,,,,
1790855364.198,1790855100,Down,0.2/3;0.5/5;1.0/8,,,,
1790855410.881,1790855400,Down,0.2/3;0.5/5;1.0/8,0.355,0.375,0.285,0.165
1790855432.11,1790855400,Down,0.2/3;0.5/5;1.0/8,0.325,0.255,0.225,0.125
1790855445.669,1790855400,Up,0.2/3;0.5/5;1.0/8,0.685,0.725,0.805,0.795
1790855461.177,1790855400,Up,0.2/3;0.5/5;1.0/8,0.725,0.775,0.825,0.345
1790855484.086,1790855400,Up,0.2/3;0.5/5;1.0/8,0.785,0.835,0.845,0.285
1790855561.883,1790855400,Down,0.2/3;0.5/5;1.0/8,0.225,0.685,0.67,0.975
1790855575.586,1790855400,Down,0.2/3;0.5/5;1.0/8,0.665,0.725,0.55,
1790855620.97,1790855400,Up,0.2/3;0.5/5;1.0/8,0.455,0.16,0.045,
1790855657.287,1790855400,Up,0.2/3;0.5/5;1.0/8,0.075,,,
1790855708.703,1790855700,Down,0.2/3;0.5/5;1.0/8,0.545,0.695,0.715,0.505
1790855720.089,1790855700,Down,0.2/3;0.5/5;1.0/8,0.705,0.645,0.665,0.455
1790855781.367,1790855700,Up,0.2/3;0.5/5;1.0/8,0.575,0.475,0.555,0.655
1790855805.505,1790855700,Up,0.2/3;0.5/5;1.0/8,0.515,0.605,0.665,0.325
1790855834.709,1790855700,Up,0.2/3;0.5/5;1.0/8,0.645,0.665,0.765,
1790855939.483,1790855700,Down,0.2/3;0.5/5;1.0/8,0.995,0.995,,
1790855952.56,1790855700,Down,0.2/3;0.5/5;1.0/8,0.995,0.995,,
1790856003.762,1790856000,Up,0.2/3;0.5/5;1.0/8,0.785,0.775,0.785,0.905
1790856013.764,1790856000,Up,0.2/3;0.5/5;1.0/8,0.785,0.825,0.815,0.875
1790856030.989,1790856000,Down,0.2/3;0.5/5;1.0/8,0.175,0.225,0.215,0.065
1790856049.269,1790856000,Up,0.2/3;0.5/5;1.0/8,0.785,0.815,0.915,0.955
1790856065.305,1790856000,Down,0.2/3;0.5/5;1.0/8,0.185,0.195,0.075,0.065
1790856097.527,1790856000,Up,0.2/3;0.5/5;1.0/8,0.915,0.925,0.955,0.955
1790856132.125,1790856000,Down,0.2/3;0.5/5;1.0/8,0.065,0.055,0.045,
1790856177.476,1790856000,Down,0.2/3;0.5/5;1.0/8,0.045,0.025,0.0025,
1790856193.771,1790856000,Up,0.2/3;0.5/5;1.0/8,0.975,0.975,0.9995,
1790856211.44,1790856000,Down,0.2/3;0.5/5;1.0/8,0.015,,,
1790856256.694,1790856000,Down,0.2/3;0.5/5;1.0/8,,,,
1790856316.309,1790856300,Down,0.2/3;0.5/5;1.0/8,0.665,0.565,0.535,0.425
1790856334.252,1790856300,Up,0.2/3;0.5/5;1.0/8,0.415,0.455,0.685,0.515
1790856383.489,1790856300,Up,0.2/3;0.5/5;1.0/8,0.685,0.415,0.625,0.885
1790856401.031,1790856300,Down,0.2/3;0.5/5;1.0/8,0.585,0.395,0.485,0.075
1790856426.01,1790856300,Up,0.2/3;0.5/5;1.0/8,0.645,0.445,0.765,0.985
1790856438.785,1790856300,Up,0.2/3;0.5/5;1.0/8,0.555,0.485,0.845,0.995
1790856454.81,1790856300,Down,0.2/3;0.5/5;1.0/8,0.505,0.255,0.105,
1790856465.67,1790856300,Down,0.2/3;0.5/5;1.0/8,0.355,0.195,0.055,
1790856481.717,1790856300,Up,0.2/3;0.5/5;1.0/8,0.835,0.895,0.975,
1790856560.522,1790856300,Up,0.2/3;0.5/5;1.0/8,0.995,,,
1790856613.092,1790856600,Up,0.2/3;0.5/5;1.0/8,0.665,0.675,0.715,0.635
1790856623.604,1790856600,Up,0.2/3;0.5/5;1.0/8,0.675,0.665,0.645,0.675
1790856673.096,1790856600,Up,0.2/3;0.5/5;1.0/8,0.605,0.735,0.635,0.785
1790856684.515,1790856600,Down,0.2/3;0.5/5;1.0/8,0.315,0.235,0.315,0.175
1790856709.032,1790856600,Up,0.2/3;0.5/5;1.0/8,0.505,0.625,0.695,0.885
1790856720.484,1790856600,Down,0.2/3;0.5/5;1.0/8,0.385,0.435,0.325,0.175
1790856742.984,1790856600,Up,0.2/3;0.5/5;1.0/8,0.665,0.675,0.775,0.975
1790856831.358,1790856600,Up,0.2/3;0.5/5;1.0/8,0.885,0.975,,
1790856903.974,1790856900,Down,0.2/3;0.5/5;1.0/8,0.675,0.735,0.775,0.895
1790856945.318,1790856900,Down,0.2/3;0.5/5;1.0/8,0.825,0.845,0.855,0.995
1790856966.121,1790856900,Down,0.2/3;0.5/5;1.0/8,0.835,0.845,0.845,0.995
1790857049.924,1790856900,Down,0.2/3;0.5/5;1.0/8,0.995,0.995,0.915,0.995
1790857072.04,1790856900,Down,0.2/3;0.5/5;1.0/8,0.995,0.965,0.945,
1790857092.616,1790856900,Up,0.2/3;0.5/5;1.0/8,0.095,0.095,,
1790857102.626,1790856900,Up,0.2/3;0.5/5;1.0/8,0.075,0.055,,
1790857118.789,1790856900,Up,0.2/3;0.5/5;1.0/8,0.055,,,
1790857134.889,1790856900,Down,0.2/3;0.5/5;1.0/8,0.995,0.995,,
1790857151.76,1790856900,Up,0.2/3;0.5/5;1.0/8,,,,
1790857170.403,1790856900,Down,0.2/3;0.5/5;1.0/8,0.995,,,
1790857263.246,1790857200,Up,0.2/3;0.5/5;1.0/8,0.425,0.435,0.235,0.305
1790857273.634,1790857200,Up,0.2/3;0.5/5;1.0/8,0.445,0.625,0.195,0.165
1790857301.661,1790857200,Up,0.2/3;0.5/5;1.0/8,0.675,0.185,0.405,0.075
1790857320.163,1790857200,Down,0.2/3;0.5/5;1.0/8,0.805,0.725,0.655,0.885
1790857347.509,1790857200,Up,0.2/3;0.5/5;1.0/8,0.405,0.325,0.185,
1790857358.1,1790857200,Up,0.2/3;0.5/5;1.0/8,0.325,0.315,0.135,
1790857389.605,1790857200,Down,0.2/3;0.5/5;1.0/8,0.795,0.87,0.965,
1790857419.07,1790857200,Down,0.2/3;0.5/5;1.0/8,0.945,0.905,0.995,
1790857435.138,1790857200,Up,0.2/3;0.5/5;1.0/8,0.015,,,
1790857448.735,1790857200,Down,0.2/3;0.5/5;1.0/8,0.995,0.995,,
1790857467.127,1790857200,Down,0.2/3;0.5/5;1.0/8,0.995,,,
1790857504.283,1790857500,Up,0.2/3;0.5/5;1.0/8,0.585,0.595,0.815,0.915
1790857516.779,1790857500,Up,0.2/3;0.5/5;1.0/8,0.595,0.645,0.745,0.915
1790857547.281,1790857500,Up,0.2/3;0.5/5;1.0/8,0.815,0.745,0.805,0.815
1790857562.837,1790857500,Up,0.2/3;0.5/5;1.0/8,0.785,0.865,0.915,0.925
1790857574.201,1790857500,Up,0.2/3;0.5/5;1.0/8,0.845,0.845,0.935,0.945
1790857589.114,1790857500,Up,0.2/3;0.5/5;1.0/8,0.845,0.915,0.935,0.935
1790857618.367,1790857500,Up,0.2/3;0.5/5;1.0/8,0.935,0.935,0.895,0.995
1790857640.009,1790857500,Down,0.2/3;0.5/5;1.0/8,0.045,0.115,0.085,0.335
1790857658.023,1790857500,Down,0.2/3;0.5/5;1.0/8,0.115,0.065,0.025,
1790857674.029,1790857500,Up,0.2/3;0.5/5;1.0/8,0.935,0.925,0.995,
1790857755.328,1790857500,Down,0.2/3;0.5/5;1.0/8,0.125,,,
1790857804.202,1790857800,Up,0.2/3;0.5/5;1.0/8,0.505,0.475,0.405,0.325
1790857815.246,1790857800,Up,0.2/3;0.5/5;1.0/8,0.525,0.445,0.405,0.445
1790857836.705,1790857800,Down,0.2/3;0.5/5;1.0/8,0.565,0.655,0.745,0.605
1790857865.434,1790857800,Down,0.2/3;0.5/5;1.0/8,0.645,0.725,0.655,0.955
1790857894.665,1790857800,Down,0.2/3;0.5/5;1.0/8,0.615,0.675,0.605,0.995
1790857908.164,1790857800,Up,0.2/3;0.5/5;1.0/8,0.325,0.435,0.155,0.015
1790857932.52,1790857800,Up,0.2/3;0.5/5;1.0/8,0.415,0.255,0.015,
1790857965.053,1790857800,Down,0.2/3;0.5/5;1.0/8,0.955,0.975,0.975,0.995
1790857980.058,1790857800,Down,0.2/3;0.5/5;1.0/8,0.975,0.995,,
1790858001.88,1790857800,Down,0.2/3;0.5/5;1.0/8,0.995,0.995,0.995,
1790858012.352,1790857800,Up,0.2/3;0.5/5;1.0/8,0.015,,,
1790858025.395,1790857800,Up,0.2/3;0.5/5;1.0/8,,,,
1790858042.814,1790857800,Up,0.2/3;0.5/5;1.0/8,,,,
1790858058.868,1790857800,Up,0.2/3;0.5/5;1.0/8,,,,
1790858068.869,1790857800,Up,0.2/3;0.5/5;1.0/8,,,,
1790858107.773,1790858100,Down,0.2/3;0.5/5;1.0/8,0.535,0.575,0.665,0.805
1790858132.834,1790858100,Down,0.2/3;0.5/5;1.0/8,0.575,0.675,0.675,0.835
1790858174.366,1790858100,Down,0.2/3;0.5/5;1.0/8,0.655,0.805,0.845,0.855
1790858201.05,1790858100,Down,0.2/3;0.5/5;1.0/8,0.785,0.825,0.835,0.885
1790858305.783,1790858100,Up,0.2/3;0.5/5;1.0/8,0.115,0.065,0.975,
1790858346.312,1790858100,Up,0.2/3;0.5/5;1.0/8,0.935,0.995,,
1790858360.263,1790858100,Up,0.2/3;0.5/5;1.0/8,0.995,,,
1790858402.881,1790858400,Up,0.2/3;0.5/5;1.0/8,0.795,0.855,0.845,0.915
1790858417.4,1790858400,Up,0.2/3;0.5/5;1.0/8,0.855,0.885,0.955,0.71
1790858432.699,1790858400,Up,0.2/3;0.5/5;1.0/8,0.885,0.845,0.975,0.7005
1790858444.237,1790858400,Up,0.2/3;0.5/5;1.0/8,0.835,0.955,0.965,0.5795
1790858455.22,1790858400,Down,0.2/3;0.5/5;1.0/8,0.075,0.035,0.055,0.656
1790858469.07,1790858400,Up,0.2/3;0.5/5;1.0/8,0.965,0.975,0.915,0.625
1790858483.542,1790858400,Up,0.2/3;0.5/5;1.0/8,0.975,0.965,0.685,0.6115
1790858501.099,1790858400,Down,0.2/3;0.5/5;1.0/8,0.055,0.175,0.3995,0.735
1790858514.664,1790858400,Down,0.2/3;0.5/5;1.0/8,0.125,0.315,0.6095,0.7395
1790858529.26,1790858400,Down,0.2/3;0.5/5;1.0/8,0.315,0.3855,0.3595,0.785
1790858541.355,1790858400,Down,0.2/3;0.5/5;1.0/8,0.3545,0.5555,0.3895,0.9245
1790858558.293,1790858400,Down,0.2/3;0.5/5;1.0/8,0.6095,0.399,0.7835,0.9995
1790858568.3,1790858400,Down,0.2/3;0.5/5;1.0/8,0.427,0.3705,0.5905,
1790858580.407,1790858400,Up,0.2/3;0.5/5;1.0/8,0.6105,0.5285,0.215,
1790858607.919,1790858400,Down,0.2/3;0.5/5;1.0/8,0.7395,0.7675,0.986,
1790858617.982,1790858400,Down,0.2/3;0.5/5;1.0/8,0.7035,0.425,0.996,
1790858646.35,1790858400,Up,0.2/3;0.5/5;1.0/8,0.075,,,
1790858663.113,1790858400,Down,0.2/3;0.5/5;1.0/8,0.9995,,,
1790858702.883,1790858700,Down,0.2/3;0.5/5;1.0/8,0.595,0.605,0.545,0.515
1790858760.422,1790858700,Up,0.2/3;0.5/5;1.0/8,0.485,0.465,0.485,0.035
1790858815.429,1790858700,Up,0.2/3;0.5/5;1.0/8,0.635,0.335,0.055,
1790858836.718,1790858700,Down,0.2/3;0.5/5;1.0/8,0.665,0.905,0.995,0.995
1790858861.374,1790858700,Down,0.2/3;0.5/5;1.0/8,0.955,0.985,0.995,0.995
1790858875.982,1790858700,Down,0.2/3;0.5/5;1.0/8,0.985,0.995,0.995,
1790858914.92,1790858700,Down,0.2/3;0.5/5;1.0/8,0.995,0.995,0.995,
1790858959.501,1790858700,Down,0.2/3;0.5/5;1.0/8,0.995,,,
1790859004.796,1790859000,Down,0.2/3;0.5/5;1.0/8,0.545,0.715,0.615,0.885
1790859031.742,1790859000,Down,0.2/3;0.5/5;1.0/8,0.655,0.745,0.735,0.765
1790859043.028,1790859000,Up,0.2/3;0.5/5;1.0/8,0.255,0.295,0.225,0.475
1790859063.908,1790859000,Up,0.2/3;0.5/5;1.0/8,0.255,0.265,0.115,0.135
1790859113.586,1790859000,Down,0.2/3;0.5/5;1.0/8,0.895,0.845,0.585,0.995
1790859143.975,1790859000,Up,0.2/3;0.5/5;1.0/8,0.445,0.415,0.095,
1790859181.608,1790859000,Down,0.2/3;0.5/5;1.0/8,0.905,0.965,0.995,
1790859210.557,1790859000,Down,0.2/3;0.5/5;1.0/8,0.995,0.995,0.995,
1790859228.31,1790859000,Down,0.2/3;0.5/5;1.0/8,0.995,0.995,,
1790859238.42,1790859000,Up,0.2/3;0.5/5;1.0/8,,,,
1790859248.42,1790859000,Down,0.2/3;0.5/5;1.0/8,0.995,0.995,,
1790859258.967,1790859000,Up,0.2/3;0.5/5;1.0/8,,,,
1790859271.704,1790859000,Up,0.2/3;0.5/5;1.0/8,,,,
1790859303.522,1790859300,Down,0.2/3;0.5/5;1.0/8,0.345,0.345,0.635,0.575
1790859313.579,1790859300,Up,0.2/3;0.5/5;1.0/8,0.735,0.525,0.495,0.335
1790859336.877,1790859300,Down,0.2/3;0.5/5;1.0/8,0.545,0.655,0.375,0.895
1790859346.892,1790859300,Down,0.2/3;0.5/5;1.0/8,0.635,0.465,0.405,0.765
1790859364.793,1790859300,Down,0.2/3;0.5/5;1.0/8,0.505,0.375,0.645,0.525
1790859374.834,1790859300,Up,0.2/3;0.5/5;1.0/8,0.515,0.635,0.235,0.655
1790859391.583,1790859300,Up,0.2/3;0.5/5;1.0/8,0.585,0.485,0.225,0.785
1790859401.586,1790859300,Up,0.2/3;0.5/5;1.0/8,0.445,0.285,0.215,0.445
1790859411.621,1790859300,Up,0.2/3;0.5/5;1.0/8,0.355,0.315,0.405,0.565
1790859423.563,1790859300,Down,0.2/3;0.5/5;1.0/8,0.665,0.805,0.535,0.335
1790859433.829,1790859300,Down,0.2/3;0.5/5;1.0/8,0.775,0.765,0.365,0.035
1790859446.301,1790859300,Down,0.2/3;0.5/5;1.0/8,0.815,0.525,0.245,
1790859456.333,1790859300,Down,0.2/3;0.5/5;1.0/8,0.595,0.565,0.455,
1790859468.384,1790859300,Up,0.2/3;0.5/5;1.0/8,0.445,0.755,0.805,
1790859479.402,1790859300,Up,0.2/3;0.5/5;1.0/8,0.645,0.765,0.56,
1790859493.393,1790859300,Up,0.2/3;0.5/5;1.0/8,0.755,0.455,0.965,
1790859504.263,1790859300,Down,0.2/3;0.5/5;1.0/8,0.495,0.425,0.015,
1790859514.713,1790859300,Down,0.2/3;0.5/5;1.0/8,0.195,0.32,,
1790859526.498,1790859300,Up,0.2/3;0.5/5;1.0/8,0.655,0.975,0.995,
1790859549.362,1790859300,Up,0.2/3;0.5/5;1.0/8,0.985,0.995,,
1790859566.721,1790859300,Up,0.2/3;0.5/5;1.0/8,0.995,,,
1790859626.304,1790859600,Down,0.2/3;0.5/5;1.0/8,0.605,0.795,0.865,0.775
1790859636.791,1790859600,Up,0.2/3;0.5/5;1.0/8,0.245,0.135,0.175,0.225
1790859654.542,1790859600,Down,0.2/3;0.5/5;1.0/8,0.885,0.875,0.655,0.905
1790859670.607,1790859600,Up,0.2/3;0.5/5;1.0/8,0.135,0.24,0.365,0.045
1790859686.541,1790859600,Up,0.2/3;0.5/5;1.0/8,0.215,0.325,0.225,0.035
1790859698.675,1790859600,Up,0.2/3;0.5/5;1.0/8,0.355,0.325,0.185,
1790859709.165,1790859600,Up,0.2/3;0.5/5;1.0/8,0.255,0.395,0.105,
1790859727.71,1790859600,Up,0.2/3;0.5/5;1.0/8,0.245,0.185,0.085,
1790859739.519,1790859600,Up,0.2/3;0.5/5;1.0/8,0.215,0.105,0.035,
1790859762.026,1790859600,Up,0.2/3;0.5/5;1.0/8,0.125,0.045,,
1790859796.867,1790859600,Up,0.2/3;0.5/5;1.0/8,0.015,,,
1790859814.513,1790859600,Down,0.2/3;0.5/5;1.0/8,0.995,0.995,0.995,
1790859836.26,1790859600,Down,0.2/3;0.5/5;1.0/8,0.995,0.995,,
1790859846.262,1790859600,Down,0.2/3;0.5/5;1.0/8,0.995,0.995,,
1790859863.616,1790859600,Down,0.2/3;0.5/5;1.0/8,0.995,,,
1790859942.268,1790859900,Down,0.2/3;0.5/5;1.0/8,0.825,0.855,0.705,0.715
1790859955.702,1790859900,Down,0.2/3;0.5/5;1.0/8,0.855,0.845,0.815,0.425
1790859972.289,1790859900,Up,0.2/3;0.5/5;1.0/8,0.155,0.295,0.235,0.39
1790859989.246,1790859900,Up,0.2/3;0.5/5;1.0/8,0.305,0.235,0.425,0.665
1790860000.707,1790859900,Up,0.2/3;0.5/5;1.0/8,0.185,0.205,0.365,0.41
1790860011.623,1790859900,Down,0.2/3;0.5/5;1.0/8,0.755,0.71,0.505,0.585
1790860022.721,1790859900,Down,0.2/3;0.5/5;1.0/8,0.715,0.645,0.395,0.775
1790860036.276,1790859900,Up,0.2/3;0.5/5;1.0/8,0.375,0.37,0.575,0.135
1790860047.261,1790859900,Up,0.2/3;0.5/5;1.0/8,0.285,0.595,0.465,
1790860057.581,1790859900,Down,0.2/3;0.5/5;1.0/8,0.435,0.485,0.495,0.995
1790860072.025,1790859900,Up,0.2/3;0.5/5;1.0/8,0.515,0.365,0.355,
1790860082.698,1790859900,Up,0.2/3;0.5/5;1.0/8,0.445,0.665,0.215,
1790860099.576,1790859900,Down,0.2/3;0.5/5;1.0/8,0.32,0.735,0.975,
1790860111.104,1790859900,Up,0.2/3;0.5/5;1.0/8,0.295,0.235,,
1790860121.183,1790859900,Down,0.2/3;0.5/5;1.0/8,0.765,0.925,0.995,
1790860143.882,1790859900,Down,0.2/3;0.5/5;1.0/8,0.965,0.995,,
1790860153.893,1790859900,Up,0.2/3;0.5/5;1.0/8,,,,
1790860167.782,1790859900,Down,0.2/3;0.5/5;1.0/8,0.995,,,
1790860203.006,1790860200,Up,0.2/3;0.5/5;1.0/8,0.295,0.305,0.255,0.255
1790860215.104,1790860200,Down,0.2/3;0.5/5;1.0/8,0.755,0.745,0.785,0.715
1790860231.936,1790860200,Up,0.2/3;0.5/5;1.0/8,0.225,0.235,0.275,0.395
1790860241.948,1790860200,Down,0.2/3;0.5/5;1.0/8,0.765,0.805,0.765,0.575
1790860270.951,1790860200,Down,0.2/3;0.5/5;1.0/8,0.765,0.795,0.655,0.735
1790860284.184,1790860200,Down,0.2/3;0.5/5;1.0/8,0.805,0.795,0.745,0.935
1790860294.184,1790860200,Up,0.2/3;0.5/5;1.0/8,0.265,0.38,0.445,0.055
1790860305.998,1790860200,Up,0.2/3;0.5/5;1.0/8,0.285,0.285,0.425,0.025
1790860323.502,1790860200,Up,0.2/3;0.5/5;1.0/8,0.255,0.465,0.285,
1790860337.901,1790860200,Down,0.2/3;0.5/5;1.0/8,0.54,0.545,0.835,0.995
1790860348.898,1790860200,Up,0.2/3;0.5/5;1.0/8,0.415,0.285,0.045,
1790860372.814,1790860200,Up,0.2/3;0.5/5;1.0/8,0.295,0.065,,
1790860393.565,1790860200,Down,0.2/3;0.5/5;1.0/8,0.955,0.965,0.995,
1790860427.041,1790860200,Down,0.2/3;0.5/5;1.0/8,0.995,0.995,,
1790860443.693,1790860200,Down,0.2/3;0.5/5;1.0/8,0.995,0.995,,
1790860456.323,1790860200,Up,0.2/3;0.5/5;1.0/8,,,,
1790860469.75,1790860200,Up,0.2/3;0.5/5;1.0/8,,,,
1790860509.927,1790860500,Up,0.2/3;0.5/5;1.0/8,0.545,0.445,0.555,0.575
1790860527.28,1790860500,Down,0.2/3;0.5/5;1.0/8,0.555,0.615,0.645,0.265
1790860537.925,1790860500,Down,0.2/3;0.5/5;1.0/8,0.555,0.425,0.595,0.265
1790860553.838,1790860500,Down,0.2/3;0.5/5;1.0/8,0.435,0.575,0.605,0.145
1790860576.026,1790860500,Down,0.2/3;0.5/5;1.0/8,0.635,0.625,0.315,0.055
1790860586.942,1790860500,Down,0.2/3;0.5/5;1.0/8,0.555,0.595,0.265,0.075
1790860616.682,1790860500,Up,0.2/3;0.5/5;1.0/8,0.585,0.735,0.875,0.935
1790860631.198,1790860500,Up,0.2/3;0.5/5;1.0/8,0.725,0.805,0.915,0.785
1790860643.315,1790860500,Up,0.2/3;0.5/5;1.0/8,0.745,0.845,0.945,0.995
1790860659.659,1790860500,Up,0.2/3;0.5/5;1.0/8,0.855,0.935,0.935,0.995
1790860683.98,1790860500,Up,0.2/3;0.5/5;1.0/8,0.955,0.915,0.965,
1790860710.605,1790860500,Down,0.2/3;0.5/5;1.0/8,0.065,0.035,,
1790860727.544,1790860500,Down,0.2/3;0.5/5;1.0/8,0.035,0.025,,
1790860746.268,1790860500,Down,0.2/3;0.5/5;1.0/8,,,,
1790860756.3,1790860500,Up,0.2/3;0.5/5;1.0/8,0.995,0.995,,
1790860803.262,1790860800,Down,0.2/3;0.5/5;1.0/8,0.485,0.345,0.175,0.225
1790860817.317,1790860800,Down,0.2/3;0.5/5;1.0/8,0.365,0.225,0.175,0.455
1790860831.775,1790860800,Up,0.2/3;0.5/5;1.0/8,0.775,0.815,0.825,0.565
1790860844.078,1790860800,Up,0.2/3;0.5/5;1.0/8,0.805,0.845,0.835,0.715
1790860876.9,1790860800,Down,0.2/3;0.5/5;1.0/8,0.175,0.155,0.455,0.425
1790860887.373,1790860800,Down,0.2/3;0.5/5;1.0/8,0.165,0.125,0.305,0.605
1790860921.1,1790860800,Down,0.2/3;0.5/5;1.0/8,0.455,0.425,0.465,0.995
1790860940.583,1790860800,Up,0.2/3;0.5/5;1.0/8,0.625,0.475,0.435,
1790860958.94,1790860800,Up,0.2/3;0.5/5;1.0/8,0.465,0.485,0.155,
1790860988.691,1790860800,Down,0.2/3;0.5/5;1.0/8,0.575,0.845,0.995,
1790861009.972,1790860800,Down,0.2/3;0.5/5;1.0/8,0.945,0.995,0.995,
1790861020.717,1790860800,Down,0.2/3;0.5/5;1.0/8,0.985,0.995,0.995,
1790861031.052,1790860800,Down,0.2/3;0.5/5;1.0/8,0.995,0.995,,
1790861044.297,1790860800,Down,0.2/3;0.5/5;1.0/8,0.995,0.995,,
1790861062.677,1790860800,Down,0.2/3;0.5/5;1.0/8,0.995,,,
1790861104.272,1790861100,Down,0.2/3;0.5/5;1.0/8,0.395,0.375,0.595,0.49
1790861125.795,1790861100,Down,0.2/3;0.5/5;1.0/8,0.355,0.365,0.455,0.655
1790861146.231,1790861100,Down,0.2/3;0.5/5;1.0/8,0.495,0.565,0.655,0.525
1790861158.283,1790861100,Down,0.2/3;0.5/5;1.0/8,0.585,0.435,0.625,0.395
1790861179.516,1790861100,Up,0.2/3;0.5/5;1.0/8,0.385,0.335,0.395,0.885
1790861192.525,1790861100,Down,0.2/3;0.5/5;1.0/8,0.655,0.575,0.585,0.065
1790861203.346,1790861100,Down,0.2/3;0.5/5;1.0/8,0.625,0.625,0.595,0.205
1790861220.339,1790861100,Up,0.2/3;0.5/5;1.0/8,0.375,0.435,0.645,0.895
1790861248.19,1790861100,Up,0.2/3;0.5/5;1.0/8,0.405,0.605,0.935,0.885
1790861270.518,1790861100,Up,0.2/3;0.5/5;1.0/8,0.695,0.875,0.775,
1790861280.518,1790861100,Up,0.2/3;0.5/5;1.0/8,0.865,0.935,0.895,
1790861290.52,1790861100,Up,0.2/3;0.5/5;1.0/8,0.875,0.855,0.805,
1790861317.517,1790861100,Down,0.2/3;0.5/5;1.0/8,0.295,0.145,0.035,
1790861351.144,1790861100,Down,0.2/3;0.5/5;1.0/8,0.045,0.015,,
1790861366.892,1790861100,Down,0.2/3;0.5/5;1.0/8,,,,
1790861402.575,1790861400,Up,0.2/3;0.5/5;1.0/8,0.555,0.575,0.495,0.385
1790861412.637,1790861400,Up,0.2/3;0.5/5;1.0/8,0.595,0.575,0.385,0.445
1790861435.379,1790861400,Up,0.2/3;0.5/5;1.0/8,0.445,0.435,0.615,0.445
1790861448.709,1790861400,Down,0.2/3;0.5/5;1.0/8,0.475,0.395,0.455,0.365
1790861462.87,1790861400,Up,0.2/3;0.5/5;1.0/8,0.555,0.645,0.385,0.855
1790861472.87,1790861400,Up,0.2/3;0.5/5;1.0/8,0.615,0.615,0.465,0.975
1790861482.87,1790861400,Up,0.2/3;0.5/5;1.0/8,0.505,0.555,0.625,0.985
1790861494.866,1790861400,Down,0.2/3;0.5/5;1.0/8,0.455,0.625,0.555,
1790861504.868,1790861400,Up,0.2/3;0.5/5;1.0/8,0.545,0.425,0.595,0.995
1790861516.267,1790861400,Down,0.2/3;0.5/5;1.0/8,0.625,0.405,0.255,
1790861526.747,1790861400,Down,0.2/3;0.5/5;1.0/8,0.445,0.555,0.085,
1790861539.031,1790861400,Up,0.2/3;0.5/5;1.0/8,0.435,0.635,0.975,0.995
1790861549.062,1790861400,Down,0.2/3;0.5/5;1.0/8,0.5,0.195,0.015,
1790861559.851,1790861400,Up,0.2/3;0.5/5;1.0/8,0.675,0.965,0.995,0.9995
1790861570.261,1790861400,Up,0.2/3;0.5/5;1.0/8,0.915,0.985,0.995,
1790861580.301,1790861400,Up,0.2/3;0.5/5;1.0/8,0.995,0.995,0.995,
1790861592.423,1790861400,Up,0.2/3;0.5/5;1.0/8,0.985,0.995,0.995,
1790861604.041,1790861400,Down,0.2/3;0.5/5;1.0/8,,,,
1790861618.816,1790861400,Down,0.2/3;0.5/5;1.0/8,,,,
1790861635.348,1790861400,Up,0.2/3;0.5/5;1.0/8,0.995,0.9995,,
1790861646.493,1790861400,Down,0.2/3;0.5/5;1.0/8,,,,
1790861657.675,1790861400,Down,0.2/3;0.5/5;1.0/8,,,,
1790861670.42,1790861400,Down,0.2/3;0.5/5;1.0/8,,,,
1790861704.619,1790861700,Down,0.2/3;0.5/5;1.0/8,0.425,0.455,0.405,0.695
1790861715.996,1790861700,Up,0.2/3;0.5/5;1.0/8,0.565,0.53,0.635,0.215
1790861726.105,1790861700,Down,0.2/3;0.5/5;1.0/8,0.395,0.335,0.355,0.375
1790861736.124,1790861700,Up,0.2/3;0.5/5;1.0/8,0.575,0.625,0.595,0.745
1790861746.124,1790861700,Down,0.2/3;0.5/5;1.0/8,0.385,0.365,0.495,0.085
1790861757.12,1790861700,Down,0.2/3;0.5/5;1.0/8,0.405,0.355,0.575,0.055
1790861767.984,1790861700,Down,0.2/3;0.5/5;1.0/8,0.365,0.44,0.635,0.015
1790861784.715,1790861700,Down,0.2/3;0.5/5;1.0/8,0.445,0.535,0.495,0.025
1790861794.913,1790861700,Up,0.2/3;0.5/5;1.0/8,0.475,0.315,0.745,0.995
1790861810.206,1790861700,Down,0.2/3;0.5/5;1.0/8,0.685,0.675,0.125,
1790861821.394,1790861700,Down,0.2/3;0.5/5;1.0/8,0.715,0.365,0.025,
1790861831.84,1790861700,Down,0.2/3;0.5/5;1.0/8,0.345,0.185,0.045,
1790861841.867,1790861700,Up,0.2/3;0.5/5;1.0/8,0.745,0.895,0.955,0.995
1790861853.027,1790861700,Up,0.2/3;0.5/5;1.0/8,0.895,0.985,0.995,0.995
1790861863.048,1790861700,Up,0.2/3;0.5/5;1.0/8,0.935,0.935,0.995,0.995
1790861873.537,1790861700,Down,0.2/3;0.5/5;1.0/8,0.015,0.035,,
1790861885.123,1790861700,Up,0.2/3;0.5/5;1.0/8,0.945,0.995,0.995,
1790861897.535,1790861700,Down,0.2/3;0.5/5;1.0/8,,,,
1790861907.914,1790861700,Up,0.2/3;0.5/5;1.0/8,0.995,0.995,0.995,
1790861919.713,1790861700,Up,0.2/3;0.5/5;1.0/8,0.995,0.995,0.995,
1790861929.724,1790861700,Down,0.2/3;0.5/5;1.0/8,,,,
1790861940.519,1790861700,Up,0.2/3;0.5/5;1.0/8,0.995,0.995,,
1790861950.96,1790861700,Down,0.2/3;0.5/5;1.0/8,,,,
1790861961.342,1790861700,Up,0.2/3;0.5/5;1.0/8,0.995,,,
1790861971.482,1790861700,Up,0.2/3;0.5/5;1.0/8,0.995,,,
1790862002.823,1790862000,Up,0.2/3;0.5/5;1.0/8,0.235,0.375,0.165,0.365
1790862012.831,1790862000,Up,0.2/3;0.5/5;1.0/8,0.255,0.365,0.305,0.305
1790862025.351,1790862000,Up,0.2/3;0.5/5;1.0/8,0.365,0.205,0.505,0.285
1790862039.704,1790862000,Down,0.2/3;0.5/5;1.0/8,0.775,0.745,0.455,0.785
1790862052.292,1790862000,Up,0.2/3;0.5/5;1.0/8,0.195,0.405,0.295,0.085
1790862062.295,1790862000,Down,0.2/3;0.5/5;1.0/8,0.655,0.475,0.585,0.825
1790862073.521,1790862000,Up,0.2/3;0.5/5;1.0/8,0.485,0.445,0.305,0.205
1790862083.58,1790862000,Up,0.2/3;0.5/5;1.0/8,0.545,0.255,0.255,0.265
1790862101.113,1790862000,Down,0.2/3;0.5/5;1.0/8,0.695,0.725,0.795,0.655
1790862112.832,1790862000,Down,0.2/3;0.5/5;1.0/8,0.685,0.785,0.915,0.885
1790862122.833,1790862000,Down,0.2/3;0.5/5;1.0/8,0.685,0.775,0.845,0.925
1790862132.921,1790862000,Up,0.2/3;0.5/5;1.0/8,0.245,0.165,0.205,0.135
1790862144.566,1790862000,Up,0.2/3;0.5/5;1.0/8,0.215,0.085,0.3,0.6
1790862155.415,1790862000,Down,0.2/3;0.5/5;1.0/8,0.885,0.895,0.745,0.665
1790862165.421,1790862000,Down,0.2/3;0.5/5;1.0/8,0.835,0.765,0.585,0.895
1790862175.439,1790862000,Up,0.2/3;0.5/5;1.0/8,0.185,0.325,0.085,
1790862185.45,1790862000,Down,0.2/3;0.5/5;1.0/8,0.685,0.745,0.88,
1790862199.412,1790862000,Up,0.2/3;0.5/5;1.0/8,0.255,0.295,0.35,
1790862221.994,1790862000,Up,0.2/3;0.5/5;1.0/8,0.085,0.09,0.055,
1790862231.994,1790862000,Down,0.2/3;0.5/5;1.0/8,0.855,0.405,,
1790862241.996,1790862000,Up,0.2/3;0.5/5;1.0/8,0.355,0.105,,
1790862252.149,1790862000,Up,0.2/3;0.5/5;1.0/8,0.625,0.085,,
1790862267.221,1790862000,Down,0.2/3;0.5/5;1.0/8,0.88,,,
1790862302.119,1790862300,Up,0.2/3;0.5/5;1.0/8,0.685,0.725,0.465,0.585
1790862312.12,1790862300,Down,0.2/3;0.5/5;1.0/8,0.275,0.335,0.375,0.465
1790862322.12,1790862300,Up,0.2/3;0.5/5;1.0/8,0.765,0.605,0.685,0.395
1790862333.005,1790862300,Up,0.2/3;0.5/5;1.0/8,0.705,0.52,0.605,0.685
1790862344.583,1790862300,Up,0.2/3;0.5/5;1.0/8,0.595,0.655,0.475,0.735
1790862355.588,1790862300,Down,0.2/3;0.5/5;1.0/8,0.365,0.335,0.575,0.155
1790862365.6,1790862300,Up,0.2/3;0.5/5;1.0/8,0.685,0.715,0.625,0.765
1790862375.625,1790862300,Down,0.2/3;0.5/5;1.0/8,0.415,0.565,0.565,0.365
1790862386.313,1790862300,Up,0.2/3;0.5/5;1.0/8,0.465,0.435,0.485,0.445
1790862399.055,1790862300,Down,0.2/3;0.5/5;1.0/8,0.575,0.495,0.315,0.315
1790862409.554,1790862300,Up,0.2/3;0.5/5;1.0/8,0.585,0.395,0.815,0.605
1790862419.861,1790862300,Up,0.2/3;0.5/5;1.0/8,0.455,0.565,0.765,0.415
1790862429.922,1790862300,Down,0.2/3;0.5/5;1.0/8,0.645,0.335,0.195,0.745
1790862441.304,1790862300,Down,0.2/3;0.5/5;1.0/8,0.295,0.165,0.545,0.915
1790862451.588,1790862300,Up,0.2/3;0.5/5;1.0/8,0.755,0.715,0.535,
1790862461.59,1790862300,Up,0.2/3;0.5/5;1.0/8,0.805,0.715,0.705,
1790862472.187,1790862300,Up,0.2/3;0.5/5;1.0/8,0.775,0.405,0.465,
1790862483.872,1790862300,Down,0.2/3;0.5/5;1.0/8,0.595,0.395,0.5,
1790862495.0,1790862300,Down,0.2/3;0.5/5;1.0/8,0.61,0.275,0.725,
1790862509.793,1790862300,Up,0.2/3;0.5/5;1.0/8,0.655,0.415,,
1790862528.723,1790862300,Down,0.2/3;0.5/5;1.0/8,0.455,0.875,,
1790862540.26,1790862300,Up,0.2/3;0.5/5;1.0/8,0.225,,,
1790862552.314,1790862300,Up,0.2/3;0.5/5;1.0/8,0.035,,,
1790862565.726,1790862300,Up,0.2/3;0.5/5;1.0/8,,,,
1790862603.233,1790862600,Up,0.2/3;0.5/5;1.0/8,0.395,0.405,0.385,0.315
1790862613.237,1790862600,Up,0.2/3;0.5/5;1.0/8,0.395,0.475,0.505,0.525
1790862624.469,1790862600,Up,0.2/3;0.5/5;1.0/8,0.505,0.395,0.535,0.495
1790862635.076,1790862600,Up,0.2/3;0.5/5;1.0/8,0.39,0.465,0.435,0.675
1790862646.024,1790862600,Down,0.2/3;0.5/5;1.0/8,0.625,0.495,0.635,0.305
1790862656.024,1790862600,Down,0.2/3;0.5/5;1.0/8,0.595,0.495,0.575,0.165
1790862666.319,1790862600,Down,0.2/3;0.5/5;1.0/8,0.495,0.585,0.665,0.285
1790862676.404,1790862600,Up,0.2/3;0.5/5;1.0/8,0.505,0.365,0.525,0.695
1790862689.933,1790862600,Down,0.2/3;0.5/5;1.0/8,0.625,0.635,0.275,0.265
1790862703.237,1790862600,Down,0.2/3;0.5/5;1.0/8,0.595,0.475,0.285,0.285
1790862713.739,1790862600,Up,0.2/3;0.5/5;1.0/8,0.405,0.49,0.85,0.915
1790862724.205,1790862600,Up,0.2/3;0.5/5;1.0/8,0.565,0.685,0.775,0.965
1790862735.491,1790862600,Up,0.2/3;0.5/5;1.0/8,0.715,0.675,0.735,0.995
1790862745.493,1790862600,Up,0.2/3;0.5/5;1.0/8,0.735,0.85,0.695,0.995
1790862766.781,1790862600,Up,0.2/3;0.5/5;1.0/8,0.815,0.715,0.795,0.995
1790862779.12,1790862600,Down,0.2/3;0.5/5;1.0/8,0.225,0.275,0.065,
1790862792.432,1790862600,Up,0.2/3;0.5/5;1.0/8,0.725,0.705,0.995,
1790862816.615,1790862600,Down,0.2/3;0.5/5;1.0/8,0.185,0.015,,
1790862831.585,1790862600,Up,0.2/3;0.5/5;1.0/8,0.985,0.995,,
1790862842.022,1790862600,Down,0.2/3;0.5/5;1.0/8,,,,
1790862853.262,1790862600,Up,0.2/3;0.5/5;1.0/8,0.995,0.995,,
1790862867.631,1790862600,Down,0.2/3;0.5/5;1.0/8,,,,
1790862905.294,1790862900,Down,0.2/3;0.5/5;1.0/8,0.275,0.275,0.625,0.605
1790862915.316,1790862900,Up,0.2/3;0.5/5;1.0/8,0.695,0.505,0.325,0.455
1790862926.442,1790862900,Down,0.2/3;0.5/5;1.0/8,0.415,0.655,0.795,0.515
1790862936.443,1790862900,Down,0.2/3;0.5/5;1.0/8,0.655,0.615,0.765,0.595
1790862946.444,1790862900,Down,0.2/3;0.5/5;1.0/8,0.625,0.665,0.755,0.625
1790862957.064,1790862900,Up,0.2/3;0.5/5;1.0/8,0.37,0.205,0.235,0.465
1790862968.185,1790862900,Down,0.2/3;0.5/5;1.0/8,0.665,0.785,0.575,0.645
1790862978.19,1790862900,Down,0.2/3;0.5/5;1.0/8,0.755,0.715,0.575,0.595
1790862989.457,1790862900,Down,0.2/3;0.5/5;1.0/8,0.755,0.755,0.525,0.705
1790863007.288,1790862900,Up,0.2/3;0.5/5;1.0/8,0.335,0.425,0.365,0.525
1790863021.319,1790862900,Up,0.2/3;0.5/5;1.0/8,0.445,0.445,0.335,0.725
1790863031.322,1790862900,Up,0.2/3;0.5/5;1.0/8,0.485,0.295,0.355,0.505
1790863056.907,1790862900,Down,0.2/3;0.5/5;1.0/8,0.655,0.645,0.525,0.025
1790863071.994,1790862900,Up,0.2/3;0.5/5;1.0/8,0.355,0.455,0.775,
1790863101.522,1790862900,Up,0.2/3;0.5/5;1.0/8,0.475,0.785,0.795,
1790863114.944,1790862900,Up,0.2/3;0.5/5;1.0/8,0.785,0.625,0.965,
1790863128.42,1790862900,Up,0.2/3;0.5/5;1.0/8,0.665,0.795,,
1790863142.72,1790862900,Down,0.2/3;0.5/5;1.0/8,0.265,0.045,,
1790863157.081,1790862900,Up,0.2/3;0.5/5;1.0/8,0.945,,,
1790863169.986,1790862900,Up,0.2/3;0.5/5;1.0/8,0.995,,,
1790863202.305,1790863200,Up,0.2/3;0.5/5;1.0/8,0.335,0.175,0.125,0.065
1790863212.305,1790863200,Up,0.2/3;0.5/5;1.0/8,0.315,0.235,0.065,0.025
1790863225.457,1790863200,Up,0.2/3;0.5/5;1.0/8,0.235,0.195,0.055,0.015
1790863235.462,1790863200,Down,0.2/3;0.5/5;1.0/8,0.785,0.895,0.885,0.995
1790863246.041,1790863200,Down,0.2/3;0.5/5;1.0/8,0.885,0.935,0.955,0.985
1790863256.921,1790863200,Down,0.2/3;0.5/5;1.0/8,0.935,0.945,0.965,0.975
1790863267.603,1790863200,Down,0.2/3;0.5/5;1.0/8,0.945,0.905,0.965,0.925
1790863277.605,1790863200,Down,0.2/3;0.5/5;1.0/8,0.925,0.955,0.975,0.985
1790863288.819,1790863200,Up,0.2/3;0.5/5;1.0/8,0.045,0.045,0.015,0.035
1790863300.966,1790863200,Down,0.2/3;0.5/5;1.0/8,0.965,0.965,0.985,0.955
1790863317.519,1790863200,Up,0.2/3;0.5/5;1.0/8,0.025,0.015,0.035,
1790863327.649,1790863200,Up,0.2/3;0.5/5;1.0/8,0.025,,0.075,
1790863337.773,1790863200,Down,0.2/3;0.5/5;1.0/8,0.995,0.985,0.985,0.9995
1790863347.946,1790863200,Down,0.2/3;0.5/5;1.0/8,0.985,0.965,0.965,0.9995
1790863361.158,1790863200,Up,0.2/3;0.5/5;1.0/8,0.025,0.025,0.035,
1790863371.16,1790863200,Up,0.2/3;0.5/5;1.0/8,0.045,0.035,,
1790863383.039,1790863200,Up,0.2/3;0.5/5;1.0/8,0.035,0.045,,
1790863394.784,1790863200,Down,0.2/3;0.5/5;1.0/8,0.955,0.995,0.9995,
1790863404.796,1790863200,Down,0.2/3;0.5/5;1.0/8,0.965,0.995,0.9995,
1790863416.008,1790863200,Up,0.2/3;0.5/5;1.0/8,,,,
1790863426.023,1790863200,Up,0.2/3;0.5/5;1.0/8,,,,
1790863436.023,1790863200,Down,0.2/3;0.5/5;1.0/8,0.9995,0.9995,,
1790863457.46,1790863200,Down,0.2/3;0.5/5;1.0/8,0.9995,,,
1790863467.463,1790863200,Down,0.2/3;0.5/5;1.0/8,0.9995,,,
1790863502.169,1790863500,Up,0.2/3;0.5/5;1.0/8,0.215,0.245,0.41,0.635
1790863512.17,1790863500,Down,0.2/3;0.5/5;1.0/8,0.795,0.655,0.635,0.145
1790863522.172,1790863500,Up,0.2/3;0.5/5;1.0/8,0.305,0.325,0.565,0.885
1790863532.824,1790863500,Up,0.2/3;0.5/5;1.0/8,0.315,0.405,0.565,0.875
1790863542.835,1790863500,Up,0.2/3;0.5/5;1.0/8,0.375,0.375,0.435,0.755
1790863555.652,1790863500,Up,0.2/3;0.5/5;1.0/8,0.375,0.635,0.545,0.875
1790863565.655,1790863500,Down,0.2/3;0.5/5;1.0/8,0.455,0.575,0.245,0.045
1790863575.663,1790863500,Down,0.2/3;0.5/5;1.0/8,0.37,0.505,0.115,0.035
1790863585.664,1790863500,Up,0.2/3;0.5/5;1.0/8,0.425,0.545,0.845,0.985
1790863595.674,1790863500,Down,0.2/3;0.5/5;1.0/8,0.385,0.245,0.165,
1790863605.722,1790863500,Up,0.2/3;0.5/5;1.0/8,0.635,0.885,0.745,0.995
1790863616.175,1790863500,Down,0.2/3;0.5/5;1.0/8,0.225,0.145,0.125,
1790863626.419,1790863500,Up,0.2/3;0.5/5;1.0/8,0.885,0.835,0.955,0.995
1790863636.561,1790863500,Down,0.2/3;0.5/5;1.0/8,0.145,0.285,0.025,
1790863651.352,1790863500,Down,0.2/3;0.5/5;1.0/8,0.275,0.115,,
1790863661.352,1790863500,Down,0.2/3;0.5/5;1.0/8,0.125,0.035,,
1790863671.368,1790863500,Up,0.2/3;0.5/5;1.0/8,0.955,0.985,0.995,
1790863682.514,1790863500,Up,0.2/3;0.5/5;1.0/8,0.975,0.995,0.995,
1790863697.431,1790863500,Down,0.2/3;0.5/5;1.0/8,,,,
1790863709.725,1790863500,Down,0.2/3;0.5/5;1.0/8,,,,
1790863720.564,1790863500,Up,0.2/3;0.5/5;1.0/8,0.995,0.995,0.995,
1790863730.564,1790863500,Down,0.2/3;0.5/5;1.0/8,,,,
1790863740.768,1790863500,Down,0.2/3;0.5/5;1.0/8,,,,
1790863753.158,1790863500,Up,0.2/3;0.5/5;1.0/8,0.995,0.995,,
1790863763.182,1790863500,Up,0.2/3;0.5/5;1.0/8,0.995,,,
1790863802.176,1790863800,Down,0.2/3;0.5/5;1.0/8,0.415,0.47,0.485,0.845
1790863812.178,1790863800,Down,0.2/3;0.5/5;1.0/8,0.465,0.465,0.495,0.895
1790863822.184,1790863800,Down,0.2/3;0.5/5;1.0/8,0.505,0.415,0.595,0.755
1790863832.21,1790863800,Up,0.2/3;0.5/5;1.0/8,0.555,0.515,0.355,0.225
1790863842.21,1790863800,Up,0.2/3;0.5/5;1.0/8,0.525,0.505,0.345,0.075
1790863854.133,1790863800,Down,0.2/3;0.5/5;1.0/8,0.485,0.635,0.785,0.965
1790863864.426,1790863800,Down,0.2/3;0.5/5;1.0/8,0.565,0.615,0.865,0.985
1790863875.53,1790863800,Down,0.2/3;0.5/5;1.0/8,0.645,0.665,0.885,0.995
1790863886.748,1790863800,Down,0.2/3;0.5/5;1.0/8,0.645,0.865,0.775,0.995
1790863903.774,1790863800,Down,0.2/3;0.5/5;1.0/8,0.815,0.895,0.925,0.995
1790863914.076,1790863800,Down,0.2/3;0.5/5;1.0/8,0.885,0.815,0.965,0.995
1790863925.2,1790863800,Down,0.2/3;0.5/5;1.0/8,0.785,0.795,0.985,0.995
1790863935.771,1790863800,Up,0.2/3;0.5/5;1.0/8,0.195,0.055,,
1790863958.998,1790863800,Down,0.2/3;0.5/5;1.0/8,0.965,0.985,0.975,0.9995
1790863969.228,1790863800,Down,0.2/3;0.5/5;1.0/8,0.985,0.995,0.995,
1790863980.702,1790863800,Down,0.2/3;0.5/5;1.0/8,0.995,0.995,0.995,
1790863991.032,1790863800,Down,0.2/3;0.5/5;1.0/8,0.995,0.995,0.9995,
1790864002.544,1790863800,Up,0.2/3;0.5/5;1.0/8,0.025,,,
1790864014.211,1790863800,Up,0.2/3;0.5/5;1.0/8,,,,
1790864024.216,1790863800,Up,0.2/3;0.5/5;1.0/8,,,,
1790864034.723,1790863800,Down,0.2/3;0.5/5;1.0/8,0.9995,0.9995,,
1790864045.872,1790863800,Down,0.2/3;0.5/5;1.0/8,0.9995,0.9995,,
1790864056.371,1790863800,Down,0.2/3;0.5/5;1.0/8,0.9995,0.9995,,
1790864066.403,1790863800,Up,0.2/3;0.5/5;1.0/8,,,,
1790864109.218,1790864100,Up,0.2/3;0.5/5;1.0/8,0.715,0.805,0.705,0.885
1790864121.345,1790864100,Up,0.2/3;0.5/5;1.0/8,0.805,0.815,0.825,0.955
1790864133.042,1790864100,Up,0.2/3;0.5/5;1.0/8,0.805,0.785,0.875,0.975
1790864152.759,1790864100,Down,0.2/3;0.5/5;1.0/8,0.295,0.175,0.065,
1790864163.79,1790864100,Down,0.2/3;0.5/5;1.0/8,0.205,0.125,0.105,
1790864173.792,1790864100,Up,0.2/3;0.5/5;1.0/8,0.855,0.885,0.915,0.995
1790864183.794,1790864100,Down,0.2/3;0.5/5;1.0/8,0.105,0.065,0.035,
1790864193.794,1790864100,Up,0.2/3;0.5/5;1.0/8,0.925,0.895,0.975,0.995
1790864204.504,1790864100,Up,0.2/3;0.5/5;1.0/8,0.885,0.915,0.995,0.995
1790864217.295,1790864100,Down,0.2/3;0.5/5;1.0/8,0.095,0.045,,
1790864227.3,1790864100,Down,0.2/3;0.5/5;1.0/8,0.045,0.015,,
1790864237.782,1790864100,Up,0.2/3;0.5/5;1.0/8,0.975,0.995,0.995,0.995
1790864250.979,1790864100,Up,0.2/3;0.5/5;1.0/8,0.995,0.995,0.995,0.995
1790864265.492,1790864100,Up,0.2/3;0.5/5;1.0/8,0.995,0.995,0.995,0.995
1790864280.139,1790864100,Up,0.2/3;0.5/5;1.0/8,0.995,0.995,0.995,
1790864292.72,1790864100,Up,0.2/3;0.5/5;1.0/8,0.995,0.995,0.995,
1790864302.734,1790864100,Down,0.2/3;0.5/5;1.0/8,,,,
1790864316.889,1790864100,Up,0.2/3;0.5/5;1.0/8,0.995,0.995,0.995,
1790864331.56,1790864100,Down,0.2/3;0.5/5;1.0/8,,,,
1790864341.561,1790864100,Down,0.2/3;0.5/5;1.0/8,,,,
1790864355.023,1790864100,Down,0.2/3;0.5/5;1.0/8,,,,
1790864365.067,1790864100,Up,0.2/3;0.5/5;1.0/8,0.995,,,
1790864403.556,1790864400,Up,0.2/3;0.5/5;1.0/8,0.505,0.465,0.465,0.255
1790864416.077,1790864400,Down,0.2/3;0.5/5;1.0/8,0.495,0.605,0.38,0.485
1790864428.525,1790864400,Up,0.2/3;0.5/5;1.0/8,0.415,0.465,0.585,0.305
1790864438.533,1790864400,Up,0.2/3;0.5/5;1.0/8,0.495,0.565,0.555,0.225
1790864450.863,1790864400,Up,0.2/3;0.5/5;1.0/8,0.535,0.635,0.365,0.13
1790864461.54,1790864400,Down,0.2/3;0.5/5;1.0/8,0.365,0.465,0.655,0.945
1790864475.808,1790864400,Up,0.2/3;0.5/5;1.0/8,0.545,0.395,0.515,0.025
1790864486.886,1790864400,Down,0.2/3;0.5/5;1.0/8,0.495,0.695,0.685,0.875
1790864498.931,1790864400,Up,0.2/3;0.5/5;1.0/8,0.315,0.425,0.215,0.055
1790864513.358,1790864400,Down,0.2/3;0.5/5;1.0/8,0.595,0.585,0.865,0.91
1790864523.394,1790864400,Down,0.2/3;0.5/5;1.0/8,0.425,0.59,0.945,0.8905
1790864534.138,1790864400,Up,0.2/3;0.5/5;1.0/8,0.375,0.235,0.035,0.37
1790864545.025,1790864400,Down,0.2/3;0.5/5;1.0/8,0.735,0.875,0.935,0.8245
1790864555.046,1790864400,Down,0.2/3;0.5/5;1.0/8,0.885,0.935,0.955,0.5995
1790864566.341,1790864400,Down,0.2/3;0.5/5;1.0/8,0.945,0.985,0.915,0.47
1790864576.349,1790864400,Down,0.2/3;0.5/5;1.0/8,0.955,0.915,0.825,
1790864594.694,1790864400,Down,0.2/3;0.5/5;1.0/8,0.945,0.955,0.6455,
1790864604.718,1790864400,Up,0.2/3;0.5/5;1.0/8,0.045,0.105,0.1765,
1790864617.658,1790864400,Up,0.2/3;0.5/5;1.0/8,0.055,0.0405,0.575,
1790864631.13,1790864400,Down,0.2/3;0.5/5;1.0/8,0.965,0.935,,
1790864641.362,1790864400,Down,0.2/3;0.5/5;1.0/8,0.864,0.6595,,
1790864652.617,1790864400,Up,0.2/3;0.5/5;1.0/8,0.1885,0.4205,,
1790864663.044,1790864400,Up,0.2/3;0.5/5;1.0/8,0.5945,,,
1790864703.904,1790864700,Down,0.2/3;0.5/5;1.0/8,0.275,0.235,0.28,0.065
1790864714.967,1790864700,Up,0.2/3;0.5/5;1.0/8,0.755,0.785,0.705,0.965
1790864724.967,1790864700,Up,0.2/3;0.5/5;1.0/8,0.755,0.765,0.705,0.955
1790864741.418,1790864700,Up,0.2/3;0.5/5;1.0/8,0.765,0.795,0.75,0.995
1790864751.671,1790864700,Down,0.2/3;0.5/5;1.0/8,0.205,0.395,0.165,0.025
1790864762.456,1790864700,Up,0.2/3;0.5/5;1.0/8,0.595,0.705,0.965,0.995
1790864772.459,1790864700,Down,0.2/3;0.5/5;1.0/8,0.335,0.255,0.055,0.035
1790864782.459,1790864700,Up,0.2/3;0.5/5;1.0/8,0.735,0.845,0.955,0.875
1790864792.461,1790864700,Down,0.2/3;0.5/5;1.0/8,0.235,0.035,0.025,0.0215
1790864803.437,1790864700,Down,0.2/3;0.5/5;1.0/8,0.095,0.055,,0.0095
1790864813.441,1790864700,Down,0.2/3;0.5/5;1.0/8,0.055,0.045,0.025,
1790864823.441,1790864700,Down,0.2/3;0.5/5;1.0/8,0.045,0.025,,0.0015
1790864833.442,1790864700,Up,0.2/3;0.5/5;1.0/8,0.975,0.995,0.955,0.9995
1790864845.068,1790864700,Down,0.2/3;0.5/5;1.0/8,0.015,0.025,0.115,
1790864855.637,1790864700,Up,0.2/3;0.5/5;1.0/8,0.975,0.965,0.987,0.9995
1790864865.734,1790864700,Down,0.2/3;0.5/5;1.0/8,,0.075,0.0065,
1790864883.987,1790864700,Down,0.2/3;0.5/5;1.0/8,0.115,0.0205,0.0015,
1790864893.988,1790864700,Down,0.2/3;0.5/5;1.0/8,0.0505,0.008,,
1790864904.465,1790864700,Up,0.2/3;0.5/5;1.0/8,0.9805,0.9965,0.9995,
1790864914.469,1790864700,Up,0.2/3;0.5/5;1.0/8,0.9995,0.9985,0.9995,
1790864936.699,1790864700,Up,0.2/3;0.5/5;1.0/8,0.9995,0.9995,,
1790864946.744,1790864700,Up,0.2/3;0.5/5;1.0/8,0.9995,0.9995,,
1790864964.245,1790864700,Down,0.2/3;0.5/5;1.0/8,,,,
1790865005.655,1790865000,Down,0.2/3;0.5/5;1.0/8,0.585,0.505,0.355,0.665
1790865019.767,1790865000,Down,0.2/3;0.5/5;1.0/8,0.495,0.485,0.555,0.595
1790865030.802,1790865000,Up,0.2/3;0.5/5;1.0/8,0.475,0.595,0.305,0.715
1790865041.644,1790865000,Down,0.2/3;0.5/5;1.0/8,0.38,0.39,0.585,0.34
1790865053.962,1790865000,Up,0.2/3;0.5/5;1.0/8,0.665,0.395,0.235,0.565
1790865066.436,1790865000,Up,0.2/3;0.5/5;1.0/8,0.49,0.305,0.355,0.61
1790865076.863,1790865000,Down,0.2/3;0.5/5;1.0/8,0.695,0.645,0.605,0.135
1790865090.11,1790865000,Down,0.2/3;0.5/5;1.0/8,0.635,0.705,0.255,0.12
1790865100.711,1790865000,Up,0.2/3;0.5/5;1.0/8,0.235,0.525,0.665,0.645
1790865110.72,1790865000,Down,0.2/3;0.5/5;1.0/8,0.665,0.51,0.565,0.505
1790865122.022,1790865000,Up,0.2/3;0.5/5;1.0/8,0.405,0.685,0.585,0.285
1790865132.022,1790865000,Down,0.2/3;0.5/5;1.0/8,0.275,0.425,0.265,0.915
1790865142.827,1790865000,Down,0.2/3;0.5/5;1.0/8,0.345,0.445,0.135,0.995
1790865153.696,1790865000,Down,0.2/3;0.5/5;1.0/8,0.515,0.425,0.145,0.995
1790865165.358,1790865000,Down,0.2/3;0.5/5;1.0/8,0.535,0.175,0.475,0.995
1790865177.02,1790865000,Down,0.2/3;0.5/5;1.0/8,0.265,0.115,0.545,
1790865187.085,1790865000,Down,0.2/3;0.5/5;1.0/8,0.135,0.155,0.905,
1790865207.148,1790865000,Down,0.2/3;0.5/5;1.0/8,0.265,0.545,0.995,
1790865219.131,1790865000,Down,0.2/3;0.5/5;1.0/8,0.455,0.895,0.995,
1790865231.793,1790865000,Down,0.2/3;0.5/5;1.0/8,0.915,0.995,,
1790865242.305,1790865000,Down,0.2/3;0.5/5;1.0/8,0.975,0.995,,
1790865253.485,1790865000,Up,0.2/3;0.5/5;1.0/8,,,,
1790865269.028,1790865000,Up,0.2/3;0.5/5;1.0/8,,,,
1790865302.364,1790865300,Up,0.2/3;0.5/5;1.0/8,0.715,0.715,0.805,0.935
1790865317.347,1790865300,Down,0.2/3;0.5/5;1.0/8,0.285,0.295,0.235,0.035
1790865328.257,1790865300,Down,0.2/3;0.5/5;1.0/8,0.265,0.255,0.165,0.025
1790865339.769,1790865300,Down,0.2/3;0.5/5;1.0/8,0.255,0.205,0.125,0.035
1790865350.375,1790865300,Down,0.2/3;0.5/5;1.0/8,0.205,0.215,0.055,0.035
1790865361.777,1790865300,Up,0.2/3;0.5/5;1.0/8,0.765,0.835,0.935,0.935
1790865372.628,1790865300,Down,0.2/3;0.5/5;1.0/8,0.175,0.085,0.055,0.125
1790865384.729,1790865300,Up,0.2/3;0.5/5;1.0/8,0.875,0.935,0.975,0.805
1790865397.553,1790865300,Up,0.2/3;0.5/5;1.0/8,0.945,0.945,0.965,0.955
1790865407.557,1790865300,Up,0.2/3;0.5/5;1.0/8,0.935,0.965,0.975,0.995
1790865417.595,1790865300,Down,0.2/3;0.5/5;1.0/8,0.055,0.025,0.065,
1790865431.089,1790865300,Down,0.2/3;0.5/5;1.0/8,0.025,0.025,0.125,
1790865441.291,1790865300,Down,0.2/3;0.5/5;1.0/8,0.025,0.035,0.145,
1790865455.633,1790865300,Down,0.2/3;0.5/5;1.0/8,0.035,0.045,0.065,
1790865469.197,1790865300,Down,0.2/3;0.5/5;1.0/8,0.055,0.165,,
1790865479.752,1790865300,Down,0.2/3;0.5/5;1.0/8,0.105,0.085,,
1790865491.257,1790865300,Down,0.2/3;0.5/5;1.0/8,0.145,0.045,,
1790865502.883,1790865300,Down,0.2/3;0.5/5;1.0/8,0.045,,,
1790865516.092,1790865300,Up,0.2/3;0.5/5;1.0/8,0.995,0.995,0.995,
1790865526.101,1790865300,Up,0.2/3;0.5/5;1.0/8,0.995,0.995,0.995,
1790865545.61,1790865300,Up,0.2/3;0.5/5;1.0/8,0.995,0.995,,
1790865560.662,1790865300,Down,0.2/3;0.5/5;1.0/8,,,,
1790865607.716,1790865600,Down,0.2/3;0.5/5;1.0/8,0.675,0.795,0.935,0.955
1790865619.756,1790865600,Down,0.2/3;0.5/5;1.0/8,0.755,0.835,0.935,0.965
1790865629.756,1790865600,Down,0.2/3;0.5/5;1.0/8,0.815,0.855,0.935,0.975
1790865641.958,1790865600,Down,0.2/3;0.5/5;1.0/8,0.845,0.945,0.915,0.965
1790865653.959,1790865600,Up,0.2/3;0.5/5;1.0/8,0.065,0.075,0.035,0.025
1790865665.451,1790865600,Down,0.2/3;0.5/5;1.0/8,0.915,0.935,0.965,0.995
1790865678.032,1790865600,Up,0.2/3;0.5/5;1.0/8,0.065,0.065,0.035,
1790865691.213,1790865600,Up,0.2/3;0.5/5;1.0/8,0.065,0.035,0.025,
1790865701.213,1790865600,Up,0.2/3;0.5/5;1.0/8,0.045,0.045,0.035,
1790865711.959,1790865600,Down,0.2/3;0.5/5;1.0/8,0.955,0.975,0.965,0.9995
1790865726.669,1790865600,Up,0.2/3;0.5/5;1.0/8,0.035,0.015,,
1790865750.085,1790865600,Down,0.2/3;0.5/5;1.0/8,0.965,0.985,0.995,0.9995
1790865760.087,1790865600,Up,0.2/3;0.5/5;1.0/8,0.025,,,
1790865773.321,1790865600,Down,0.2/3;0.5/5;1.0/8,0.995,0.995,0.9995,
1790865783.402,1790865600,Down,0.2/3;0.5/5;1.0/8,0.995,0.995,0.9995,
1790865794.514,1790865600,Down,0.2/3;0.5/5;1.0/8,0.995,0.995,0.9995,
1790865808.74,1790865600,Up,0.2/3;0.5/5;1.0/8,,,,
1790865822.388,1790865600,Down,0.2/3;0.5/5;1.0/8,0.9995,0.9995,0.9995,
1790865834.25,1790865600,Up,0.2/3;0.5/5;1.0/8,,,,
1790865844.266,1790865600,Down,0.2/3;0.5/5;1.0/8,0.9995,0.9995,,
1790865865.28,1790865600,Up,0.2/3;0.5/5;1.0/8,,,,
1790865903.917,1790865900,Down,0.2/3;0.5/5;1.0/8,0.455,0.455,0.265,0.745
1790865919.197,1790865900,Up,0.2/3;0.5/5;1.0/8,0.545,0.57,0.565,0.245
1790865944.478,1790865900,Up,0.2/3;0.5/5;1.0/8,0.705,0.635,0.205,0.075
1790865956.654,1790865900,Up,0.2/3;0.5/5;1.0/8,0.675,0.505,0.265,0.055
1790865972.576,1790865900,Down,0.2/3;0.5/5;1.0/8,0.495,0.765,0.805,0.985
1790865985.98,1790865900,Down,0.2/3;0.5/5;1.0/8,0.735,0.735,0.705,0.995
1790865997.821,1790865900,Down,0.2/3;0.5/5;1.0/8,0.745,0.785,0.845,0.995
1790866009.895,1790865900,Up,0.2/3;0.5/5;1.0/8,0.225,0.255,0.085,
1790866030.274,1790865900,Up,0.2/3;0.5/5;1.0/8,0.305,0.125,0.015,
1790866040.288,1790865900,Up,0.2/3;0.5/5;1.0/8,0.225,0.085,0.025,
1790866055.713,1790865900,Down,0.2/3;0.5/5;1.0/8,0.915,0.985,0.995,0.995
1790866071.635,1790865900,Up,0.2/3;0.5/5;1.0/8,0.015,0.015,,
1790866082.825,1790865900,Down,0.2/3;0.5/5;1.0/8,0.985,0.995,0.995,
1790866095.02,1790865900,Up,0.2/3;0.5/5;1.0/8,,,,
1790866110.351,1790865900,Up,0.2/3;0.5/5;1.0/8,,,,
1790866122.667,1790865900,Down,0.2/3;0.5/5;1.0/8,0.995,0.995,0.995,
1790866139.921,1790865900,Down,0.2/3;0.5/5;1.0/8,0.995,0.995,,
1790866152.106,1790865900,Down,0.2/3;0.5/5;1.0/8,0.995,0.995,,
1790866168.741,1790865900,Up,0.2/3;0.5/5;1.0/8,,,,
1790866206.231,1790866200,Up,0.2/3;0.5/5;1.0/8,0.675,0.555,0.565,0.315
1790866216.234,1790866200,Down,0.2/3;0.5/5;1.0/8,0.445,0.635,0.605,0.765
1790866228.935,1790866200,Down,0.2/3;0.5/5;1.0/8,0.605,0.455,0.485,0.725
1790866238.95,1790866200,Down,0.2/3;0.5/5;1.0/8,0.645,0.465,0.345,0.875
1790866249.288,1790866200,Down,0.2/3;0.5/5;1.0/8,0.445,0.645,0.595,0.885
1790866259.295,1790866200,Up,0.2/3;0.5/5;1.0/8,0.425,0.535,0.315,0.115
1790866269.31,1790866200,Down,0.2/3;0.5/5;1.0/8,0.555,0.345,0.665,0.855
1790866279.317,1790866200,Down,0.2/3;0.5/5;1.0/8,0.355,0.595,0.735,0.895
1790866289.321,1790866200,Up,0.2/3;0.5/5;1.0/8,0.485,0.315,0.275,0.275
1790866300.071,1790866200,Down,0.2/3;0.5/5;1.0/8,0.615,0.665,0.875,0.375
1790866310.494,1790866200,Down,0.2/3;0.5/5;1.0/8,0.675,0.735,0.895,0.315
1790866335.831,1790866200,Down,0.2/3;0.5/5;1.0/8,0.795,0.875,0.915,0.015
1790866350.51,1790866200,Down,0.2/3;0.5/5;1.0/8,0.875,0.885,0.745,
1790866374.308,1790866200,Down,0.2/3;0.5/5;1.0/8,0.855,0.675,0.455,
1790866387.127,1790866200,Up,0.2/3;0.5/5;1.0/8,0.575,0.345,0.945,
1790866399.685,1790866200,Up,0.2/3;0.5/5;1.0/8,0.345,0.805,0.985,
1790866414.347,1790866200,Up,0.2/3;0.5/5;1.0/8,0.815,0.875,0.995,
1790866427.285,1790866200,Up,0.2/3;0.5/5;1.0/8,0.8,0.985,,
1790866440.517,1790866200,Down,0.2/3;0.5/5;1.0/8,0.015,,,
1790866454.217,1790866200,Up,0.2/3;0.5/5;1.0/8,0.995,0.995,,
1790866467.655,1790866200,Down,0.2/3;0.5/5;1.0/8,,,,
1790866502.983,1790866500,Down,0.2/3;0.5/5;1.0/8,0.435,0.405,0.355,0.365
1790866518.094,1790866500,Up,0.2/3;0.5/5;1.0/8,0.585,0.725,0.595,0.745
1790866534.223,1790866500,Up,0.2/3;0.5/5;1.0/8,0.695,0.635,0.625,0.605
1790866544.35,1790866500,Up,0.2/3;0.5/5;1.0/8,0.585,0.525,0.705,0.805
1790866554.43,1790866500,Down,0.2/3;0.5/5;1.0/8,0.515,0.415,0.335,0.135
1790866565.038,1790866500,Up,0.2/3;0.5/5;1.0/8,0.575,0.625,0.705,0.915
1790866575.097,1790866500,Up,0.2/3;0.5/5;1.0/8,0.615,0.705,0.795,0.985
1790866591.504,1790866500,Up,0.2/3;0.5/5;1.0/8,0.735,0.675,0.645,0.985
1790866602.174,1790866500,Up,0.2/3;0.5/5;1.0/8,0.705,0.755,0.485,0.945
1790866625.359,1790866500,Up,0.2/3;0.5/5;1.0/8,0.655,0.575,0.915,0.985
1790866638.94,1790866500,Down,0.2/3;0.5/5;1.0/8,0.405,0.225,0.015,
1790866650.974,1790866500,Down,0.2/3;0.5/5;1.0/8,0.205,0.115,0.015,
1790866661.621,1790866500,Down,0.2/3;0.5/5;1.0/8,0.115,0.015,0.075,
1790866674.985,1790866500,Up,0.2/3;0.5/5;1.0/8,0.985,0.975,0.935,
1790866686.097,1790866500,Up,0.2/3;0.5/5;1.0/8,0.975,0.985,0.995,
1790866696.106,1790866500,Down,0.2/3;0.5/5;1.0/8,0.015,0.055,,
1790866716.624,1790866500,Down,0.2/3;0.5/5;1.0/8,0.045,,,
1790866734.31,1790866500,Down,0.2/3;0.5/5;1.0/8,,,,
1790866746.001,1790866500,Up,0.2/3;0.5/5;1.0/8,0.995,0.995,,
1790866763.092,1790866500,Down,0.2/3;0.5/5;1.0/8,,,,
1790866802.641,1790866800,Down,0.2/3;0.5/5;1.0/8,0.295,0.285,0.365,0.545
1790866813.682,1790866800,Up,0.2/3;0.5/5;1.0/8,0.745,0.645,0.635,0.655
1790866826.536,1790866800,Up,0.2/3;0.5/5;1.0/8,0.695,0.515,0.495,0.635
1790866838.217,1790866800,Down,0.2/3;0.5/5;1.0/8,0.445,0.325,0.565,0.245
1790866848.219,1790866800,Down,0.2/3;0.5/5;1.0/8,0.345,0.465,0.475,0.305
1790866860.522,1790866800,Up,0.2/3;0.5/5;1.0/8,0.665,0.495,0.455,0.675
1790866876.942,1790866800,Down,0.2/3;0.5/5;1.0/8,0.505,0.505,0.345,0.215
1790866887.023,1790866800,Down,0.2/3;0.5/5;1.0/8,0.555,0.535,0.325,0.275
1790866898.066,1790866800,Down,0.2/3;0.5/5;1.0/8,0.525,0.505,0.245,0.12
1790866908.082,1790866800,Up,0.2/3;0.5/5;1.0/8,0.455,0.655,0.695,0.925
1790866925.131,1790866800,Up,0.2/3;0.5/5;1.0/8,0.695,0.755,0.775,0.995
1790866938.801,1790866800,Up,0.2/3;0.5/5;1.0/8,0.735,0.715,0.765,0.995
1790866953.041,1790866800,Up,0.2/3;0.5/5;1.0/8,0.695,0.645,0.765,0.995
1790866968.291,1790866800,Down,0.2/3;0.5/5;1.0/8,0.355,0.265,0.075,
1790866979.921,1790866800,Down,0.2/3;0.5/5;1.0/8,0.225,0.235,,
1790866990.073,1790866800,Up,0.2/3;0.5/5;1.0/8,0.715,0.905,0.995,
1790867001.85,1790866800,Down,0.2/3;0.5/5;1.0/8,0.195,0.045,,
1790867017.522,1790866800,Up,0.2/3;0.5/5;1.0/8,0.955,0.995,0.995,
1790867035.73,1790866800,Up,0.2/3;0.5/5;1.0/8,0.995,0.995,,
1790867048.746,1790866800,Up,0.2/3;0.5/5;1.0/8,0.995,0.995,,
1790867061.281,1790866800,Up,0.2/3;0.5/5;1.0/8,0.995,,,
1790867103.463,1790867100,Up,0.2/3;0.5/5;1.0/8,0.755,0.815,0.475,0.195
1790867113.477,1790867100,Down,0.2/3;0.5/5;1.0/8,0.205,0.345,0.675,0.815
1790867123.48,1790867100,Down,0.2/3;0.5/5;1.0/8,0.285,0.415,0.675,0.875
1790867133.483,1790867100,Down,0.2/3;0.5/5;1.0/8,0.345,0.525,0.715,0.915
1790867149.011,1790867100,Down,0.2/3;0.5/5;1.0/8,0.575,0.685,0.775,0.935
1790867160.525,1790867100,Down,0.2/3;0.5/5;1.0/8,0.685,0.715,0.845,0.965
1790867174.563,1790867100,Down,0.2/3;0.5/5;1.0/8,0.715,0.715,0.815,0.985
1790867208.607,1790867100,Down,0.2/3;0.5/5;1.0/8,0.795,0.875,0.935,0.995
1790867222.897,1790867100,Up,0.2/3;0.5/5;1.0/8,0.135,0.085,0.035,
1790867233.442,1790867100,Down,0.2/3;0.5/5;1.0/8,0.905,0.935,0.985,0.995
1790867247.516,1790867100,Down,0.2/3;0.5/5;1.0/8,0.935,0.925,0.965,0.995
1790867264.329,1790867100,Down,0.2/3;0.5/5;1.0/8,0.955,0.985,0.995,0.995
1790867278.963,1790867100,Down,0.2/3;0.5/5;1.0/8,0.985,0.985,0.995,
1790867354.283,1790867100,Down,0.2/3;0.5/5;1.0/8,0.995,0.995,,
1790867402.738,1790867400,Down,0.2/3;0.5/5;1.0/8,0.865,0.785,0.645,0.555
1790867424.564,1790867400,Up,0.2/3;0.5/5;1.0/8,0.315,0.315,0.405,0.155
1790867438.071,1790867400,Up,0.2/3;0.5/5;1.0/8,0.335,0.365,0.495,0.155
1790867451.796,1790867400,Up,0.2/3;0.5/5;1.0/8,0.375,0.345,0.455,0.135
1790867471.351,1790867400,Down,0.2/3;0.5/5;1.0/8,0.545,0.525,0.685,0.835
1790867484.311,1790867400,Up,0.2/3;0.5/5;1.0/8,0.475,0.455,0.155,0.185
1790867496.08,1790867400,Up,0.2/3;0.5/5;1.0/8,0.455,0.395,0.165,0.405
1790867511.807,1790867400,Up,0.2/3;0.5/5;1.0/8,0.395,0.165,0.135,0.465
1790867521.826,1790867400,Up,0.2/3;0.5/5;1.0/8,0.325,0.245,0.195,0.455
1790867540.268,1790867400,Down,0.2/3;0.5/5;1.0/8,0.785,0.845,0.735,0.015
1790867555.603,1790867400,Down,0.2/3;0.5/5;1.0/8,0.845,0.815,0.595,
1790867566.981,1790867400,Up,0.2/3;0.5/5;1.0/8,0.195,0.155,0.515,0.995
1790867581.272,1790867400,Up,0.2/3;0.5/5;1.0/8,0.155,0.295,0.485,
1790867599.401,1790867400,Up,0.2/3;0.5/5;1.0/8,0.365,0.505,0.985,
1790867611.151,1790867400,Up,0.2/3;0.5/5;1.0/8,0.505,0.495,0.995,
1790867623.501,1790867400,Up,0.2/3;0.5/5;1.0/8,0.485,0.815,0.995,
1790867645.54,1790867400,Up,0.2/3;0.5/5;1.0/8,0.985,0.995,,
1790867656.079,1790867400,Up,0.2/3;0.5/5;1.0/8,0.995,0.995,,
1790867714.024,1790867700,Down,0.2/3;0.5/5;1.0/8,0.405,0.295,0.355,0.075
1790867726.569,1790867700,Up,0.2/3;0.5/5;1.0/8,0.665,0.685,0.665,0.925
1790867736.805,1790867700,Up,0.2/3;0.5/5;1.0/8,0.675,0.725,0.605,0.795
1790867750.37,1790867700,Down,0.2/3;0.5/5;1.0/8,0.275,0.285,0.265,0.065
1790867762.299,1790867700,Up,0.2/3;0.5/5;1.0/8,0.625,0.585,0.815,0.985
1790867773.857,1790867700,Down,0.2/3;0.5/5;1.0/8,0.385,0.275,0.075,
1790867783.863,1790867700,Down,0.2/3;0.5/5;1.0/8,0.385,0.275,0.085,
1790867799.798,1790867700,Up,0.2/3;0.5/5;1.0/8,0.765,0.895,0.815,0.995
1790867813.368,1790867700,Down,0.2/3;0.5/5;1.0/8,0.115,0.085,0.065,
1790867824.941,1790867700,Down,0.2/3;0.5/5;1.0/8,0.085,0.145,,
1790867836.568,1790867700,Up,0.2/3;0.5/5;1.0/8,0.865,0.905,0.995,0.995
1790867849.847,1790867700,Down,0.2/3;0.5/5;1.0/8,0.115,0.045,,
1790867863.765,1790867700,Up,0.2/3;0.5/5;1.0/8,0.955,0.995,0.995,0.995
1790867873.793,1790867700,Up,0.2/3;0.5/5;1.0/8,0.995,0.995,0.995,
1790867884.413,1790867700,Up,0.2/3;0.5/5;1.0/8,0.995,0.995,0.995,
1790867894.413,1790867700,Down,0.2/3;0.5/5;1.0/8,,,,
1790867904.514,1790867700,Down,0.2/3;0.5/5;1.0/8,,,,
1790867916.702,1790867700,Up,0.2/3;0.5/5;1.0/8,0.995,0.995,0.995,
1790867926.716,1790867700,Up,0.2/3;0.5/5;1.0/8,0.995,0.995,0.995,
1790867936.743,1790867700,Down,0.2/3;0.5/5;1.0/8,,,,
1790867947.013,1790867700,Up,0.2/3;0.5/5;1.0/8,0.995,0.995,,
1790867959.986,1790867700,Up,0.2/3;0.5/5;1.0/8,0.995,,,
1790868005.266,1790868000,Up,0.2/3;0.5/5;1.0/8,0.525,0.595,0.605,0.425
1790868021.482,1790868000,Up,0.2/3;0.5/5;1.0/8,0.595,0.565,0.575,0.575
1790868035.102,1790868000,Up,0.2/3;0.5/5;1.0/8,0.485,0.605,0.505,0.375
1790868049.212,1790868000,Down,0.2/3;0.5/5;1.0/8,0.395,0.445,0.455,0.545
1790868068.179,1790868000,Down,0.2/3;0.5/5;1.0/8,0.425,0.485,0.665,0.525
1790868086.104,1790868000,Down,0.2/3;0.5/5;1.0/8,0.475,0.465,0.495,0.685
1790868110.002,1790868000,Up,0.2/3;0.5/5;1.0/8,0.465,0.405,0.425,0.125
1790868123.817,1790868000,Down,0.2/3;0.5/5;1.0/8,0.605,0.685,0.675,0.995
1790868141.253,1790868000,Up,0.2/3;0.5/5;1.0/8,0.325,0.375,0.425,
1790868151.254,1790868000,Down,0.2/3;0.5/5;1.0/8,0.655,0.655,0.725,0.995
1790868166.319,1790868000,Up,0.2/3;0.5/5;1.0/8,0.345,0.465,0.215,
1790868178.488,1790868000,Down,0.2/3;0.5/5;1.0/8,0.585,0.675,0.975,
1790868188.495,1790868000,Up,0.2/3;0.5/5;1.0/8,0.315,0.315,,
1790868203.009,1790868000,Down,0.2/3;0.5/5;1.0/8,0.71,0.945,0.995,
1790868229.798,1790868000,Down,0.2/3;0.5/5;1.0/8,0.995,0.995,,
1790868245.996,1790868000,Up,0.2/3;0.5/5;1.0/8,,,,
1790868265.314,1790868000,Up,0.2/3;0.5/5;1.0/8,,,,
1790868303.386,1790868300,Up,0.2/3;0.5/5;1.0/8,0.425,0.385,0.215,0.415
1790868319.682,1790868300,Down,0.2/3;0.5/5;1.0/8,0.635,0.665,0.735,0.655
1790868332.124,1790868300,Up,0.2/3;0.5/5;1.0/8,0.255,0.225,0.225,0.345
1790868342.147,1790868300,Down,0.2/3;0.5/5;1.0/8,0.745,0.745,0.765,0.605
1790868352.299,1790868300,Down,0.2/3;0.5/5;1.0/8,0.805,0.735,0.745,0.615
1790868363.872,1790868300,Down,0.2/3;0.5/5;1.0/8,0.735,0.765,0.585,0.625
1790868373.89,1790868300,Up,0.2/3;0.5/5;1.0/8,0.255,0.235,0.355,0.255
1790868397.26,1790868300,Up,0.2/3;0.5/5;1.0/8,0.255,0.325,0.305,0.055
1790868417.151,1790868300,Up,0.2/3;0.5/5;1.0/8,0.335,0.355,0.335,0.015
1790868485.803,1790868300,Up,0.2/3;0.5/5;1.0/8,0.355,0.075,,
1790868513.467,1790868300,Down,0.2/3;0.5/5;1.0/8,0.955,0.995,0.995,
1790868523.469,1790868300,Up,0.2/3;0.5/5;1.0/8,0.015,,,
1790868539.149,1790868300,Down,0.2/3;0.5/5;1.0/8,0.995,0.995,,
1790868558.117,1790868300,Up,0.2/3;0.5/5;1.0/8,,,,
1790868602.201,1790868600,Down,0.2/3;0.5/5;1.0/8,0.815,0.885,0.935,0.985
1790868616.903,1790868600,Down,0.2/3;0.5/5;1.0/8,0.895,0.875,0.965,0.985
1790868626.903,1790868600,Down,0.2/3;0.5/5;1.0/8,0.885,0.915,0.965,0.982
1790868636.904,1790868600,Down,0.2/3;0.5/5;1.0/8,0.915,0.945,0.975,0.9825
1790868660.747,1790868600,Down,0.2/3;0.5/5;1.0/8,0.965,0.975,0.985,0.9895
1790868681.948,1790868600,Up,0.2/3;0.5/5;1.0/8,0.025,0.015,0.015,0.005
1790868692.131,1790868600,Down,0.2/3;0.5/5;1.0/8,0.985,0.985,0.985,0.992
1790868704.204,1790868600,Up,0.2/3;0.5/5;1.0/8,0.015,0.015,0.0255,0.0055
1790868717.556,1790868600,Up,0.2/3;0.5/5;1.0/8,0.015,0.018,0.0135,0.0025
1790868727.592,1790868600,Up,0.2/3;0.5/5;1.0/8,0.015,0.0175,0.005,
1790868737.601,1790868600,Down,0.2/3;0.5/5;1.0/8,0.986,0.9685,0.995,0.9995
1790868748.431,1790868600,Up,0.2/3;0.5/5;1.0/8,0.024,0.0145,0.0055,
1790868760.861,1790868600,Up,0.2/3;0.5/5;1.0/8,0.015,0.005,0.0025,
1790868774.55,1790868600,Down,0.2/3;0.5/5;1.0/8,0.995,0.994,0.9975,
1790868787.672,1790868600,Down,0.2/3;0.5/5;1.0/8,0.995,0.994,0.9995,
1790868797.691,1790868600,Up,0.2/3;0.5/5;1.0/8,0.006,0.0035,,
1790868807.761,1790868600,Up,0.2/3;0.5/5;1.0/8,0.0055,0.0025,,
1790868818.36,1790868600,Up,0.2/3;0.5/5;1.0/8,0.0025,,,
1790868828.374,1790868600,Down,0.2/3;0.5/5;1.0/8,0.9965,0.9995,,
1790868838.39,1790868600,Up,0.2/3;0.5/5;1.0/8,,,,
1790868848.397,1790868600,Down,0.2/3;0.5/5;1.0/8,0.9995,0.9995,,
1790868859.604,1790868600,Down,0.2/3;0.5/5;1.0/8,0.9995,,,
1790868869.956,1790868600,Up,0.2/3;0.5/5;1.0/8,,,,
1790868915.245,1790868900,Up,0.2/3;0.5/5;1.0/8,0.455,0.425,0.515,0.395
1790868928.568,1790868900,Up,0.2/3;0.5/5;1.0/8,0.475,0.455,0.555,0.485
1790868941.247,1790868900,Up,0.2/3;0.5/5;1.0/8,0.475,0.515,0.525,0.6
1790868956.997,1790868900,Up,0.2/3;0.5/5;1.0/8,0.475,0.535,0.475,0.64
1790868967.135,1790868900,Down,0.2/3;0.5/5;1.0/8,0.515,0.405,0.545,0.245
1790868979.49,1790868900,Up,0.2/3;0.5/5;1.0/8,0.605,0.565,0.355,0.865
1790868989.492,1790868900,Down,0.2/3;0.5/5;1.0/8,0.465,0.505,0.455,0.105
1790869004.748,1790868900,Down,0.2/3;0.5/5;1.0/8,0.535,0.605,0.38,0.025
1790869017.866,1790868900,Up,0.2/3;0.5/5;1.0/8,0.505,0.455,0.735,0.995
1790869028.943,1790868900,Up,0.2/3;0.5/5;1.0/8,0.355,0.695,0.715,0.995
1790869045.226,1790868900,Up,0.2/3;0.5/5;1.0/8,0.625,0.585,0.855,0.995
1790869056.218,1790868900,Up,0.2/3;0.5/5;1.0/8,0.545,0.735,0.955,0.995
1790869066.547,1790868900,Down,0.2/3;0.5/5;1.0/8,0.275,0.215,0.025,
1790869077.141,1790868900,Up,0.2/3;0.5/5;1.0/8,0.76,0.875,0.995,
1790869097.521,1790868900,Up,0.2/3;0.5/5;1.0/8,0.945,0.975,0.995,
1790869109.304,1790868900,Up,0.2/3;0.5/5;1.0/8,0.975,0.995,0.995,
1790869127.77,1790868900,Up,0.2/3;0.5/5;1.0/8,0.995,0.995,,
1790869138.373,1790868900,Down,0.2/3;0.5/5;1.0/8,,,,
1790869153.858,1790868900,Up,0.2/3;0.5/5;1.0/8,0.995,0.995,,
1790869165.522,1790868900,Up,0.2/3;0.5/5;1.0/8,0.995,,,
1790869203.116,1790869200,Up,0.2/3;0.5/5;1.0/8,0.465,0.485,0.495,0.175
1790869220.231,1790869200,Up,0.2/3;0.5/5;1.0/8,0.495,0.435,0.495,0.185
1790869231.114,1790869200,Down,0.2/3;0.5/5;1.0/8,0.525,0.565,0.575,0.665
1790869246.614,1790869200,Down,0.2/3;0.5/5;1.0/8,0.53,0.575,0.675,0.795
1790869261.851,1790869200,Up,0.2/3;0.5/5;1.0/8,0.425,0.425,0.175,0.175
1790869272.383,1790869200,Down,0.2/3;0.5/5;1.0/8,0.565,0.575,0.805,0.845
1790869284.944,1790869200,Down,0.2/3;0.5/5;1.0/8,0.535,0.805,0.695,0.915
1790869298.815,1790869200,Up,0.2/3;0.5/5;1.0/8,0.195,0.165,0.215,0.025
1790869308.821,1790869200,Down,0.2/3;0.5/5;1.0/8,0.825,0.815,0.795,0.985
1790869334.336,1790869200,Up,0.2/3;0.5/5;1.0/8,0.275,0.265,0.155,
1790869344.626,1790869200,Up,0.2/3;0.5/5;1.0/8,0.235,0.19,0.095,
1790869355.242,1790869200,Down,0.2/3;0.5/5;1.0/8,0.795,0.805,0.935,0.995
1790869371.611,1790869200,Down,0.2/3;0.5/5;1.0/8,0.825,0.895,0.995,
1790869382.562,1790869200,Up,0.2/3;0.5/5;1.0/8,0.125,0.055,,
1790869397.687,1790869200,Down,0.2/3;0.5/5;1.0/8,0.935,0.985,0.995,
1790869414.094,1790869200,Up,0.2/3;0.5/5;1.0/8,0.015,,,
1790869432.747,1790869200,Down,0.2/3;0.5/5;1.0/8,0.995,0.995,,
1790869442.769,1790869200,Down,0.2/3;0.5/5;1.0/8,0.995,0.995,,
1790869468.393,1790869200,Up,0.2/3;0.5/5;1.0/8,,,,
1790869507.242,1790869500,Up,0.2/3;0.5/5;1.0/8,0.715,0.725,0.885,0.865
1790869523.23,1790869500,Down,0.2/3;0.5/5;1.0/8,0.275,0.185,0.065,0.085
1790869534.789,1790869500,Down,0.2/3;0.5/5;1.0/8,0.205,0.115,0.045,0.085
1790869558.471,1790869500,Up,0.2/3;0.5/5;1.0/8,0.865,0.935,0.895,0.995
1790869574.157,1790869500,Down,0.2/3;0.5/5;1.0/8,0.065,0.045,0.125,
1790869590.917,1790869500,Up,0.2/3;0.5/5;1.0/8,0.965,0.875,0.935,0.995
1790869602.899,1790869500,Up,0.2/3;0.5/5;1.0/8,0.895,0.905,0.945,0.995
1790869616.991,1790869500,Down,0.2/3;0.5/5;1.0/8,0.125,0.085,,
1790869643.812,1790869500,Up,0.2/3;0.5/5;1.0/8,0.925,0.985,,0.995
1790869659.449,1790869500,Down,0.2/3;0.5/5;1.0/8,0.015,,,
1790869671.41,1790869500,Up,0.2/3;0.5/5;1.0/8,0.995,0.995,0.995,
1790869681.413,1790869500,Up,0.2/3;0.5/5;1.0/8,0.995,0.995,0.995,
1790869692.045,1790869500,Down,0.2/3;0.5/5;1.0/8,,,,
1790869702.49,1790869500,Up,0.2/3;0.5/5;1.0/8,0.995,0.995,0.995,
1790869714.28,1790869500,Down,0.2/3;0.5/5;1.0/8,,,,
1790869725.11,1790869500,Down,0.2/3;0.5/5;1.0/8,,,,
1790869735.846,1790869500,Up,0.2/3;0.5/5;1.0/8,0.995,0.995,,
1790869745.97,1790869500,Down,0.2/3;0.5/5;1.0/8,,,,
1790869757.556,1790869500,Up,0.2/3;0.5/5;1.0/8,0.995,,,
1790869768.972,1790869500,Down,0.2/3;0.5/5;1.0/8,,,,
1790869802.429,1790869800,Down,0.2/3;0.5/5;1.0/8,0.685,0.555,0.695,0.845
1790869813.175,1790869800,Down,0.2/3;0.5/5;1.0/8,0.425,0.545,0.735,0.895
1790869823.192,1790869800,Up,0.2/3;0.5/5;1.0/8,0.445,0.285,0.385,0.195
1790869833.227,1790869800,Down,0.2/3;0.5/5;1.0/8,0.685,0.715,0.795,0.865
1790869845.936,1790869800,Down,0.2/3;0.5/5;1.0/8,0.705,0.725,0.785,0.965
1790869860.29,1790869800,Down,0.2/3;0.5/5;1.0/8,0.715,0.815,0.845,0.915
1790869874.19,1790869800,Up,0.2/3;0.5/5;1.0/8,0.225,0.265,0.105,0.025
1790869885.791,1790869800,Down,0.2/3;0.5/5;1.0/8,0.785,0.875,0.855,0.985
1790869896.045,1790869800,Down,0.2/3;0.5/5;1.0/8,0.845,0.885,0.905,0.995
1790869906.048,1790869800,Down,0.2/3;0.5/5;1.0/8,0.855,0.915,0.965,0.995
1790869916.705,1790869800,Up,0.2/3;0.5/5;1.0/8,0.105,0.135,0.075,
1790869936.732,1790869800,Up,0.2/3;0.5/5;1.0/8,0.135,0.035,0.025,
1790869947.773,1790869800,Down,0.2/3;0.5/5;1.0/8,0.915,0.905,0.995,0.995
1790869962.812,1790869800,Down,0.2/3;0.5/5;1.0/8,0.905,0.975,0.995,0.9995
1790869973.839,1790869800,Up,0.2/3;0.5/5;1.0/8,0.045,0.015,,
1790869993.192,1790869800,Down,0.2/3;0.5/5;1.0/8,0.995,0.995,0.995,
1790870017.814,1790869800,Up,0.2/3;0.5/5;1.0/8,,,,
1790870031.409,1790869800,Down,0.2/3;0.5/5;1.0/8,0.995,0.995,,
1790870046.331,1790869800,Up,0.2/3;0.5/5;1.0/8,,,,
1790870058.888,1790869800,Up,0.2/3;0.5/5;1.0/8,,,,
1790870071.904,1790869800,Up,0.2/3;0.5/5;1.0/8,,,,
1790870102.526,1790870100,Up,0.2/3;0.5/5;1.0/8,0.405,0.435,0.485,0.565
1790870114.115,1790870100,Down,0.2/3;0.5/5;1.0/8,0.505,0.475,0.545,0.455
1790870125.825,1790870100,Up,0.2/3;0.5/5;1.0/8,0.485,0.455,0.62,0.605
1790870136.395,1790870100,Up,0.2/3;0.5/5;1.0/8,0.535,0.525,0.755,0.765
1790870147.373,1790870100,Up,0.2/3;0.5/5;1.0/8,0.485,0.395,0.585,0.875
1790870174.924,1790870100,Down,0.2/3;0.5/5;1.0/8,0.39,0.395,0.415,0.265
1790870184.924,1790870100,Up,0.2/3;0.5/5;1.0/8,0.625,0.565,0.605,0.675
1790870194.961,1790870100,Up,0.2/3;0.5/5;1.0/8,0.605,0.595,0.725,0.435
1790870211.413,1790870100,Up,0.2/3;0.5/5;1.0/8,0.545,0.645,0.785,0.255
1790870221.413,1790870100,Down,0.2/3;0.5/5;1.0/8,0.395,0.345,0.175,0.785
1790870231.519,1790870100,Down,0.2/3;0.5/5;1.0/8,0.395,0.175,0.165,0.835
1790870253.366,1790870100,Up,0.2/3;0.5/5;1.0/8,0.855,0.815,0.445,
1790870264.594,1790870100,Up,0.2/3;0.5/5;1.0/8,0.835,0.805,0.365,
1790870292.208,1790870100,Down,0.2/3;0.5/5;1.0/8,0.335,0.665,0.855,
1790870309.382,1790870100,Down,0.2/3;0.5/5;1.0/8,0.635,0.745,0.985,
1790870319.382,1790870100,Down,0.2/3;0.5/5;1.0/8,0.805,0.795,0.995,
1790870329.955,1790870100,Down,0.2/3;0.5/5;1.0/8,0.735,0.975,,
1790870414.911,1790870400,Down,0.2/3;0.5/5;1.0/8,0.425,0.245,0.305,0.075
1790870427.004,1790870400,Down,0.2/3;0.5/5;1.0/8,0.285,0.235,0.265,0.065
1790870441.416,1790870400,Up,0.2/3;0.5/5;1.0/8,0.795,0.715,0.845,0.965
1790870461.044,1790870400,Down,0.2/3;0.5/5;1.0/8,0.305,0.255,0.135,0.015
1790870506.445,1790870400,Up,0.2/3;0.5/5;1.0/8,0.865,0.935,0.975,0.995
1790870525.373,1790870400,Up,0.2/3;0.5/5;1.0/8,0.945,0.955,0.995,0.995
1790870543.01,1790870400,Up,0.2/3;0.5/5;1.0/8,0.965,0.975,0.995,0.995
1790870579.325,1790870400,Up,0.2/3;0.5/5;1.0/8,0.995,0.995,0.995,
1790870590.821,1790870400,Down,0.2/3;0.5/5;1.0/8,,,,
1790870636.369,1790870400,Up,0.2/3;0.5/5;1.0/8,0.995,0.995,,
1790870658.909,1790870400,Down,0.2/3;0.5/5;1.0/8,,,,
1790870668.915,1790870400,Down,0.2/3;0.5/5;1.0/8,,,,
