ts,ws,tok,token_id,ttc,ask_visto,tam_visto,precio_pedido,size_pedido,actividad,modo,ms_envio,estado,size_llenado,precio_medio,order_id,error,respuesta_cruda
1790774539.835,1790774400,Down,22624890735572868361158004855866074874457278235579985924666267580234283796745,160.2,0.65,140,0.65,5,1,simulado,,no enviado,,,,,
1790774702.61,1790774700,Down,38240701345712454766828561939663989244782234720755913859551864345878186834378,297.4,0.54,13,0.54,5,12,simulado,,no enviado,,,,,
1790775002.146,1790775000,Up,86804654621150893874011808742005984288490441483226398379323508960479328716447,297.9,0.58,48,0.58,5,30,simulado,,no enviado,,,,,
1790775304.197,1790775300,Down,44691339496958533605735527215633379971029335566599178864818336332988038112094,295.8,0.67,68,0.67,5,56,simulado,,no enviado,,,,,
1790801032,btc-updown-15m-1790800200,0x7f4a7c730a344d65668190c2f70b986be92d75c7cab4f1363de3b73cc04d80f0,Down,0.99,2100.21,0.98,905.1,0.97,491.89,,,,,,,0.990
1790801032,btc-updown-5m-1790800800,0xe0c94fcc4759106a59335d966c0ca3a282025edfc8b0ecf2ba6032bbda1f7747,Up,0.11,261.18,0.1,288.0,0.09,303.0,0.12,941.59,0.13,671.61,0.14,715.23,0.110
1790801032,btc-updown-5m-1790800800,0xe0c94fcc4759106a59335d966c0ca3a282025edfc8b0ecf2ba6032bbda1f7747,Down,0.88,1005.5,0.87,829.61,0.86,745.23,0.89,166.18,0.9,288.0,0.91,298.0,0.880
1790801047,btc-updown-15m-1790800200,0x7f4a7c730a344d65668190c2f70b986be92d75c7cab4f1363de3b73cc04d80f0,Up,,,,,,,0.01,6778.66,0.02,813.1,0.03,331.89,0.990
1790801047,btc-updown-15m-1790800200,0x7f4a7c730a344d65668190c2f70b986be92d75c7cab4f1363de3b73cc04d80f0,Down,0.99,6778.66,0.98,813.1,0.97,331.89,,,,,,,0.990
1790801047,btc-updown-5m-1790800800,0xe0c94fcc4759106a59335d966c0ca3a282025edfc8b0ecf2ba6032bbda1f7747,Up,0.01,2883.48,,,,,0.02,467.8,0.03,661.09,0.04,609.74,0.010
1790801047,btc-updown-5m-1790800800,0xe0c94fcc4759106a59335d966c0ca3a282025edfc8b0ecf2ba6032bbda1f7747,Down,0.98,459.71,0.97,736.09,0.96,609.74,0.99,2883.48,,,,,0.980
1790801052,btc-updown-15m-1790800200,0x7f4a7c730a344d65668190c2f70b986be92d75c7cab4f1363de3b73cc04d80f0,Up,,,,,,,0.01,17261.66,0.02,813.1,0.03,331.89,0.990
1790801052,btc-updown-15m-1790800200,0x7f4a7c730a344d65668190c2f70b986be92d75c7cab4f1363de3b73cc04d80f0,Down,0.99,17261.66,0.98,813.1,0.97,331.89,,,,,,,0.990
1790801052,btc-updown-5m-1790800800,0xe0c94fcc4759106a59335d966c0ca3a282025edfc8b0ecf2ba6032bbda1f7747,Up,0.01,1500.14,,,,,0.02,842.92,0.03,832.82,0.04,2345.3,0.010
1790801052,btc-updown-5m-1790800800,0xe0c94fcc4759106a59335d966c0ca3a282025edfc8b0ecf2ba6032bbda1f7747,Down,0.98,847.92,0.97,832.82,0.96,2340.3,0.99,1500.14,,,,,0.010
1790801070,btc-updown-15m-1790800200,0x7f4a7c730a344d65668190c2f70b986be92d75c7cab4f1363de3b73cc04d80f0,Up,,,,,,,0.01,28008.31,0.02,1713.1,0.03,164.6,0.990
1790801070,btc-updown-15m-1790800200,0x7f4a7c730a344d65668190c2f70b986be92d75c7cab4f1363de3b73cc04d80f0,Down,0.99,28008.31,0.98,1713.1,0.97,164.6,,,,,,,0.990
1790801070,btc-updown-5m-1790800800,0xe0c94fcc4759106a59335d966c0ca3a282025edfc8b0ecf2ba6032bbda1f7747,Up,,,,,,,0.01,27774.8,0.02,991.57,0.03,745.44,0.990
1790801070,btc-updown-5m-1790800800,0xe0c94fcc4759106a59335d966c0ca3a282025edfc8b0ecf2ba6032bbda1f7747,Down,0.99,27274.8,0.98,991.57,0.97,705.44,,,,,,,0.990
1790801076,btc-updown-15m-1790800200,0x7f4a7c730a344d65668190c2f70b986be92d75c7cab4f1363de3b73cc04d80f0,Up,,,,,,,0.001,6192.08,0.004,5.0,0.009,1614.39,0.999
1790801076,btc-updown-15m-1790800200,0x7f4a7c730a344d65668190c2f70b986be92d75c7cab4f1363de3b73cc04d80f0,Down,0.999,6192.08,0.996,5.0,0.991,1614.39,,,,,,,0.999
1790801076,btc-updown-5m-1790800800,0xe0c94fcc4759106a59335d966c0ca3a282025edfc8b0ecf2ba6032bbda1f7747,Up,,,,,,,0.01,53941.66,0.02,1011.57,0.03,828.52,0.990
1790801076,btc-updown-5m-1790800800,0xe0c94fcc4759106a59335d966c0ca3a282025edfc8b0ecf2ba6032bbda1f7747,Down,0.99,53941.66,0.98,1011.57,0.97,828.52,,,,,,,0.990
1790801093,btc-updown-15m-1790800200,0x7f4a7c730a344d65668190c2f70b986be92d75c7cab4f1363de3b73cc04d80f0,Up,,,,,,,0.001,14302.19,0.004,5.0,0.009,1614.39,0.999
1790801093,btc-updown-15m-1790800200,0x7f4a7c730a344d65668190c2f70b986be92d75c7cab4f1363de3b73cc04d80f0,Down,0.999,14302.19,0.996,5.0,0.991,1614.39,,,,,,,0.999
1790801093,btc-updown-5m-1790800800,0xe0c94fcc4759106a59335d966c0ca3a282025edfc8b0ecf2ba6032bbda1f7747,Up,,,,,,,0.01,69249.68,0.02,901.57,0.03,788.52,0.990
1790801093,btc-updown-5m-1790800800,0xe0c94fcc4759106a59335d966c0ca3a282025edfc8b0ecf2ba6032bbda1f7747,Down,0.99,69249.68,0.98,901.57,0.97,788.52,,,,,,,0.990
1790801109,btc-updown-15m-1790800200,0x7f4a7c730a344d65668190c2f70b986be92d75c7cab4f1363de3b73cc04d80f0,Up,,,,,,,0.001,132268.29,0.009,1614.39,0.01,31316.3,0.999
1790801135,btc-updown-15m-1790801100,0xedf832fff5cda5a88beb99ba9c0e19520e6cf9eecdbf978ccdbd7ce8eb8be565,Up,0.45,864.77,0.44,168.0,0.43,2792.0,0.46,65.0,0.47,200.0,0.48,279.0,0.470
1790801135,btc-updown-15m-1790801100,0xedf832fff5cda5a88beb99ba9c0e19520e6cf9eecdbf978ccdbd7ce8eb8be565,Down,0.54,65.0,0.53,200.0,0.52,197.0,0.55,864.77,0.56,168.0,0.57,2792.0,0.470
1790801152,btc-updown-5m-1790801100,0xc93b9bf26485d9c02a08d07c16f213e3837a39ae1bda4b771f5683a1bb07b703,Up,0.54,437.1,0.53,393.0,0.52,280.0,0.55,437.75,0.56,465.0,0.57,2045.0,0.540
1790801152,btc-updown-5m-1790801100,0xc93b9bf26485d9c02a08d07c16f213e3837a39ae1bda4b771f5683a1bb07b703,Down,0.45,598.42,0.44,515.0,0.43,2030.0,0.46,193.0,0.47,473.0,0.48,290.0,0.540
1790801152,btc-updown-15m-1790801100,0xedf832fff5cda5a88beb99ba9c0e19520e6cf9eecdbf978ccdbd7ce8eb8be565,Up,0.51,243.85,0.5,2478.0,0.49,8679.0,0.52,93.0,0.53,176.0,0.54,658.0,0.520
1790801152,btc-updown-15m-1790801100,0xedf832fff5cda5a88beb99ba9c0e19520e6cf9eecdbf978ccdbd7ce8eb8be565,Down,0.48,93.0,0.47,166.0,0.46,658.0,0.49,258.85,0.5,2478.0,0.51,10650.0,0.520
1790801168,btc-updown-5m-1790801100,0xc93b9bf26485d9c02a08d07c16f213e3837a39ae1bda4b771f5683a1bb07b703,Up,0.47,144.98,0.46,363.0,0.45,348.16,0.48,615.53,0.49,625.53,0.5,547.0,0.470
1790801168,btc-updown-5m-1790801100,0xc93b9bf26485d9c02a08d07c16f213e3837a39ae1bda4b771f5683a1bb07b703,Down,0.52,615.53,0.51,625.53,0.5,547.0,0.53,129.79,0.54,318.0,0.55,269.0,0.470
1790801168,btc-updown-15m-1790801100,0xedf832fff5cda5a88beb99ba9c0e19520e6cf9eecdbf978ccdbd7ce8eb8be565,Up,0.49,196.71,0.48,1916.0,0.47,7339.0,0.5,109.34,0.51,219.0,0.52,148.0,0.500
1790801168,btc-updown-15m-1790801100,0xedf832fff5cda5a88beb99ba9c0e19520e6cf9eecdbf978ccdbd7ce8eb8be565,Down,0.5,109.34,0.49,219.0,0.48,148.0,0.51,196.71,0.52,1916.0,0.53,7439.0,0.500
1790801175,btc-updown-5m-1790801100,0xc93b9bf26485d9c02a08d07c16f213e3837a39ae1bda4b771f5683a1bb07b703,Up,0.46,967.49,0.45,456.49,0.44,1836.49,0.47,10.0,0.48,123.39,0.49,339.24,0.530
1790801175,btc-updown-5m-1790801100,0xc93b9bf26485d9c02a08d07c16f213e3837a39ae1bda4b771f5683a1bb07b703,Down,0.52,386.39,0.51,527.24,0.5,403.85,0.53,411.05,0.54,881.63,0.55,406.49,0.530
1790801175,btc-updown-15m-1790801100,0xedf832fff5cda5a88beb99ba9c0e19520e6cf9eecdbf978ccdbd7ce8eb8be565,Up,0.49,152.94,0.48,116.0,0.47,1226.0,0.5,85.0,0.51,123.0,0.52,186.0,0.500
1790801175,btc-updown-15m-1790801100,0xedf832fff5cda5a88beb99ba9c0e19520e6cf9eecdbf978ccdbd7ce8eb8be565,Down,0.5,85.0,0.49,123.0,0.48,186.0,0.51,152.94,0.52,116.0,0.53,1226.0,0.500
1790801181,btc-updown-5m-1790801100,0xc93b9bf26485d9c02a08d07c16f213e3837a39ae1bda4b771f5683a1bb07b703,Up,0.51,372.2,0.5,970.56,0.49,261.73,0.52,268.92,0.53,652.0,0.54,329.0,0.480
1790801181,btc-updown-5m-1790801100,0xc93b9bf26485d9c02a08d07c16f213e3837a39ae1bda4b771f5683a1bb07b703,Down,0.48,280.15,0.47,647.0,0.46,324.0,0.49,377.2,0.5,1050.56,0.51,286.73,0.480
1790801181,btc-updown-15m-1790801100,0xedf832fff5cda5a88beb99ba9c0e19520e6cf9eecdbf978ccdbd7ce8eb8be565,Up,0.5,140.0,0.49,89.99,0.48,1721.0,0.51,160.0,0.52,126.96,0.53,1281.0,0.500
1790801181,btc-updown-15m-1790801100,0xedf832fff5cda5a88beb99ba9c0e19520e6cf9eecdbf978ccdbd7ce8eb8be565,Down,0.49,160.0,0.48,126.96,0.47,1354.0,0.5,140.0,0.51,89.99,0.52,1721.0,0.500
1790801199,btc-updown-5m-1790801100,0xc93b9bf26485d9c02a08d07c16f213e3837a39ae1bda4b771f5683a1bb07b703,Up,0.49,586.53,0.48,581.14,0.47,306.73,0.5,67.0,0.51,606.0,0.52,418.01,0.500
1790801199,btc-updown-5m-1790801100,0xc93b9bf26485d9c02a08d07c16f213e3837a39ae1bda4b771f5683a1bb07b703,Down,0.5,67.0,0.49,606.0,0.48,418.01,0.51,586.53,0.52,621.14,0.53,311.73,0.500
1790801199,btc-updown-15m-1790801100,0xedf832fff5cda5a88beb99ba9c0e19520e6cf9eecdbf978ccdbd7ce8eb8be565,Up,0.5,248.0,0.49,126.11,0.48,123.0,0.51,153.0,0.52,71.88,0.53,1366.0,0.480
1790802606,btc-updown-15m-1790802000,0x63d59991b0e396a60c5ebc5e4c67945d8e088499854182c73c85e12cff076edc,Down,0.06,82.89,0.05,275.5,0.04,2629.69,0.07,1722.0,0.08,397.0,0.09,8735.0,0.940
1790802606,btc-updown-5m-1790802300,0xd9887dc638158fd478c494327165c4a257a39facfa2103dce1f1b26009952554,Up,,,,,,,0.01,240907.74,0.02,139.99,0.03,105.0,0.990
1790802606,btc-updown-5m-1790802300,0xd9887dc638158fd478c494327165c4a257a39facfa2103dce1f1b26009952554,Down,0.99,240907.74,0.98,139.99,0.97,105.0,,,,,,,0.990
1790802606,btc-updown-5m-1790802600,0xe3219a6dc88173f5f32d52547541b4fbea41da13e17fe3a55a65f24804c1ea10,Up,0.58,372.0,0.57,544.0,0.56,200.0,0.59,1724.43,0.6,285.0,0.61,279.0,0.410
1790802606,btc-updown-5m-1790802600,0xe3219a6dc88173f5f32d52547541b4fbea41da13e17fe3a55a65f24804c1ea10,Down,0.41,1710.49,0.4,295.0,0.39,279.0,0.42,387.0,0.43,544.0,0.44,200.0,0.410
1790802620,btc-updown-15m-1790802000,0x63d59991b0e396a60c5ebc5e4c67945d8e088499854182c73c85e12cff076edc,Up,0.95,22.2,0.94,1227.65,0.93,8630.0,0.96,199.5,0.97,1029.0,0.98,680.94,0.950
1790802620,btc-updown-15m-1790802000,0x63d59991b0e396a60c5ebc5e4c67945d8e088499854182c73c85e12cff076edc,Down,0.04,212.0,0.03,1021.5,0.02,650.94,0.05,87.2,0.06,1817.65,0.07,9435.0,0.040
1790802620,btc-updown-5m-1790802300,0xd9887dc638158fd478c494327165c4a257a39facfa2103dce1f1b26009952554,Up,,,,,,,0.01,240580.01,0.02,139.99,0.03,105.0,0.990
1790802620,btc-updown-5m-1790802300,0xd9887dc638158fd478c494327165c4a257a39facfa2103dce1f1b26009952554,Down,0.99,240580.01,0.98,139.99,0.97,105.0,,,,,,,0.990
1790802620,btc-updown-5m-1790802600,0xe3219a6dc88173f5f32d52547541b4fbea41da13e17fe3a55a65f24804c1ea10,Up,0.72,106.0,0.71,969.08,0.7,170.0,0.73,690.17,0.74,531.86,0.75,1679.0,0.270
1790802620,btc-updown-5m-1790802600,0xe3219a6dc88173f5f32d52547541b4fbea41da13e17fe3a55a65f24804c1ea10,Down,0.27,755.17,0.26,431.86,0.25,1739.0,0.28,106.0,0.29,964.08,0.3,165.0,0.730
1790802636,btc-updown-15m-1790802000,0x63d59991b0e396a60c5ebc5e4c67945d8e088499854182c73c85e12cff076edc,Up,0.96,242.0,0.95,6875.52,0.94,10659.0,0.97,325.56,0.98,886.75,0.99,1305.51,0.960
1790802636,btc-updown-15m-1790802000,0x63d59991b0e396a60c5ebc5e4c67945d8e088499854182c73c85e12cff076edc,Down,0.03,318.06,0.02,886.75,0.01,1305.51,0.04,252.0,0.05,6927.52,0.06,10659.0,0.960
1790802636,btc-updown-5m-1790802600,0xe3219a6dc88173f5f32d52547541b4fbea41da13e17fe3a55a65f24804c1ea10,Up,0.77,1408.13,0.76,568.93,0.75,401.93,0.78,449.93,0.79,320.25,0.8,1593.48,0.770
1790802636,btc-updown-5m-1790802600,0xe3219a6dc88173f5f32d52547541b4fbea41da13e17fe3a55a65f24804c1ea10,Down,0.22,449.93,0.21,320.25,0.2,1603.48,0.23,1338.13,0.24,573.93,0.25,401.93,0.770
1790802650,btc-updown-15m-1790802000,0x63d59991b0e396a60c5ebc5e4c67945d8e088499854182c73c85e12cff076edc,Up,0.98,1596.01,0.97,230.0,0.96,114.0,0.99,536.0,,,,,0.020
1790802650,btc-updown-15m-1790802000,0x63d59991b0e396a60c5ebc5e4c67945d8e088499854182c73c85e12cff076edc,Down,0.01,546.36,,,,,0.02,1566.01,0.03,230.0,0.04,114.0,0.020
1790802650,btc-updown-5m-1790802600,0xe3219a6dc88173f5f32d52547541b4fbea41da13e17fe3a55a65f24804c1ea10,Up,0.73,122.5,0.72,243.34,0.71,470.93,0.74,1437.25,0.75,676.0,0.76,572.0,0.260
1790802650,btc-updown-5m-1790802600,0xe3219a6dc88173f5f32d52547541b4fbea41da13e17fe3a55a65f24804c1ea10,Down,0.26,1421.15,0.25,716.0,0.24,572.0,0.27,122.5,0.28,173.34,0.29,470.93,0.260
1790802666,btc-updown-15m-1790802000,0x63d59991b0e396a60c5ebc5e4c67945d8e088499854182c73c85e12cff076edc,Up,0.94,509.48,0.93,186.0,0.92,2375.0,0.95,85.4,0.96,1002.0,0.97,2732.56,0.060
1790802666,btc-updown-15m-1790802000,0x63d59991b0e396a60c5ebc5e4c67945d8e088499854182c73c85e12cff076edc,Down,0.05,160.4,0.04,950.04,0.03,2652.6,0.06,494.48,0.07,186.0,0.08,2375.0,0.060
1790802666,btc-updown-5m-1790802600,0xe3219a6dc88173f5f32d52547541b4fbea41da13e17fe3a55a65f24804c1ea10,Up,0.44,1443.64,0.43,1537.53,0.42,353.0,0.45,69.56,0.46,416.0,0.47,355.0,0.550
1790802666,btc-updown-5m-1790802600,0xe3219a6dc88173f5f32d52547541b4fbea41da13e17fe3a55a65f24804c1ea10,Down,0.55,139.56,0.54,456.0,0.53,675.0,0.56,1269.82,0.57,1471.98,0.58,328.0,0.440
1790802672,btc-updown-15m-1790802000,0x63d59991b0e396a60c5ebc5e4c67945d8e088499854182c73c85e12cff076edc,Up,0.95,387.02,0.94,323.57,0.93,350.0,0.96,35.0,0.97,2794.89,0.98,1314.55,0.960
1790802672,btc-updown-15m-1790802000,0x63d59991b0e396a60c5ebc5e4c67945d8e088499854182c73c85e12cff076edc,Down,0.04,128.73,0.03,2804.89,0.02,3222.55,0.05,362.02,0.06,353.57,0.07,358.0,0.040
1790802672,btc-updown-5m-1790802600,0xe3219a6dc88173f5f32d52547541b4fbea41da13e17fe3a55a65f24804c1ea10,Up,0.43,981.19,0.42,586.38,0.41,582.11,0.44,243.0,0.45,339.0,0.46,1097.0,0.430
1790802672,btc-updown-5m-1790802600,0xe3219a6dc88173f5f32d52547541b4fbea41da13e17fe3a55a65f24804c1ea10,Down,0.56,253.0,0.55,359.0,0.54,1117.0,0.57,888.69,0.58,593.88,0.59,582.11,0.430
1790802689,btc-updown-15m-1790802000,0x63d59991b0e396a60c5ebc5e4c67945d8e088499854182c73c85e12cff076edc,Up,0.97,465.52,0.96,330.0,0.95,1097.99,0.98,1131.7,0.99,628.01,,,0.020
1790802689,btc-updown-15m-1790802000,0x63d59991b0e396a60c5ebc5e4c67945d8e088499854182c73c85e12cff076edc,Down,0.02,1131.7,0.01,628.01,,,0.03,465.52,0.04,423.0,0.05,1027.99,0.020
1790802689,btc-updown-5m-1790802600,0xe3219a6dc88173f5f32d52547541b4fbea41da13e17fe3a55a65f24804c1ea10,Up,0.75,1559.65,0.74,447.12,0.73,292.76,0.76,51.13,0.77,130.0,0.78,244.89,0.240
1790802689,btc-updown-5m-1790802600,0xe3219a6dc88173f5f32d52547541b4fbea41da13e17fe3a55a65f24804c1ea10,Down,0.23,183.37,0.22,299.89,0.21,267.89,0.24,582.19,0.25,1463.45,0.26,269.12,0.770
1790802705,btc-updown-15m-1790802000,0x63d59991b0e396a60c5ebc5e4c67945d8e088499854182c73c85e12cff076edc,Up,0.97,482.82,0.96,2925.0,0.95,9813.99,0.98,94.7,0.99,1330.0,,,0.020
1790802705,btc-updown-15m-1790802000,0x63d59991b0e396a60c5ebc5e4c67945d8e088499854182c73c85e12cff076edc,Down,0.02,94.7,0.01,1330.0,,,0.03,482.82,0.04,2925.0,0.05,9813.99,0.020
1790802705,btc-updown-5m-1790802600,0xe3219a6dc88173f5f32d52547541b4fbea41da13e17fe3a55a65f24804c1ea10,Up,0.77,621.38,0.76,402.0,0.75,1204.0,0.78,432.74,0.79,2003.66,0.8,758.66,0.220
1790802705,btc-updown-5m-1790802600,0xe3219a6dc88173f5f32d52547541b4fbea41da13e17fe3a55a65f24804c1ea10,Down,0.22,502.74,0.21,2159.66,0.2,768.66,0.23,467.59,0.24,418.49,0.25,1179.0,0.220
1790802723,btc-updown-15m-1790802000,0x63d59991b0e396a60c5ebc5e4c67945d8e088499854182c73c85e12cff076edc,Up,0.98,339.19,0.97,403.0,0.96,8068.0,0.99,1365.08,,,,,0.010
1790802723,btc-updown-15m-1790802000,0x63d59991b0e396a60c5ebc5e4c67945d8e088499854182c73c85e12cff076edc,Down,0.01,1360.08,,,,,0.02,339.19,0.03,403.0,0.04,8095.0,0.010
1790802723,btc-updown-5m-1790802600,0xe3219a6dc88173f5f32d52547541b4fbea41da13e17fe3a55a65f24804c1ea10,Up,0.78,909.21,0.77,789.96,0.76,462.35,0.79,296.0,0.8,1965.66,0.81,733.66,0.780
1790802723,btc-updown-5m-1790802600,0xe3219a6dc88173f5f32d52547541b4fbea41da13e17fe3a55a65f24804c1ea10,Down,0.21,296.0,0.2,1940.66,0.19,733.66,0.22,909.21,0.23,789.96,0.24,472.35,0.780
1790802739,btc-updown-15m-1790802000,0x63d59991b0e396a60c5ebc5e4c67945d8e088499854182c73c85e12cff076edc,Up,0.987,10.0,0.983,5.0,0.981,47.94,0.99,1034.8,0.999,40.0,,,0.010
1790802739,btc-updown-15m-1790802000,0x63d59991b0e396a60c5ebc5e4c67945d8e088499854182c73c85e12cff076edc,Down,0.01,1055.88,0.001,40.0,,,0.013,10.0,0.016,5.0,0.019,47.94,0.010
1790802739,btc-updown-5m-1790802600,0xe3219a6dc88173f5f32d52547541b4fbea41da13e17fe3a55a65f24804c1ea10,Up,0.77,249.39,0.76,329.19,0.75,187.83,0.78,305.34,0.79,1350.56,0.8,2055.66,0.220
1790802739,btc-updown-5m-1790802600,0xe3219a6dc88173f5f32d52547541b4fbea41da13e17fe3a55a65f24804c1ea10,Down,0.22,345.34,0.21,1548.56,0.2,2055.66,0.23,249.39,0.24,364.19,0.25,217.83,0.220
1790802756,btc-updown-15m-1790802000,0x63d59991b0e396a60c5ebc5e4c67945d8e088499854182c73c85e12cff076edc,Up,0.989,10.0,0.988,5.0,0.982,5.0,0.99,83.0,0.998,100.0,0.999,40.0,0.010
1790802756,btc-updown-15m-1790802000,0x63d59991b0e396a60c5ebc5e4c67945d8e088499854182c73c85e12cff076edc,Down,0.01,83.0,0.002,100.0,0.001,40.0,0.011,10.0,0.012,5.0,0.017,5.0,0.010
1790802756,btc-updown-5m-1790802600,0xe3219a6dc88173f5f32d52547541b4fbea41da13e17fe3a55a65f24804c1ea10,Up,0.8,475.1,0.79,541.92,0.78,343.71,0.81,146.66,0.82,1278.77,0.83,2192.86,0.190
1790802756,btc-updown-5m-1790802600,0xe3219a6dc88173f5f32d52547541b4fbea41da13e17fe3a55a65f24804c1ea10,Down,0.19,146.66,0.18,1268.77,0.17,2197.86,0.2,475.1,0.21,521.92,0.22,393.71,0.190
1790802772,btc-updown-15m-1790802000,0x63d59991b0e396a60c5ebc5e4c67945d8e088499854182c73c85e12cff076edc,Up,0.995,10.0,0.994,5.0,0.991,150.75,0.998,100.0,0.999,40.0,,,0.010
1790802772,btc-updown-15m-1790802000,0x63d59991b0e396a60c5ebc5e4c67945d8e088499854182c73c85e12cff076edc,Down,0.002,100.0,0.001,40.0,,,0.005,10.0,0.006,5.0,0.009,150.75,0.010
1790802772,btc-updown-5m-1790802600,0xe3219a6dc88173f5f32d52547541b4fbea41da13e17fe3a55a65f24804c1ea10,Up,0.91,1072.72,0.9,313.24,0.89,374.24,0.92,35.0,0.93,165.0,0.94,277.1,0.910
1790802772,btc-updown-5m-1790802600,0xe3219a6dc88173f5f32d52547541b4fbea41da13e17fe3a55a65f24804c1ea10,Down,0.08,120.0,0.07,10.0,0.05,55.45,0.09,1099.72,0.1,283.24,0.11,319.24,0.910
1790802789,btc-updown-15m-1790802000,0x63d59991b0e396a60c5ebc5e4c67945d8e088499854182c73c85e12cff076edc,Up,0.995,15.0,0.991,155.75,0.99,4945.16,0.998,100.0,0.999,40.0,,,0.010
1790802789,btc-updown-15m-1790802000,0x63d59991b0e396a60c5ebc5e4c67945d8e088499854182c73c85e12cff076edc,Down,0.002,100.0,0.001,40.0,,,0.005,15.0,0.009,155.75,0.01,4925.16,0.010
1790802789,btc-updown-5m-1790802600,0xe3219a6dc88173f5f32d52547541b4fbea41da13e17fe3a55a65f24804c1ea10,Up,0.93,178.0,0.92,70.0,0.91,139.0,0.94,1645.36,0.95,2397.92,0.96,621.22,0.060
1790802789,btc-updown-5m-1790802600,0xe3219a6dc88173f5f32d52547541b4fbea41da13e17fe3a55a65f24804c1ea10,Down,0.06,1645.36,0.05,2397.92,0.04,621.22,0.07,178.0,0.08,70.0,0.09,139.0,0.060
1790802806,btc-updown-15m-1790802000,0x63d59991b0e396a60c5ebc5e4c67945d8e088499854182c73c85e12cff076edc,Up,0.998,741.0,0.995,13.58,0.991,105.0,,,,,,,0.001
1790802806,btc-updown-15m-1790802000,0x63d59991b0e396a60c5ebc5e4c67945d8e088499854182c73c85e12cff076edc,Down,,,,,,,0.002,741.0,0.005,13.58,0.009,105.0,0.001
1790802806,btc-updown-5m-1790802600,0xe3219a6dc88173f5f32d52547541b4fbea41da13e17fe3a55a65f24804c1ea10,Up,0.77,54.0,0.76,69.0,0.75,53.0,0.81,322.09,0.82,2181.06,0.83,437.0,0.810
1790802806,btc-updown-5m-1790802600,0xe3219a6dc88173f5f32d52547541b4fbea41da13e17fe3a55a65f24804c1ea10,Down,0.22,332.78,0.21,564.0,0.2,265.0,0.23,84.0,0.24,59.0,0.25,53.0,0.780
1790802823,btc-updown-15m-1790802000,0x63d59991b0e396a60c5ebc5e4c67945d8e088499854182c73c85e12cff076edc,Up,0.998,751.0,0.996,5.0,0.995,8.58,,,,,,,0.001
1790802823,btc-updown-15m-1790802000,0x63d59991b0e396a60c5ebc5e4c67945d8e088499854182c73c85e12cff076edc,Down,,,,,,,0.002,751.0,0.004,5.0,0.005,8.58,0.001
1790802823,btc-updown-5m-1790802600,0xe3219a6dc88173f5f32d52547541b4fbea41da13e17fe3a55a65f24804c1ea10,Up,0.91,771.17,0.9,568.36,0.89,636.0,0.92,695.72,0.93,2100.85,0.94,358.46,0.080
1790802823,btc-updown-5m-1790802600,0xe3219a6dc88173f5f32d52547541b4fbea41da13e17fe3a55a65f24804c1ea10,Down,0.08,768.71,0.07,2236.85,0.06,719.46,0.09,668.83,0.1,230.36,0.11,313.0,0.080
1790802835,btc-updown-15m-1790802000,0x63d59991b0e396a60c5ebc5e4c67945d8e088499854182c73c85e12cff076edc,Up,0.998,311.0,0.997,60.0,0.996,5.0,0.999,14.97,,,,,0.999
1790802835,btc-updown-15m-1790802000,0x63d59991b0e396a60c5ebc5e4c67945d8e088499854182c73c85e12cff076edc,Down,0.001,14.97,,,,,0.002,311.0,0.003,60.0,0.004,5.0,0.999
1790802835,btc-updown-5m-1790802600,0xe3219a6dc88173f5f32d52547541b4fbea41da13e17fe3a55a65f24804c1ea10,Up,0.85,289.79,0.84,535.37,0.83,220.0,0.86,50.2,0.87,185.0,0.88,286.26,0.140
1790802835,btc-updown-5m-1790802600,0xe3219a6dc88173f5f32d52547541b4fbea41da13e17fe3a55a65f24804c1ea10,Down,0.14,50.2,0.13,120.0,0.12,286.26,0.15,289.79,0.16,575.37,0.17,260.0,0.140
1790802841,btc-updown-15m-1790802000,0x63d59991b0e396a60c5ebc5e4c67945d8e088499854182c73c85e12cff076edc,Up,0.998,251.0,0.996,5.0,0.995,108.58,,,,,,,0.999
1790802841,btc-updown-15m-1790802000,0x63d59991b0e396a60c5ebc5e4c67945d8e088499854182c73c85e12cff076edc,Down,,,,,,,0.002,251.0,0.004,5.0,0.005,108.58,0.999
1790802841,btc-updown-5m-1790802600,0xe3219a6dc88173f5f32d52547541b4fbea41da13e17fe3a55a65f24804c1ea10,Up,0.92,357.5,0.91,588.0,0.9,226.69,0.93,12.34,0.94,153.0,0.95,209.0,0.070
1790802841,btc-updown-5m-1790802600,0xe3219a6dc88173f5f32d52547541b4fbea41da13e17fe3a55a65f24804c1ea10,Down,0.07,12.34,0.06,153.0,0.05,209.0,0.08,362.5,0.09,588.0,0.1,251.69,0.070
1790802848,btc-updown-15m-1790802000,0x63d59991b0e396a60c5ebc5e4c67945d8e088499854182c73c85e12cff076edc,Up,0.999,23.0,0.998,251.0,0.997,100.0,,,,,,,0.999
1790802848,btc-updown-15m-1790802000,0x63d59991b0e396a60c5ebc5e4c67945d8e088499854182c73c85e12cff076edc,Down,,,,,,,0.001,23.0,0.002,251.0,0.003,100.0,0.999
1790802848,btc-updown-5m-1790802600,0xe3219a6dc88173f5f32d52547541b4fbea41da13e17fe3a55a65f24804c1ea10,Up,0.94,175.0,0.93,447.0,0.92,553.0,0.95,117.0,0.96,341.0,0.97,317.21,0.060
1790802848,btc-updown-5m-1790802600,0xe3219a6dc88173f5f32d52547541b4fbea41da13e17fe3a55a65f24804c1ea10,Down,0.05,117.0,0.04,341.0,0.03,332.21,0.06,175.0,0.07,447.0,0.08,553.0,0.060
1790802860,btc-updown-15m-1790802000,0x63d59991b0e396a60c5ebc5e4c67945d8e088499854182c73c85e12cff076edc,Up,0.999,6131.01,0.998,251.0,0.997,40.0,,,,,,,0.999
1790802860,btc-updown-15m-1790802000,0x63d59991b0e396a60c5ebc5e4c67945d8e088499854182c73c85e12cff076edc,Down,,,,,,,0.001,6131.01,0.002,251.0,0.003,40.0,0.999
1790802860,btc-updown-5m-1790802600,0xe3219a6dc88173f5f32d52547541b4fbea41da13e17fe3a55a65f24804c1ea10,Up,0.98,406.66,0.97,435.31,0.96,474.42,0.99,2987.02,,,,,0.010
1790802860,btc-updown-5m-1790802600,0xe3219a6dc88173f5f32d52547541b4fbea41da13e17fe3a55a65f24804c1ea10,Down,0.01,2947.02,,,,,0.02,406.66,0.03,535.31,0.04,474.42,0.010
1790802873,btc-updown-15m-1790802000,0x63d59991b0e396a60c5ebc5e4c67945d8e088499854182c73c85e12cff076edc,Up,0.999,6147.62,0.998,251.0,0.997,40.0,,,,,,,0.999
1790802873,btc-updown-15m-1790802000,0x63d59991b0e396a60c5ebc5e4c67945d8e088499854182c73c85e12cff076edc,Down,,,,,,,0.001,6147.62,0.002,251.0,0.003,40.0,0.999
1790802873,btc-updown-5m-1790802600,0xe3219a6dc88173f5f32d52547541b4fbea41da13e17fe3a55a65f24804c1ea10,Up,0.99,18640.73,0.98,1094.31,0.97,1990.0,,,,,,,0.990
1790802873,btc-updown-5m-1790802600,0xe3219a6dc88173f5f32d52547541b4fbea41da13e17fe3a55a65f24804c1ea10,Down,,,,,,,0.01,19240.73,0.02,1094.31,0.03,1990.0,0.990
1790802887,btc-updown-15m-1790802000,0x63d59991b0e396a60c5ebc5e4c67945d8e088499854182c73c85e12cff076edc,Up,0.999,13286.3,0.998,251.0,0.997,40.0,,,,,,,0.999
1790802887,btc-updown-15m-1790802000,0x63d59991b0e396a60c5ebc5e4c67945d8e088499854182c73c85e12cff076edc,Down,,,,,,,0.001,13286.3,0.002,251.0,0.003,40.0,0.999
1790802887,btc-updown-5m-1790802600,0xe3219a6dc88173f5f32d52547541b4fbea41da13e17fe3a55a65f24804c1ea10,Up,0.99,40834.41,0.98,1079.41,0.97,2150.76,,,,,,,0.990
1790802887,btc-updown-5m-1790802600,0xe3219a6dc88173f5f32d52547541b4fbea41da13e17fe3a55a65f24804c1ea10,Down,,,,,,,0.01,40834.41,0.02,1079.41,0.03,2150.76,0.990
1790802903,btc-updown-15m-1790802000,0x63d59991b0e396a60c5ebc5e4c67945d8e088499854182c73c85e12cff076edc,Up,0.999,127540.47,0.998,241.0,0.995,8.58,,,,,,,0.999
1790802903,btc-updown-15m-1790802000,0x63d59991b0e396a60c5ebc5e4c67945d8e088499854182c73c85e12cff076edc,Down,,,,,,,0.001,127540.47,0.002,241.0,0.005,8.58,0.999
1790802903,btc-updown-5m-1790802600,0xe3219a6dc88173f5f32d52547541b4fbea41da13e17fe3a55a65f24804c1ea10,Up,0.99,242819.83,0.98,686.32,0.97,120.0,,,,,,,0.990
1790802903,btc-updown-5m-1790802600,0xe3219a6dc88173f5f32d52547541b4fbea41da13e17fe3a55a65f24804c1ea10,Down,,,,,,,0.01,242819.83,0.02,686.32,0.03,120.0,0.990
1790802903,btc-updown-5m-1790802900,0xe1f9cf4b8913467d1dd603de8e00eb8b710f6b12fda96e3ee312fd35359ad6d4,Up,0.47,105.99,0.46,268.78,0.45,207.78,0.48,1209.23,0.49,450.76,0.5,1529.32,0.520
1790802903,btc-updown-5m-1790802900,0xe1f9cf4b8913467d1dd603de8e00eb8b710f6b12fda96e3ee312fd35359ad6d4,Down,0.52,1102.98,0.51,420.76,0.5,333.32,0.53,105.99,0.54,172.78,0.55,307.78,0.520
1790802903,btc-updown-15m-1790802900,0x8a51597a70cec9b13cf70a088050b03a4a35be96f8600f5548534a24efa0db7d,Up,0.49,32.03fabfe6f12f8cc8c7ca27f2c2a530b7b95c9d7a24417db3396346fb1de264f5,Up,0.95,648.28,0.94,977.28,0.93,350.0,0.97,76.0,0.98,157.91,0.99,2655.06,0.960
1790799247,btc-updown-5m-1790799000,0xc5fabfe6f12f8cc8c7ca27f2c2a530b7b95c9d7a24417db3396346fb1de264f5,Down,0.03,109.96,0.02,152.91,0.01,2595.06,0.04,85.0,0.05,549.84,0.06,896.0,0.030
1790799261,btc-updown-15m-1790798400,0x148d60d974e43d805b3a5e1da61798b032fef00a0c3c7d3ddc5d785b5275f183,Up,0.99,1082.8,0.98,60.0,0.97,161.31,,,,,,,0.010
1790799261,btc-updown-15m-1790798400,0x148d60d974e43d805b3a5e1da61798b032fef00a0c3c7d3ddc5d785b5275f183,Down,,,,,,,0.01,1082.8,0.02,60.0,0.03,161.31,0.010
1790799261,btc-updown-5m-1790799000,0xc5fabfe6f12f8cc8c7ca27f2c2a530b7b95c9d7a24417db3396346fb1de264f5,Up,0.99,14051.28,0.98,1071.78,0.97,2244.36,,,,,,,0.990
1790799261,btc-updown-5m-1790799000,0xc5fabfe6f12f8cc8c7ca27f2c2a530b7b95c9d7a24417db3396346fb1de264f5,Down,,,,,,,0.01,14076.28,0.02,1071.78,0.03,2294.36,0.990
1790799268,btc-updown-15m-1790798400,0x148d60d974e43d805b3a5e1da61798b032fef00a0c3c7d3ddc5d785b5275f183,Up,0.99,10162.28,0.98,108.0,0.97,136.46,,,,,,,0.990
1790799268,btc-updown-15m-1790798400,0x148d60d974e43d805b3a5e1da61798b032fef00a0c3c7d3ddc5d785b5275f183,Down,,,,,,,0.01,10162.28,0.02,108.0,0.03,136.46,0.990
1790799268,btc-updown-5m-1790799000,0xc5fabfe6f12f8cc8c7ca27f2c2a530b7b95c9d7a24417db3396346fb1de264f5,Up,0.99,26629.52,0.98,1084.0,0.97,2201.88,,,,,,,0.990
1790799268,btc-updown-5m-1790799000,0xc5fabfe6f12f8cc8c7ca27f2c2a530b7b95c9d7a24417db3396346fb1de264f5,Down,,,,,,,0.01,26629.52,0.02,1084.0,0.03,2201.88,0.990
1790799281,btc-updown-15m-1790798400,0x148d60d974e43d805b3a5e1da61798b032fef00a0c3c7d3ddc5d785b5275f183,Up,0.99,17544.69,0.98,108.0,0.97,188.91,,,,,,,0.990
1790799281,btc-updown-15m-1790798400,0x148d60d974e43d805b3a5e1da61798b032fef00a0c3c7d3ddc5d785b5275f183,Down,,,,,,,0.01,17544.69,0.02,108.0,0.03,188.91,0.990
1790799281,btc-updown-5m-1790799000,0xc5fabfe6f12f8cc8c7ca27f2c2a530b7b95c9d7a24417db3396346fb1de264f5,Up,0.99,62146.73,0.98,1344.09,0.97,2130.76,,,,,,,0.990
1790799281,btc-updown-5m-1790799000,0xc5fabfe6f12f8cc8c7ca27f2c2a530b7b95c9d7a24417db3396346fb1de264f5,Down,,,,,,,0.01,63146.73,0.02,1344.09,0.03,2130.76,0.990
1790799287,btc-updown-15m-1790798400,0x148d60d974e43d805b3a5e1da61798b032fef00a0c3c7d3ddc5d785b5275f183,Up,0.99,24424.69,0.98,48.0,0.97,188.91,,,,,,,0.990
1790799287,btc-updown-15m-1790798400,0x148d60d974e43d805b3a5e1da61798b032fef00a0c3c7d3ddc5d785b5275f183,Down,,,,,,,0.01,24424.69,0.02,48.0,0.03,188.91,0.990
1790799287,btc-updown-5m-1790799000,0xc5fabfe6f12f8cc8c7ca27f2c2a530b7b95c9d7a24417db3396346fb1de264f5,Up,0.99,69629.77,0.98,1344.09,0.97,2140.76,,,,,,,0.990
1790799287,btc-updown-5m-1790799000,0xc5fabfe6f12f8cc8c7ca27f2c2a530b7b95c9d7a24417db3396346fb1de264f5,Down,,,,,,,0.01,69629.77,0.02,1344.09,0.03,2140.76,0.990
1790799298,btc-updown-15m-1790798400,0x148d60d974e43d805b3a5e1da61798b032fef00a0c3c7d3ddc5d785b5275f183,Up,0.99,46574.79,0.98,48.0,0.97,178.91,,,,,,,0.990
1790799298,btc-updown-15m-1790798400,0x148d60d974e43d805b3a5e1da61798b032fef00a0c3c7d3ddc5d785b5275f183,Down,,,,,,,0.01,46579.84,0.02,48.0,0.03,178.91,0.990
1790799298,btc-updown-5m-1790799000,0xc5fabfe6f12f8cc8c7ca27f2c2a530b7b95c9d7a24417db3396346fb1de264f5,Up,0.99,92164.18,0.98,1093.09,0.97,1825.76,,,,,,,0.990
1790799298,btc-updown-5m-1790799000,0xc5fabfe6f12f8cc8c7ca27f2c2a530b7b95c9d7a24417db3396346fb1de264f5,Down,,,,,,,0.01,92159.18,0.02,1093.09,0.03,1825.76,0.990
1790799309,btc-updown-15m-1790798400,0x148d60d974e43d805b3a5e1da61798b032fef00a0c3c7d3ddc5d785b5275f183,Up,0.99,158953.25,0.98,1308.0,0.97,14.31,,,,,,,0.990
1790799309,btc-updown-15m-1790798400,0x148d60d974e43d805b3a5e1da61798b032fef00a0c3c7d3ddc5d785b5275f183,Down,,,,,,,0.01,158953.25,0.02,1308.0,0.03,14.31,0.990
1790799309,btc-updown-5m-1790799000,0xc5fabfe6f12f8cc8c7ca27f2c2a530b7b95c9d7a24417db3396346fb1de264f5,Up,0.99,246748.08,0.98,282.0,0.97,110.0,,,,,,,0.990
1790799309,btc-updown-5m-1790799300,0xa8e5877650e1f128d8b21a8151422af5b0db93696618c3b2fdd8d544afca6914,Up,0.55,753.92,0.54,1608.71,0.53,500.43,0.56,80.77,0.57,247.0,0.58,525.0,0.440
1790799309,btc-updown-5m-1790799300,0xa8e5877650e1f128d8b21a8151422af5b0db93696618c3b2fdd8d544afca6914,Down,0.44,55.77,0.43,157.0,0.42,302.0,0.45,835.7,0.46,1638.71,0.47,550.43,0.550
1790799309,btc-updown-15m-1790799300,0x24e6a6cafef3151384857e5f28737ed7e718b44578080e8b8b477b93374a847e,Up,0.52,348.07,0.51,274.0,0.5,1169.1,0.53,30.0,0.54,91.0,0.55,510.9,0.480
1790799309,btc-updown-15m-1790799300,0x24e6a6cafef3151384857e5f28737ed7e718b44578080e8b8b477b93374a847e,Down,0.47,30.0,0.46,91.0,0.45,510.9,0.48,348.07,0.49,274.0,0.5,1169.1,0.480
1790799315,btc-updown-15m-1790798400,0x148d60d974e43d805b3a5e1da61798b032fef00a0c3c7d3ddc5d785b5275f183,Up,0.99,158951.78,0.98,1308.0,0.97,14.31,,,,,,,0.990
1790799315,btc-updown-15m-1790798400,0x148d60d974e43d805b3a5e1da61798b032fef00a0c3c7d3ddc5d785b5275f183,Down,,,,,,,0.01,158951.78,0.02,1308.0,0.03,14.31,0.990
1790799315,btc-updown-5m-1790799000,0xc5fabfe6f12f8cc8c7ca27f2c2a530b7b95c9d7a24417db3396346fb1de264f5,Up,0.99,246448.08,0.98,282.0,0.97,110.0,,,,,,,0.990
1790799315,btc-updown-5m-1790799000,0xc5fabfe6f12f8cc8c7ca27f2c2a530b7b95c9d7a24417db3396346fb1de264f5,Down,,,,,,,0.01,246448.08,0.02,282.0,0.03,110.0,0.990
1790799315,btc-updown-5m-1790799300,0xa8e5877650e1f128d8b21a8151422af5b0db93696618c3b2fdd8d544afca6914,Up,0.51,1600.59,0.5,554.0,0.49,239.0,0.52,270.25,0.53,288.0,0.54,221.0,0.510
1790799315,btc-updown-5m-1790799300,0xa8e5877650e1f128d8b21a8151422af5b0db93696618c3b2fdd8d544afca6914,Down,0.48,340.25,0.47,318.0,0.46,201.0,0.49,1593.55,0.5,559.0,0.51,289.0,0.510
1790799315,btc-updown-15m-1790799300,0x24e6a6cafef3151384857e5f28737ed7e718b44578080e8b8b477b93374a847e,Up,0.51,114.24,0.5,281.26,0.49,149.0,0.52,355.26,0.53,861.14,0.54,2938.36,0.510
1790799315,btc-updown-15m-1790799300,0x24e6a6cafef3151384857e5f28737ed7e718b44578080e8b8b477b93374a847e,Down,0.48,347.26,0.47,942.14,0.46,2946.36,0.49,75.26,0.5,281.26,0.51,149.0,0.510
1790799330,btc-updown-15m-1790798400,0x148d60d974e43d805b3a5e1da61798b032fef00a0c3c7d3ddc5d785b5275f183,Up,0.99,157663.77,0.98,1308.0,0.97,14.31,,,,,,,0.990
1790799330,btc-updown-15m-1790798400,0x148d60d974e43d805b3a5e1da61798b032fef00a0c3c7d3ddc5d785b5275f183,Down,,,,,,,0.01,157663.77,0.02,1308.0,0.03,14.31,0.990
1790799330,btc-updown-5m-1790799000,0xc5fabfe6f12f8cc8c7ca27f2c2a530b7b95c9d7a24417db3396346fb1de264f5,Up,0.99,242398.08,0.98,282.0,0.97,110.0,,,,,,,0.990
1790799330,btc-updown-5m-1790799000,0xc5fabfe6f12f8cc8c7ca27f2c2a530b7b95c9d7a24417db3396346fb1de264f5,Down,,,,,,,0.01,242398.08,0.02,282.0,0.03,110.0,0.990
1790799330,btc-updown-5m-1790799300,0xa8e5877650e1f128d8b21a8151422af5b0db93696618c3b2fdd8d544afca6914,Up,0.61,74.6,0.6,375.0,0.59,375.54,0.62,2301.36,0.63,927.0,0.64,608.0,0.610
1790799330,btc-updown-5m-1790799300,0xa8e5877650e1f128d8b21a8151422af5b0db93696618c3b2fdd8d544afca6914,Down,0.38,2316.36,0.37,927.0,0.36,608.0,0.39,74.6,0.4,370.0,0.41,375.54,0.610
1790799330,btc-updown-15m-1790799300,0x24e6a6cafef3151384857e5f28737ed7e718b44578080e8b8b477b93374a847e,Up,0.55,13.0,0.54,359.0,0.53,278.71,0.56,362.45,0.57,805.0,0.58,1879.0,0.550
1790799330,btc-updown-15m-1790799300,0x24e6a6cafef3151384857e5f28737ed7e718b44578080e8b8b477b93374a847e,Down,0.44,362.45,0.43,805.0,0.42,1871.0,0.45,13.0,0.46,219.0,0.47,268.71,0.550
1790799342,btc-updown-5m-1790799300,0xa8e5877650e1f128d8b21a8151422af5b0db93696618c3b2fdd8d544afca6914,Up,0.54,876.99,0.53,1715.63,0.52,711.99,0.55,205.0,0.56,271.52,0.57,298.52,0.460
1790799342,btc-updown-5m-1790799300,0xa8e5877650e1f128d8b21a8151422af5b0db93696618c3b2fdd8d544afca6914,Down,0.45,210.0,0.44,271.52,0.43,293.52,0.46,961.03,0.47,1661.7,0.48,503.99,0.460
1790799342,btc-updown-15m-1790799300,0x24e6a6cafef3151384857e5f28737ed7e718b44578080e8b8b477b93374a847e,Up,0.52,325.56,0.51,299.69,0.5,288.0,0.53,137.0,0.54,85.0,0.55,1651.0,0.540
1790799359,btc-updown-5m-1790799300,0xa8e5877650e1f128d8b21a8151422af5b0db93696618c3b2fdd8d544afca6914,Up,0.45,541.8,0.44,2026.0,0.43,699.0,0.46,123.87,0.47,1268.0,0.48,691.44,0.450
1790799359,btc-updown-5m-1790799300,0xa8e5877650e1f128d8b21a8151422af5b0db93696618c3b2fdd8d544afca6914,Down,0.54,100.0,0.53,1203.0,0.52,696.44,0.55,795.28,0.56,2026.0,0.57,744.0,0.450
1790799359,btc-updown-15m-1790799300,0x24e6a6cafef3151384857e5f28737ed7e718b44578080e8b8b477b93374a847e,Up,0.47,301.81,0.46,1611.91,0.45,1184.0,0.48,20.0,0.49,133.0,0.5,1809.73,0.500
1790799359,btc-updown-15m-1790799300,0x24e6a6cafef3151384857e5f28737ed7e718b44578080e8b8b477b93374a847e,Down,0.52,20.0,0.51,133.0,0.5,1809.73,0.53,301.81,0.54,1611.91,0.55,1184.0,0.500
1790799375,btc-updown-5m-1790799300,0xa8e5877650e1f128d8b21a8151422af5b0db93696618c3b2fdd8d544afca6914,Up,0.46,513.45,0.45,380.04,0.44,1496.04,0.47,118.0,0.48,343.0,0.49,441.97,0.460
1790799375,btc-updown-5m-1790799300,0xa8e5877650e1f128d8b21a8151422af5b0db93696618c3b2fdd8d544afca6914,Down,0.53,145.0,0.52,303.0,0.51,477.45,0.54,543.45,0.55,405.04,0.56,385.04,0.460
1790799375,btc-updown-15m-1790799300,0x24e6a6cafef3151384857e5f28737ed7e718b44578080e8b8b477b93374a847e,Up,0.48,125.0,0.47,171.0,0.46,252.0,0.49,271.75,0.5,247.63,0.51,299.17,0.490
1790799375,btc-updown-15m-1790799300,0x24e6a6cafef3151384857e5f28737ed7e718b44578080e8b8b477b93374a847e,Down,0.51,366.75,0.5,247.63,0.49,269.17,0.52,15.0,0.53,166.0,0.54,302.0,0.490
1790799392,btc-updown-5m-1790799300,0xa8e5877650e1f128d8b21a8151422af5b0db93696618c3b2fdd8d544afca6914,Up,0.35,273.37,0.34,521.04,0.33,575.84,0.36,1282.37,0.37,678.97,0.38,456.97,0.350
1790799392,btc-updown-5m-1790799300,0xa8e5877650e1f128d8b21a8151422af5b0db93696618c3b2fdd8d544afca6914,Down,0.64,1282.37,0.63,678.97,0.62,381.97,0.65,273.37,0.66,441.04,0.67,575.84,0.640
1790799392,btc-updown-15m-1790799300,0x24e6a6cafef3151384857e5f28737ed7e718b44578080e8b8b477b93374a847e,Up,0.43,235.0,0.42,476.91,0.41,219.0,0.44,152.04,0.45,225.43,0.46,711.0,0.440
1790799392,btc-updown-15m-1790799300,0x24e6a6cafef3151384857e5f28737ed7e718b44578080e8b8b477b93374a847e,Down,0.56,182.04,0.55,235.43,0.54,711.0,0.57,160.0,0.58,456.91,0.59,219.0,0.440
1790799408,btc-updown-5m-1790799300,0xa8e5877650e1f128d8b21a8151422af5b0db93696618c3b2fdd8d544afca6914,Up,0.25,209.65,0.24,452.0,0.23,479.04,0.26,1893.59,0.27,623.67,0.28,700.7,0.250
1790799408,btc-updown-5m-1790799300,0xa8e5877650e1f128d8b21a8151422af5b0db93696618c3b2fdd8d544afca6914,Down,0.74,1893.59,0.73,633.67,0.72,650.7,0.75,164.65,0.76,452.0,0.77,471.0,0.250
1790799408,btc-updown-15m-1790799300,0x24e6a6cafef3151384857e5f28737ed7e718b44578080e8b8b477b93374a847e,Up,0.4,131.0,0.39,510.1,0.38,1451.0,0.41,258.0,0.42,304.81,0.43,161.0,0.410
1790799408,btc-updown-15m-1790799300,0x24e6a6cafef3151384857e5f28737ed7e718b44578080e8b8b477b93374a847e,Down,0.59,258.0,0.58,304.81,0.57,161.0,0.6,131.0,0.61,510.1,0.62,1496.0,0.410
1790799425,btc-updown-5m-1790799300,0xa8e5877650e1f128d8b21a8151422af5b0db93696618c3b2fdd8d544afca6914,Up,0.2,10.11,0.17,246.0,0.16,354.3,0.22,93.0,0.23,135.0,0.24,240.0,0.200
1790799425,btc-updown-5m-1790799300,0xa8e5877650e1f128d8b21a8151422af5b0db93696618c3b2fdd8d544afca6914,Down,0.78,2141.0,0.77,103.26,0.76,30.0,0.8,15.11,0.81,45.0,0.83,256.0,0.210
1790799425,btc-updown-15m-1790799300,0x24e6a6cafef3151384857e5f28737ed7e718b44578080e8b8b477b93374a847e,Up,0.37,30.0,0.36,190.91,0.35,107.5,0.38,307.83,0.39,442.11,0.4,1519.0,0.420
1790799425,btc-updown-15m-1790799300,0x24e6a6cafef3151384857e5f28737ed7e718b44578080e8b8b477b93374a847e,Down,0.63,120.0,0.62,347.83,0.61,431.11,0.64,190.91,0.65,137.5,0.66,149.0,0.370
1790799431,btc-updown-5m-1790799300,0xa8e5877650e1f128d8b21a8151422af5b0db93696618c3b2fdd8d544afca6914,Up,0.19,422.8,0.18,559.58,0.17,559.87,0.2,851.84,0.21,1774.22,0.22,461.52,0.810
1790800766,btc-updown-5m-1790800500,0x29992f615b3847f9feaaf5f14fc6830cf3a06931e61303ad2240cd0339e5cf0b,Up,0.99,29321.53,0.98,952.91,0.97,2214.76,,,,,,,0.990
1790800766,btc-updown-5m-1790800500,0x29992f615b3847f9feaaf5f14fc6830cf3a06931e61303ad2240cd0339e5cf0b,Down,,,,,,,0.01,29253.02,0.02,952.91,0.03,2214.76,0.990
1790800783,btc-updown-15m-1790800200,0x7f4a7c730a344d65668190c2f70b986be92d75c7cab4f1363de3b73cc04d80f0,Up,0.32,1121.64,0.31,1557.0,0.3,245.0,0.33,1227.04,0.34,435.99,0.35,9094.0,0.320
1790800783,btc-updown-15m-1790800200,0x7f4a7c730a344d65668190c2f70b986be92d75c7cab4f1363de3b73cc04d80f0,Down,0.67,1227.04,0.66,435.99,0.65,8847.0,0.68,1121.64,0.69,1557.0,0.7,245.0,0.320
1790800783,btc-updown-5m-1790800500,0x29992f615b3847f9feaaf5f14fc6830cf3a06931e61303ad2240cd0339e5cf0b,Up,0.99,71024.84,0.98,847.91,0.97,2185.76,,,,,,,0.990
1790800783,btc-updown-5m-1790800500,0x29992f615b3847f9feaaf5f14fc6830cf3a06931e61303ad2240cd0339e5cf0b,Down,,,,,,,0.01,70994.54,0.02,847.91,0.03,2180.76,0.990
1790800798,btc-updown-15m-1790800200,0x7f4a7c730a344d65668190c2f70b986be92d75c7cab4f1363de3b73cc04d80f0,Up,0.32,170.0,0.31,135.0,0.3,424.0,0.33,231.99,0.34,1496.0,0.35,6005.0,0.720
1790800798,btc-updown-15m-1790800200,0x7f4a7c730a344d65668190c2f70b986be92d75c7cab4f1363de3b73cc04d80f0,Down,0.67,256.99,0.66,4694.0,0.65,6055.0,0.68,340.0,0.69,173.0,0.7,419.0,0.720
1790800798,btc-updown-5m-1790800500,0x29992f615b3847f9feaaf5f14fc6830cf3a06931e61303ad2240cd0339e5cf0b,Up,0.99,83120.64,0.98,688.91,0.97,1955.76,,,,,,,0.990
1790800798,btc-updown-5m-1790800500,0x29992f615b3847f9feaaf5f14fc6830cf3a06931e61303ad2240cd0339e5cf0b,Down,,,,,,,0.01,93125.69,0.02,688.91,0.03,1955.76,0.990
1790800815,btc-updown-15m-1790800200,0x7f4a7c730a344d65668190c2f70b986be92d75c7cab4f1363de3b73cc04d80f0,Up,0.3,275.41,0.29,952.0,0.28,834.0,0.31,375.22,0.32,276.23,0.33,9168.0,0.690
1790800815,btc-updown-15m-1790800200,0x7f4a7c730a344d65668190c2f70b986be92d75c7cab4f1363de3b73cc04d80f0,Down,0.69,395.22,0.68,276.23,0.67,9139.0,0.7,230.78,0.71,952.0,0.72,834.0,0.690
1790800815,btc-updown-5m-1790800500,0x29992f615b3847f9feaaf5f14fc6830cf3a06931e61303ad2240cd0339e5cf0b,Up,0.999,207448.68,0.991,5050.0,0.99,233803.98,,,,,,,0.990
1790800815,btc-updown-5m-1790800500,0x29992f615b3847f9feaaf5f14fc6830cf3a06931e61303ad2240cd0339e5cf0b,Down,,,,,,,0.001,207448.68,0.009,5050.0,0.01,233803.98,0.990
1790800815,btc-updown-5m-1790800800,0xe0c94fcc4759106a59335d966c0ca3a282025edfc8b0ecf2ba6032bbda1f7747,Up,0.62,466.89,0.61,1580.81,0.6,463.8,0.63,334.65,0.64,308.56,0.65,355.0,0.370
1790800815,btc-updown-5m-1790800800,0xe0c94fcc4759106a59335d966c0ca3a282025edfc8b0ecf2ba6032bbda1f7747,Down,0.37,344.65,0.36,308.56,0.35,335.0,0.38,461.89,0.39,1465.81,0.4,463.8,0.370
1790800837,btc-updown-15m-1790800200,0x7f4a7c730a344d65668190c2f70b986be92d75c7cab4f1363de3b73cc04d80f0,Up,0.29,298.16,0.28,309.57,0.27,1390.0,0.3,87.0,0.31,399.56,0.32,276.81,0.690
1790800837,btc-updown-15m-1790800200,0x7f4a7c730a344d65668190c2f70b986be92d75c7cab4f1363de3b73cc04d80f0,Down,0.7,27.0,0.69,427.56,0.68,369.81,0.71,328.16,0.72,309.57,0.73,1360.0,0.690
1790800837,btc-updown-5m-1790800800,0xe0c94fcc4759106a59335d966c0ca3a282025edfc8b0ecf2ba6032bbda1f7747,Up,0.62,1656.9,0.61,467.0,0.6,423.8,0.63,40.2,0.64,187.0,0.65,458.82,0.370
1790800837,btc-updown-5m-1790800800,0xe0c94fcc4759106a59335d966c0ca3a282025edfc8b0ecf2ba6032bbda1f7747,Down,0.37,10.2,0.36,182.0,0.35,393.82,0.38,1663.9,0.39,673.0,0.4,448.8,0.370
1790800852,btc-updown-15m-1790800200,0x7f4a7c730a344d65668190c2f70b986be92d75c7cab4f1363de3b73cc04d80f0,Up,0.33,366.27,0.32,222.0,0.31,279.0,0.34,35.0,0.35,65.0,0.36,128.0,0.330
1790800852,btc-updown-15m-1790800200,0x7f4a7c730a344d65668190c2f70b986be92d75c7cab4f1363de3b73cc04d80f0,Down,0.66,35.0,0.65,55.0,0.64,120.0,0.67,366.27,0.68,212.0,0.69,179.0,0.330
1790800852,btc-updown-5m-1790800800,0xe0c94fcc4759106a59335d966c0ca3a282025edfc8b0ecf2ba6032bbda1f7747,Up,0.7,124.0,0.69,295.99,0.68,388.89,0.71,953.03,0.72,1653.08,0.73,2227.0,0.700
1790799431,btc-updown-15m-1790799300,0x24e6a6cafef3151384857e5f28737ed7e718b44578080e8b8b477b93374a847e,Up,0.38,53.38,0.37,291.0,0.36,210.0,0.39,320.77,0.4,385.0,0.41,4971.0,0.620
1790799431,btc-updown-15m-1790799300,0x24e6a6cafef3151384857e5f28737ed7e718b44578080e8b8b477b93374a847e,Down,0.61,325.77,0.6,385.0,0.59,5020.0,0.62,53.38,0.63,281.0,0.64,218.0,0.620
1790799438,btc-updown-5m-1790799300,0xa8e5877650e1f128d8b21a8151422af5b0db93696618c3b2fdd8d544afca6914,Up,0.18,409.0,0.17,690.37,0.16,499.95,0.19,802.65,0.2,1141.93,0.21,393.02,0.180
1790799438,btc-updown-5m-1790799300,0xa8e5877650e1f128d8b21a8151422af5b0db93696618c3b2fdd8d544afca6914,Down,0.81,919.61,0.8,1156.93,0.79,373.02,0.82,364.0,0.83,626.0,0.84,539.95,0.180
1790799438,btc-updown-15m-1790799300,0x24e6a6cafef3151384857e5f28737ed7e718b44578080e8b8b477b93374a847e,Up,0.37,165.0,0.36,263.0,0.35,1173.41,0.38,214.82,0.39,245.01,0.4,1868.11,0.630
1790799438,btc-updown-15m-1790799300,0x24e6a6cafef3151384857e5f28737ed7e718b44578080e8b8b477b93374a847e,Down,0.62,184.82,0.61,245.01,0.6,1868.11,0.63,165.0,0.64,263.0,0.65,1173.41,0.630
1790799455,btc-updown-5m-1790799300,0xa8e5877650e1f128d8b21a8151422af5b0db93696618c3b2fdd8d544afca6914,Up,0.18,4.75,0.17,10.0,0.16,570.32,0.19,1133.81,0.2,1254.97,0.21,713.67,0.180
1790799455,btc-updown-5m-1790799300,0xa8e5877650e1f128d8b21a8151422af5b0db93696618c3b2fdd8d544afca6914,Down,0.82,419.74,0.81,1023.81,0.8,1165.97,0.83,240.36,0.84,567.32,0.85,571.41,0.170
1790799455,btc-updown-15m-1790799300,0x24e6a6cafef3151384857e5f28737ed7e718b44578080e8b8b477b93374a847e,Up,0.37,430.56,0.36,292.0,0.35,719.5,0.38,65.0,0.39,158.0,0.4,158.0,0.390
1790799455,btc-updown-15m-1790799300,0x24e6a6cafef3151384857e5f28737ed7e718b44578080e8b8b477b93374a847e,Down,0.62,65.0,0.61,148.0,0.6,158.0,0.63,440.56,0.64,292.0,0.65,719.5,0.390
1790799471,btc-updown-5m-1790799300,0xa8e5877650e1f128d8b21a8151422af5b0db93696618c3b2fdd8d544afca6914,Up,0.16,801.3,0.15,1199.77,0.14,750.43,0.17,213.23,0.18,297.33,0.19,336.83,0.840
1790799471,btc-updown-5m-1790799300,0xa8e5877650e1f128d8b21a8151422af5b0db93696618c3b2fdd8d544afca6914,Down,0.83,213.23,0.82,262.33,0.81,408.83,0.84,811.3,0.85,1199.77,0.86,750.43,0.840
1790799471,btc-updown-15m-1790799300,0x24e6a6cafef3151384857e5f28737ed7e718b44578080e8b8b477b93374a847e,Up,0.38,267.13,0.37,331.0,0.36,2864.01,0.39,148.0,0.4,158.0,0.41,523.0,0.400
1790799471,btc-updown-15m-1790799300,0x24e6a6cafef3151384857e5f28737ed7e718b44578080e8b8b477b93374a847e,Down,0.61,140.0,0.6,158.0,0.59,531.0,0.62,267.13,0.63,233.0,0.64,2940.01,0.400
1790799488,btc-updown-5m-1790799300,0xa8e5877650e1f128d8b21a8151422af5b0db93696618c3b2fdd8d544afca6914,Up,0.16,232.0,0.15,264.59,0.14,224.6,0.17,820.71,0.18,979.94,0.19,519.0,0.170
1790799488,btc-updown-5m-1790799300,0xa8e5877650e1f128d8b21a8151422af5b0db93696618c3b2fdd8d544afca6914,Down,0.83,906.71,0.82,970.94,0.81,417.0,0.84,250.34,0.85,261.59,0.86,234.6,0.160
1790799488,btc-updown-15m-1790799300,0x24e6a6cafef3151384857e5f28737ed7e718b44578080e8b8b477b93374a847e,Up,0.4,228.91,0.39,243.0,0.38,1814.1,0.41,264.0,0.42,966.0,0.43,761.0,0.590
1790799488,btc-updown-15m-1790799300,0x24e6a6cafef3151384857e5f28737ed7e718b44578080e8b8b477b93374a847e,Down,0.59,274.0,0.58,956.0,0.57,761.0,0.6,241.91,0.61,263.0,0.62,1806.1,0.590
1790799494,btc-updown-5m-1790799300,0xa8e5877650e1f128d8b21a8151422af5b0db93696618c3b2fdd8d544afca6914,Up,0.13,124.76,0.12,598.54,0.11,859.6,0.14,604.46,0.15,959.76,0.16,412.08,0.140
1790799494,btc-updown-5m-1790799300,0xa8e5877650e1f128d8b21a8151422af5b0db93696618c3b2fdd8d544afca6914,Down,0.86,609.46,0.85,959.76,0.84,412.08,0.87,152.76,0.88,606.04,0.89,859.6,0.140
1790799494,btc-updown-15m-1790799300,0x24e6a6cafef3151384857e5f28737ed7e718b44578080e8b8b477b93374a847e,Up,0.4,67.26,0.39,230.0,0.38,161.0,0.41,311.61,0.42,1050.0,0.43,738.0,0.590
1790799494,btc-updown-15m-1790799300,0x24e6a6cafef3151384857e5f28737ed7e718b44578080e8b8b477b93374a847e,Down,0.59,306.61,0.58,1050.0,0.57,738.0,0.6,32.26,0.61,230.0,0.62,19:root{
1790799511,btc-updown-5m-1790799300,0xa8e5877650e1f128d8b21a8151422af5b0db93696618c3b2fdd8d544afca6914,Up,0.06,655.68,0.05,1078.2,0.04,2518.24,0.07,227.4,0.08,417.53,0.09,447.99,0.060
1790799511,btc-updown-5m-1790799300,0xa8e5877650e1f128d8b21a8151422af5b0db93696618c3b2fdd8d544afca6914,Down,0.93,227.4,0.92,482.53,0.91,447.99,0.94,616.68,0.95,803.2,0.96,2611.24,0.060
1790799511,btc-updown-15m-1790799300,0x24e6a6cafef3151384857e5f28737ed7e718b44578080e8b8b477b93374a847e,Up,0.37,60.0,0.36,273.91,0.35,658.0,0.38,373.03,0.39,334.0,0.4,175.0,0.600
1790799511,btc-updown-15m-1790799300,0x24e6a6cafef3151384857e5f28737ed7e718b44578080e8b8b477b93374a847e,Down,0.62,378.03,0.61,334.0,0.6,295.0,0.63,130.0,0.64,273.91,0.65,658.0,0.600
1790799528,btc-updown-5m-1790799300,0xa8e5877650e1f128d8b21a8151422af5b0db93696618c3b2fdd8d544afca6914,Up,0.02,46.94,0.01,3243.12,,,0.03,1253.57,0.04,874.51,0.05,835.31,0.970
1790799528,btc-updown-5m-1790799300,0xa8e5877650e1f128d8b21a8151422af5b0db93696618c3b2fdd8d544afca6914,Down,0.97,1318.23,0.96,874.51,0.95,835.31,0.98,216.94,0.99,3238.12,,,0.970
1790799528,btc-updown-15m-1790799300,0x24e6a6cafef3151384857e5f28737ed7e718b44578080e8b8b477b93374a847e,Up,0.33,299.21,0.32,637.0,0.31,2996.1,0.34,66.17,0.35,88.0,0.36,258.0,0.660
1790799528,btc-updown-15m-1790799300,0x24e6a6cafef3151384857e5f28737ed7e718b44578080e8b8b477b93374a847e,Down,0.66,66.17,0.65,88.0,0.64,281.0,0.67,299.21,0.68,637.0,0.69,2996.1,0.660
1790799534,btc-updown-5m-1790799300,0xa8e5877650e1f128d8b21a8151422af5b0db93696618c3b2fdd8d544afca6914,Up,0.02,535.48,0.01,3218.83,,,0.03,397.86,0.04,793.2,0.05,586.42,0.020
1790799534,btc-updown-5m-1790799300,0xa8e5877650e1f128d8b21a8151422af5b0db93696618c3b2fdd8d544afca6914,Down,0.97,397.86,0.96,773.2,0.95,566.42,0.98,422.79,0.99,2956.23,,,0.020
1790799534,btc-updown-15m-1790799300,0x24e6a6cafef3151384857e5f28737ed7e718b44578080e8b8b477b93374a847e,Up,0.37,133.25,0.36,188.59,0.35,188.0,0.38,285.02,0.39,258.0,0.4,1015.0,0.370
1790799534,btc-updown-15m-1790799300,0x24e6a6cafef3151384857e5f28737ed7e718b44578080e8b8b477b93374a847e,Down,0.62,285.02,0.61,258.0,0.6,1015.0,0.63,143.25,0.64,168.59,0.65,188.0,0.370
1790799541,btc-updown-5m-1790799300,0xa8e5877650e1f128d8b21a8151422af5b0db93696618c3b2fdd8d544afca6914,Up,0.01,4022.59,,,,,0.02,91.0,0.03,74.02,0.04,756.86,0.010
1790799541,btc-updown-5m-1790799300,0xa8e5877650e1f128d8b21a8151422af5b0db93696618c3b2fdd8d544afca6914,Down,0.98,5.0,0.97,45.0,0.96,758.42,0.99,4047.59,,,,,0.980
1790799541,btc-updown-15m-1790799300,0x24e6a6cafef3151384857e5f28737ed7e718b44578080e8b8b477b93374a847e,Up,0.39,949.63,0.38,1349.67,0.37,258.0,0.4,5.0,0.41,5.0,0.43,28.0,0.390
1790799541,btc-updown-15m-1790799300,0x24e6a6cafef3151384857e5f28737ed7e718b44578080e8b8b477b93374a847e,Down,0.57,48.46,0.56,75.0,0.55,71.0,0.58,12.05,0.59,95.0,0.6,194.0,0.590
1790799558,btc-updown-5m-1790799300,0xa8e5877650e1f128d8b21a8151422af5b0db93696618c3b2fdd8d544afca6914,Up,0.03,26.89,0.02,99.0,0.01,2211.59,0.04,565.79,0.05,2130.0,0.06,389.19,0.030
1790799558,btc-updown-5m-1790799300,0xa8e5877650e1f128d8b21a8151422af5b0db93696618c3b2fdd8d544afca6914,Down,0.97,145.0,0.96,386.79,0.95,1917.0,0.98,219.0,0.99,2196.59,,,0.030
1790799558,btc-updown-15m-1790799300,0x24e6a6cafef3151384857e5f28737ed7e718b44578080e8b8b477b93374a847e,Up,0.44,167.0,0.43,444.53,0.42,205.0,0.45,185.47,0.46,218.0,0.47,244.0,0.550
1790799558,btc-updown-15m-1790799300,0x24e6a6cafef3151384857e5f28737ed7e718b44578080e8b8b477b93374a847e,Down,0.55,177.47,0.54,218.0,0.53,252.0,0.56,167.0,0.57,444.53,0.58,205.0,0.550
1790799564,btc-updown-5m-1790799300,0xa8e5877650e1f128d8b21a8151422af5b0db93696618c3b2fdd8d544afca6914,Up,0.01,1248.26,,,,,0.02,1126.16,0.03,757.0,0.04,561.0,0.010
1790799564,btc-updown-5m-1790799300,0xa8e5877650e1f128d8b21a8151422af5b0db93696618c3b2fdd8d544afca6914,Down,0.98,946.16,0.97,757.0,0.96,561.0,0.99,1278.15,,,,,0.010
1790800868,btc-updown-15m-1790800200,0x7f4a7c730a344d65668190c2f70b986be92d75c7cab4f1363de3b73cc04d80f0,Up,0.27,75.72,0.26,1550.0,0.25,1817.18,0.28,251.73,0.29,213.0,0.3,215.45,0.280
1790800868,btc-updown-15m-1790800200,0x7f4a7c730a344d65668190c2f70b986be92d75c7cab4f1363de3b73cc04d80f0,Down,0.72,251.73,0.71,213.0,0.7,215.45,0.73,75.72,0.74,1560.0,0.75,1817.18,0.280
1790800868,btc-updown-5m-1790800800,0xe0c94fcc4759106a59335d966c0ca3a282025edfc8b0ecf2ba6032bbda1f7747,Up,0.64,345.22,0.63,494.89,0.62,322.89,0.65,285.61,0.66,444.99,0.67,355.0,0.640
1790800868,btc-updown-5m-1790800800,0xe0c94fcc4759106a59335d966c0ca3a282025edfc8b0ecf2ba6032bbda1f7747,Down,0.35,280.61,0.34,449.99,0.33,360.0,0.36,355.22,0.37,519.89,0.38,327.89,0.640
1790800885,btc-updown-15m-1790800200,0x7f4a7c730a344d65668190c2f70b986be92d75c7cab4f1363de3b73cc04d80f0,Up,0.18,256.0,0.17,708.89,0.16,2426.43,0.19,203.5,0.2,194.0,0.21,1033.77,0.820
1790800885,btc-updown-15m-1790800200,0x7f4a7c730a344d65668190c2f70b986be92d75c7cab4f1363de3b73cc04d80f0,Down,0.81,203.5,0.8,194.0,0.79,1033.77,0.82,282.08,0.83,708.89,0.84,2426.43,0.820
1790800885,btc-updown-5m-1790800800,0xe0c94fcc4759106a59335d966c0ca3a282025edfc8b0ecf2ba6032bbda1f7747,Up,0.52,2178.93,0.51,625.62,0.5,466.0,0.53,5.0,0.54,5.0,0.55,52.0,0.470
1790800885,btc-updown-5m-1790800800,0xe0c94fcc4759106a59335d966c0ca3a282025edfc8b0ecf2ba6032bbda1f7747,Down,0.43,20.0,0.42,5.0,0.41,5.0,0.46,100.0,0.47,738.57,0.48,2683.45,0.470
1790800900,btc-updown-15m-1790800200,0x7f4a7c730a344d65668190c2f70b986be92d75c7cab4f1363de3b73cc04d80f0,Up,0.27,35.0,0.26,83.0,0.25,698.0,0.28,823.52,0.29,11095.23,0.3,5253.0,0.280
1790800900,btc-updown-15m-1790800200,0x7f4a7c730a344d65668190c2f70b986be92d75c7cab4f1363de3b73cc04d80f0,Down,0.72,863.52,0.71,8874.23,0.7,5223.0,0.73,35.0,0.74,83.0,0.75,698.0,0.280
1790800900,btc-updown-5m-1790800800,0xe0c94fcc4759106a59335d966c0ca3a282025edfc8b0ecf2ba6032bbda1f7747,Up,0.69,74.0,0.68,129.99,0.67,210.0,0.7,1801.23,0.71,1443.64,0.72,1645.98,0.690
1790800900,btc-updown-5m-1790800800,0xe0c94fcc4759106a59335d966c0ca3a282025edfc8b0ecf2ba6032bbda1f7747,Down,0.3,1841.23,0.29,1443.64,0.28,1645.98,0.31,98.0,0.32,129.99,0.33,210.0,0.690
1790800917,btc-updown-15m-1790800200,0x7f4a7c730a344d65668190c2f70b986be92d75c7cab4f1363de3b73cc04d80f0,Up,0.25,93.0,0.24,1388.0,0.23,1099.0,0.26,584.41,0.27,1332.0,0.28,3950.0,0.740
1790800917,btc-updown-15m-1790800200,0x7f4a7c730a344d65668190c2f70b986be92d75c7cab4f1363de3b73cc04d80f0,Down,0.74,591.41,0.73,1342.0,0.72,3404.0,0.75,243.0,0.76,1378.0,0.77,1019.0,0.740
1790800917,btc-updown-5m-1790800800,0xe0c94fcc4759106a59335d966c0ca3a282025edfc8b0ecf2ba6032bbda1f7747,Up,0.71,708.0,0.7,581.0,0.69,452.0,0.72,289.66,0.73,532.1,0.74,791.07,0.290
1790800917,btc-updown-5m-1790800800,0xe0c94fcc4759106a59335d966c0ca3a282025edfc8b0ecf2ba6032bbda1f7747,Down,0.28,294.66,0.27,537.1,0.26,791.07,0.29,703.0,0.3,581.0,0.31,467.0,0.290
1790800933,btc-updown-15m-1790800200,0x7f4a7c730a344d65668190c2f70b986be92d75c7cab4f1363de3b73cc04d80f0,Up,0.14,38.92,0.13,218.0,0.12,2760.0,0.15,325.73,0.16,170.0,0.17,10661.45,0.140
1790800933,btc-updown-15m-1790800200,0x7f4a7c730a344d65668190c2f70b986be92d75c7cab4f1363de3b73cc04d80f0,Down,0.85,305.73,0.84,170.0,0.83,11028.45,0.86,30.92,0.87,218.0,0.88,2768.0,0.140
1790800933,btc-updown-5m-1790800800,0xe0c94fcc4759106a59335d966c0ca3a282025edfc8b0ecf2ba6032bbda1f7747,Up,0.55,538.29,0.54,596.0,0.53,1956.0,0.56,118.85,0.57,510.01,0.58,263.0,0.450
1790800933,btc-updown-5m-1790800800,0xe0c94fcc4759106a59335d966c0ca3a282025edfc8b0ecf2ba6032bbda1f7747,Down,0.44,113.85,0.43,510.01,0.42,263.0,0.45,638.29,0.46,596.0,0.47,1981.0,0.450
1790800939,btc-updown-15m-1790800200,0x7f4a7c730a344d65668190c2f70b986be92d75c7cab4f1363de3b73cc04d80f0,Up,0.14,142.99,0.13,100.0,0.12,1268.34,0.15,380.52,0.16,4149.0,0.17,81.45,0.850
1790799711,btc-updown-15m-1790799300,0x24e6a6cafef3151384857e5f28737ed7e718b44578080e8b8b477b93374a847e,Up,0.7,10.0,0.69,73.83,0.68,303.99,0.71,893.57,0.72,2913.85,0.73,5769.0,0.700
1790799711,btc-updown-15m-1790799300,0x24e6a6cafef3151384857e5f28737ed7e718b44578080e8b8b477b93374a847e,Down,0.29,893.57,0.28,2831.85,0.27,5840.0,0.3,10.0,0.31,73.83,0.32,303.99,0.700
1790799711,btc-updown-5m-1790799600,0x5f90d9647ec13481fb0776f1ec4e64c482eeab8277f85dd27b38d12e5fbcba24,Up,0.91,109.48,0.9,423.05,0.89,510.94,0.92,569.72,0.93,2439.9,0.94,678.68,0.910
1790799711,btc-updown-5m-1790799600,0x5f90d9647ec13481fb0776f1ec4e64c482eeab8277f85dd27b38d12e5fbcba24,Down,0.08,564.28,0.07,2439.9,0.06,678.68,0.09,109.48,0.1,428.05,0.11,515.94,0.080
1790799723,btc-updown-15m-1790799300,0x24e6a6cafef3151384857e5f28737ed7e718b44578080e8b8b477b93374a847e,Up,0.75,163.0,0.74,113.0,0.73,107.0,0.76,1585.57,0.77,1053.0,0.78,13517.09,0.240
1790799723,btc-updown-15m-1790799300,0x24e6a6cafef3151384857e5f28737ed7e718b44578080e8b8b477b93374a847e,Down,0.24,1665.23,0.23,1061.0,0.22,1643.09,0.25,145.0,0.26,123.0,0.27,107.0,0.240
1790799723,btc-updown-5m-1790799600,0x5f90d9647ec13481fb0776f1ec4e64c482eeab8277f85dd27b38d12e5fbcba24,Up,0.95,629.93,0.94,484.53,0.93,569.55,0.96,699.08,0.97,1266.77,0.98,2799.15,0.040
1790799723,btc-updown-5m-1790799600,0x5f90d9647ec13481fb0776f1ec4e64c482eeab8277f85dd27b38d12e5fbcba24,Down,0.04,679.08,0.03,1266.77,0.02,2799.15,0.05,669.93,0.06,484.53,0.07,569.55,0.040
1790799736,btc-updown-15m-1790799300,0x24e6a6cafef3151384857e5f28737ed7e718b44578080e8b8b477b93374a847e,Up,0.73,368.31,0.72,308.0,0.71,90.0,0.74,100.63,0.75,1968.0,0.76,1046.0,0.270
1790799736,btc-updown-15m-1790799300,0x24e6a6cafef3151384857e5f28737ed7e718b44578080e8b8b477b93374a847e,Down,0.26,100.63,0.25,1968.0,0.24,1046.0,0.27,368.31,0.28,308.0,0.29,90.0,0.270
1790799736,btc-updown-5m-1790799600,0x5f90d9647ec13481fb0776f1ec4e64c482eeab8277f85dd27b38d12e5fbcba24,Up,0.94,636.25,0.93,802.99,0.92,653.99,0.95,25.0,0.96,540.5,0.97,1370.56,0.050
1790799736,btc-updown-5m-1790799600,0x5f90d9647ec13481fb0776f1ec4e64c482eeab8277f85dd27b38d12e5fbcba24,Down,0.05,25.0,0.04,567.5,0.03,1395.56,0.06,533.75,0.07,734.99,0.08,598.99,0.050
1790799750,btc-updown-15m-1790799300,0x24e6a6cafef3151384857e5f28737ed7e718b44578080e8b8b477b93374a847e,Up,0.8,293.02,0.79,218.0,0.78,184.0,0.81,166.0,0.82,1711.63,0.83,1280.0,0.810
1790799750,btc-updown-15m-1790799300,0x24e6a6cafef3151384857e5f28737ed7e718b44578080e8b8b477b93374a847e,Down,0.19,151.0,0.18,1711.63,0.17,1280.0,0.2,293.02,0.21,218.0,0.22,184.0,0.810
1790799750,btc-updown-5m-1790799600,0x5f90d9647ec13481fb0776f1ec4e64c482eeab8277f85dd27b38d12e5fbcba24,Up,0.97,1637.84,0.96,832.99,0.95,1067.97,0.98,471.36,0.99,2902.72,,,0.980
1790799750,btc-updown-5m-1790799600,0x5f90d9647ec13481fb0776f1ec4e64c482eeab8277f85dd27b38d12e5fbcba24,Down,0.02,407.52,0.01,2887.72,,,0.03,1590.57,0.04,892.99,0.05,2065.97,0.980
1790799766,btc-updown-15m-1790799300,0x24e6a6cafef3151384857e5f28737ed7e718b44578080e8b8b477b93374a847e,Up,0.79,454.83,0.78,896.06,0.77,214.0,0.8,10.01,0.81,68.27,0.82,388.62,0.210
1790799766,btc-updown-15m-1790799300,0x24e6a6cafef3151384857e5f28737ed7e718b44578080e8b8b477b93374a847e,Down,0.2,10.01,0.19,68.27,0.18,408.62,0.21,454.83,0.22,896.06,0.23,214.0,0.210
1790799766,btc-updown-5m-1790799600,0x5f90d9647ec13481fb0776f1ec4e64c482eeab8277f85dd27b38d12e5fbcba24,Up,0.98,609.88,0.97,916.21,0.96,667.69,0.99,2572.0,,,,,0.010
1790799766,btc-updown-5m-1790799600,0x5f90d9647ec13481fb0776f1ec4e64c482eeab8277f85dd27b38d12e5fbcba24,Down,0.01,2572.0,,,,,0.02,609.88,0.03,876.21,0.04,667.69,0.010
1790799783,btc-updown-15m-1790799300,0x24e6a6cafef3151384857e5f28737ed7e718b44578080e8b8b477b93374a847e,Up,0.87,384.48,0.86,558.0,0.85,1951.1,0.88,150.95,0.89,290.17,0.9,2527.01,0.120
1790799783,btc-updown-5m-1790799600,0x5f90d9647ec13481fb0776f1ec4e64c482eeab8277f85dd27b38d12e5fbcba24,Up,0.99,11432.86,0.98,1424.68,0.97,892.25,,,,,,,0.010
1790799783,btc-updown-5m-1790799600,0x5f90d9647ec13481fb0776f1ec4e64c482eeab8277f85dd27b38d12e5fbcba24,Down,,,,,,,0.01,11465.57,0.02,1424.68,0.03,892.25,0.990
1790799799,btc-updown-15m-1790799300,0x24e6a6cafef3151384857e5f28737ed7e718b44578080e8b8b477b93374a847e,Up,0.86,249.82,0.85,823.0,0.84,420.1,0.87,215.07,0.88,207.29,0.89,837.1,0.140
1790799799,btc-updown-15m-1790799300,0x24e6a6cafef3151384857e5f28737ed7e718b44578080e8b8b477b93374a847e,Down,0.13,215.07,0.12,207.29,0.11,837.1,0.14,249.82,0.15,823.0,0.16,420.1,0.140
1790799799,btc-updown-5m-1790799600,0x5f90d9647ec13481fb0776f1ec4e64c482eeab8277f85dd27b38d12e5fbcba24,Up,0.99,14891.4,0.98,958.68,0.97,1024.29,,,,,,,0.990
1790799799,btc-updown-5m-1790799600,0x5f90d9647ec13481fb0776f1ec4e64c482eeab8277f85dd27b38d12e5fbcba24,Down,,,,,,,0.01,14891.4,0.02,958.68,0.03,1024.29,0.990
1790799814,btc-updown-15m-1790799300,0x24e6a6cafef3151384857e5f28737ed7e718b44578080e8b8b477b93374a847e,Up,0.89,2036.9,0.88,5410.0,0.87,9890.0,0.9,103.0,0.91,749.12,0.92,2594.01,0.120
1790799814,btc-updown-15m-1790799300,0x24e6a6cafef3151384857e5f28737ed7e718b44578080e8b8b477b93374a847e,Down,0.1,103.0,0.09,749.12,0.08,2594.01,0.11,2036.9,0.12,5410.0,0.13,9895.0,0.120
1790799814,btc-updown-5m-1790799600,0x5f90d9647ec13481fb0776f1ec4e64c482eeab8277f85dd27b38d12e5fbcba24,Up,0.99,17908.33,0.98,1275.27,0.97,908.29,,,,,,,0.990
1790799814,btc-updown-5m-1790799600,0x5f90d9647ec13481fb0776f1ec4e64c482eeab8277f85dd27b38d12e5fbcba24,Down,,,,,,,0.01,17908.33,0.02,1275.27,0.03,908.29,0.990
1790799825,btc-updown-15m-1790799300,0x24e6a6cafef3151384857e5f28737ed7e718b44578080e8b8b477b93374a847e,Up,0.9,2102.92,0.89,902.97,0.88,554.0,0.91,56.48,0.92,1189.01,0.93,768.29,0.090
1790799825,btc-updown-15m-1790799300,0x24e6a6cafef3151384857e5f28737ed7e718b44578080e8b8b477b93374a847e,Down,0.09,56.48,0.08,1189.01,0.07,768.29,0.1,2102.92,0.11,902.97,0.12,554.0,0.090
1790799825,btc-updown-5m-1790799600,0x5f90d9647ec13481fb0776f1ec4e64c482eeab8277f85dd27b38d12e5fbcba24,Up,0.99,22074.19,0.98,1290.27,0.97,928.29,,,,,,,0.990
1790799825,btc-updown-5m-1790799600,0x5f90d9647ec13481fb0776f1ec4e64c482eeab8277f85dd27b38d12e5fbcba24,Down,,,,,,,0.01,21999.19,0.02,1290.27,0.03,928.29,0.990
1790799831,btc-updown-15m-1790799300,0x24e6a6cafef3151384857e5f28737ed7e718b44578080e8b8b477b93374a847e,Up,0.91,341.93,0.9,885.0,0.89,560.0,0.92,644.5,0.93,810.29,0.94,2323.67,0.090
1790799831,btc-updown-15m-1790799300,0x24e6a6cafef3151384857e5f28737ed7e718b44578080e8b8b477b93374a847e,Down,0.08,644.5,0.07,810.29,0.06,2323.67,0.09,278.1,0.1,885.0,0.11,560.0,0.090
1790799831,btc-updown-5m-1790799600,0x5f90d9647ec13481fb0776f1ec4e64c482eeab8277f85dd27b38d12e5fbcba24,Up,0.99,23651.38,0.98,1280.27,0.97,918.29,,,,,,,0.990
1790799831,btc-updown-5m-1790799600,0x5f90d9647ec13481fb0776f1ec4e64c482eeab8277f85dd27b38d12e5fbcba24,Down,,,,,,,0.01,23651.38,0.02,1280.27,0.03,918.29,0.990
1790799842,btc-updown-15m-1790799300,0x24e6a6cafef3151384857e5f28737ed7e718b44578080e8b8b477b93374a847e,Up,0.92,1740.7,0.91,772.42,0.9,7503.0,0.93,248.65,0.94,1680.0,0.95,2318.0,0.070
1790799842,btc-updown-15m-1790799300,0x24e6a6cafef3151384857e5f28737ed7e718b44578080e8b8b477b93374a847e,Down,0.07,162.65,0.06,1688.0,0.05,2336.0,0.08,1748.7,0.09,772.42,0.1,1243.0,0.070
1790799842,btc-updown-5m-1790799600,0x5f90d9647ec13481fb0776f1ec4e64c482eeab8277f85dd27b38d12e5fbcba24,Up,0.99,37244.16,0.98,829.59,0.97,691.0,,,,,,,0.990
1790799842,btc-updown-5m-1790799600,0x5f90d9647ec13481fb0776f1ec4e64c482eeab8277f85dd27b38d12e5fbcba24,Down,,,,,,,0.01,37244.16,0.02,889.59,0.03,732.92,0.990
1790799854,btc-updown-15m-1790799300,0x24e6a6cafef3151384857e5f28737ed7e718b44578080e8b8b477b93374a847e,Up,0.93,2132.46,0.92,9784.0,0.91,6599.0,0.94,77.94,0.95,280.4,0.96,1185.0,0.060
1790846956,0xc7ddaf7e09224247ea82a079bdd0e1474a02de16,1790846745,btc-0xa52c7a1014036de7c3209585f829b3303f63fcd427ca0618a7be295296c24466,Down,,,,,,,0.01,4111.31,0.02,476.06,0.03,300.0,0.990
1790849696,btc-updown-15m-1790848800,0xbf68313c091008adf374bcaf70bd119a20cbb2de3530cb14adce426f92cb4cac,Up,,,,,,,0.001,13845.09,0.002,20.0,0.004,5.0,0.999
1790849696,btc-updown-15m-1790848800,0xbf68313c091008adf374bcaf70bd119a20cbb2de3530cb14adce426f92cb4cac,Down,0.999,13785.09,0.996,5.0,0.991,2202.36,,,,,,,0.999
1790849696,btc-updown-5m-1790849400,0xa52c7a1014036de7c3209585f829b3303f63fcd427ca0618a7be295296c24466,Up,0.99,72812.09,0.98,1133.06,0.97,320.0,,,,,,,0.990
1790849696,btc-updown-5m-1790849400,0xa52c7a1014036de7c3209585f829b3303f63fcd427ca0618a7be295296c24466,Down,,,,,,,0.01,72812.09,0.02,1133.06,0.03,320.0,0.990
1790849702,btc-updown-15m-1790848800,0xbf68313c091008adf374bcaf70bd119a20cbb2de3530cb14adce426f92cb4cac,Up,,,,,,,0.001,128989.64,0.009,2197.36,0.01,38879.46,0.999
1790849702,btc-updown-15m-1790848800,0xbf68313c091008adf374bcaf70bd119a20cbb2de3530cb14adce426f92cb4cac,Down,0.999,128989.64,0.991,2197.36,0.99,38879.46,,,,,,,0.999
1790849702,btc-updown-5m-1790849400,0xa52c7a1014036de7c3209585f829b3303f63fcd427ca0618a7be295296c24466,Up,0.99,252958.75,0.98,304.96,0.97,105.0,,,,,,,0.990
1790849702,btc-updown-5m-1790849400,0xa52c7a1014036de7c3209585f829b3303f63fcd427ca0618a7be295296c24466,Down,,,,,,,0.01,252958.75,0.02,304.96,0.03,105.0,0.990
1790849702,btc-updown-5m-1790849700,0xe28c2eaf5f6037eece5d3b9734153b3ef26ecd72c302ae6dcc2382be7829738e,Up,0.49,5.8,0.48,116.0,0.47,226.0,0.5,641.0,0.51,465.0,0.52,218.0,0.490
1790849702,btc-updown-5m-1790849700,0xe28c2eaf5f6037eece5d3b9734153b3ef26ecd72c302ae6dcc2382be7829738e,Down,0.5,611.0,0.49,425.0,0.48,258.0,0.51,45.8,0.52,186.0,0.53,196.0,0.490
1790849702,btc-updown-15m-1790849700,0x029e463b66534c9070797c89b9056c93a94b52cb1b445d86a0b6f95f45d404a8,Up,0.5,51.0,0.49,148.0,0.48,83.0,0.51,148.03,0.52,95.0,0.53,131.0,0.490
1790849702,btc-updown-15m-1790849700,0x029e463b66534c9070797c89b9056c93a94b52cb1b445d86a0b6f95f45d404a8,Down,0.49,148.03,0.48,95.0,0.47,131.0,0.5,161.0,0.51,148.0,0.52,113.0,0.490
1790849709,btc-updown-15m-1790848800,0xbf68313c091008adf374bcaf70bd119a20cbb2de3530cb14adce426f92cb4cac,Up,,,,,,,0.001,128979.64,0.009,2197.36,0.01,38884.46,0.999
1790849709,btc-updown-15m-1790848800,0xbf68313c091008adf374bcaf70bd119a20cbb2de3530cb14adce426f92cb4cac,Down,0.999,128979.64,0.991,2197.36,0.99,38884.46,,,,,,,0.999
1790849709,btc-updown-5m-1790849400,0xa52c7a1014036de7c3209585f829b3303f63fcd427ca0618a7be295296c24466,Up,0.99,252951.47,0.98,304.96,0.97,111.0,,,,,,,0.990
1790849709,btc-updown-5m-1790849400,0xa52c7a1014036de7c3209585f829b3303f63fcd427ca0618a7be295296c24466,Down,,,,,,,0.01,252651.47,0.02,304.96,0.03,111.0,0.990
1790849709,btc-updown-5m-1790849700,0xe28c2eaf5f6037eece5d3b9734153b3ef26ecd72c302ae6dcc2382be7829738e,Up,0.36,353.0,0.35,469.0,0.34,636.0,0.37,293.48,0.38,558.0,0.39,845.0,0.630
1790849709,btc-updown-5m-1790849700,0xe28c2eaf5f6037eece5d3b9734153b3ef26ecd72c302ae6dcc2382be7829738e,Down,0.63,322.63,0.62,593.0,0.61,885.0,0.64,233.0,0.65,434.0,0.66,636.0,0.630
1790849709,btc-updown-15m-1790849700,0x029e463b66534c9070797c89b9056c93a94b52cb1b445d86a0b6f95f45d404a8,Up,0.41,380.35,0.4,843.0,0.39,981.0,0.42,75.37,0.43,95.0,0.44,15.0,0.410
1790849709,btc-updown-15m-1790849700,0x029e463b66534c9070797c89b9056c93a94b52cb1b445d86a0b6f95f45d404a8,Down,0.58,75.37,0.57,95.0,0.56,15.0,0.59,370.35,0.6,843.0,0.61,981.0,0.410
1790849727,btc-updown-15m-1790848800,0xbf68313c091008adf374bcaf70bd119a20cbb2de3530cb14adce426f92cb4cac,Up,,,,,,,0.001,131890.67,0.009,2197.36,0.01,38884.46,0.999
1790849727,btc-updown-15m-1790848800,0xbf68313c091008adf374bcaf70bd119a20cbb2de3530cb14adce426f92cb4cac,Down,0.999,131890.67,0.991,2197.36,0.99,38884.46,,,,,,,0.999
1790849727,btc-updown-5m-1790849400,0xa52c7a1014036de7c3209585f829b3303f63fcd427ca0618a7be295296c24466,Up,0.99,252626.45,0.98,304.96,0.97,111.0,,,,,,,0.990
1790849727,btc-updown-5m-1790849400,0xa52c7a1014036de7c3209585f829b3303f63fcd427ca0618a7be295296c24466,Down,,,,,,,0.01,252616.44,0.02,304.96,0.03,111.0,0.990
1790849727,btc-updown-5m-1790849700,0xe28c2eaf5f6037eece5d3b9734153b3ef26ecd72c302ae6dcc2382be7829738e,Up,0.24,774.97,0.23,516.78,0.22,334.0,0.25,10.0,0.26,124.0,0.27,330.0,0.240
1790849727,btc-updown-5m-1790849700,0xe28c2eaf5f6037eece5d3b9734153b3ef26ecd72c302ae6dcc2382be7829738e,Down,0.75,104.0,0.74,110.0,0.73,290.0,0.76,521.9,0.77,536.78,0.78,408.0,0.240
1790849727,btc-updown-15m-1790849700,0x029e463b66534c9070797c89b9056c93a94b52cb1b445d86a0b6f95f45d404a8,Up,0.36,34.37,0.35,616.0,0.34,746.0,0.37,219.73,0.38,183.0,0.39,1998.0,0.630
1790849727,btc-updown-15m-1790849700,0x029e463b66534c9070797c89b9056c93a94b52cb1b445d86a0b6f95f45d404a8,Down,0.63,219.73,0.62,183.0,0.61,1998.0,0.64,34.37,0.65,606.0,0.66,746.0,0.630
1790849734,btc-updown-5m-1790849700,0xe28c2eaf5f6037eece5d3b9734153b3ef26ecd72c302ae6dcc2382be7829738e,Up,0.26,660.48,0.25,504.73,0.24,1368.0,0.27,40.0,0.28,271.0,0.29,374.0,0.740
1790849734,btc-updown-5m-1790849700,0xe28c2eaf5f6037eece5d3b9734153b3ef26ecd72c302ae6dcc2382be7829738e,Down,0.73,35.0,0.72,349.0,0.71,280.0,0.74,631.48,0.75,504.73,0.76,1363.0,0.740
1790849734,btc-updown-15m-1790849700,0x029e463b66534c9070797c89b9056c93a94b52cb1b445d86a0b6f95f45d404a8,Up,0.36,175.21,0.35,1213.0,0.34,733.0,0.37,178.18,0.38,86.0,0.39,1923.0,0.630
1790849734,btc-updown-15m-1790849700,0x029e463b66534c9070797c89b9056c93a94b52cb1b445d86a0b6f95f45d404a8,Down,0.63,178.18,0.62,86.0,0.61,1923.0,0.64,175.21,0.65,1213.0,0.66,733.0,0.630
1790849740,btc-updown-5m-1790849700,0xe28c2eaf5f6037eece5d3b9734153b3ef26ecd72c302ae6dcc2382be7829738e,Up,0.21,812.44,0.2,1593.48,0.19,587.0,0.22,53.0,0.23,84.0,0.24,428.0,0.200
1790849740,btc-updown-5m-1790849700,0xe28c2eaf5f6037eece5d3b9734153b3ef26ecd72c302ae6dcc2382be7829738e,Down,0.78,53.0,0.77,84.0,0.76,428.0,0.79,812.44,0.8,1593.48,0.81,587.0,0.200
1790849740,btc-updown-15m-1790849700,0x029e463b66534c9070797c89b9056c93a94b52cb1b445d86a0b6f95f45d404a8,Up,0.34,69.46,0.33,715.0,0.32,1075.0,0.35,1996.82,0.36,918.0,0.37,4135.0,0.340
1790849740,btc-updown-15m-1790849700,0x029e463b66534c9070797c89b9056c93a94b52cb1b445d86a0b6f95f45d404a8,Down,0.65,1996.82,0.64,918.0,0.63,4135.0,0.66,69.46,0.67,715.0,0.68,1075.0,0.340
1790849745,btc-updown-5m-1790849700,0xe28c2eaf5f6037eece5d3b9734153b3ef26ecd72c302ae6dcc2382be7829738e,Up,0.23,48.39,0.22,75.0,0.21,151.0,0.24,1664.09,0.25,543.0,0.26,493.0,0.230
1790849745,btc-updown-5m-1790849700,0xe28c2eaf5f6037eece5d3b9734153b3ef26ecd72c302ae6dcc2382be7829738e,Down,0.76,1664.09,0.75,508.0,0.74,310.0,0.77,48.39,0.78,55.0,0.79,171.0,0.230
1790849745,btc-updown-15m-1790849700,0x029e463b66534c9070797c89b9056c93a94b52cb1b445d86a0b6f95f45d404a8,Up,0.34,5.0,0.33,72.0,0.32,900.0,0.35,1893.06,0.36,474.15,0.37,5111.0,0.370
1790849745,btc-updown-15m-1790849700,0x029e463b66534c9070797c89b9056c93a94b52cb1b445d86a0b6f95f45d404a8,Down,0.65,2083.06,0.64,604.15,0.63,283.0,0.66,157.0,0.67,72.0,0.68,900.0,0.370
1790849753,btc-updown-5m-1790849700,0xe28c2eaf5f6037eece5d3b9734153b3ef26ecd72c302ae6dcc2382be7829738e,Up,0.18,417.95,0.17,279.0,0.16,201.0,0.19,627.17,0.2,513.0,0.21,722.0,0.180
1790849753,btc-updown-5m-1790849700,0xe28c2eaf5f6037eece5d3b9734153b3ef26ecd72c302ae6dcc2382be7829738e,Down,0.81,1082.17,0.8,553.0,0.79,722.0,0.82,169.95,0.83,239.0,0.84,156.0,0.180
1790849753,btc-updown-15m-1790849700,0x029e463b66534c9070797c89b9056c93a94b52cb1b445d86a0b6f95f45d404a8,Up,0.3,75.0,0.29,208.0,0.28,933.0,0.31,383.32,0.32,1640.0,0.33,585.0,0.690
1790849753,btc-updown-15m-1790849700,0x029e463b66534c9070797c89b9056c93a94b52cb1b445d86a0b6f95f45d404a8,Down,0.69,403.32,0.68,525.0,0.67,705.0,0.7,171.0,0.71,113.0,0.72,653.0,0.690
1790849759,btc-updown-5m-1790849700,0xe28c2eaf5f6037eece5d3b9734153b3ef26ecd72c302ae6dcc2382be7829738e,Up,0.15,179.48,0.14,512.0,0.13,357.85,0.16,540.15,0.17,786.0,0.18,250.18,0.150
1790849759,btc-updown-5m-1790849700,0xe28c2eaf5f6037eece5d3b9734153b3ef26ecd72c302ae6dcc2382be7829738e,Down,0.84,540.15,0.83,786.0,0.82,250.18,0.85,139.48,0.86,512.0,0.87,357.85,0.150
1790849796,btc-updown-5m-1790849700,0xe28c2eaf5f6037eece5d3b9734153b3ef26ecd72c302ae6dcc2382be7829738e,Down,0.92,544.09,0.91,757.0,0.9,759.0,0.93,282.41,0.94,742.0,0.95,880.2,0.080
1790849796,btc-updown-15m-1790849700,0x029e463b66534c9070797c89b9056c93a94b52cb1b445d86a0b6f95f45d404a8,Up,0.25,230.97,0.24,86.0,0.23,728.0,0.26,264.08,0.27,747.0,0.28,8269.0,0.260
1790849796,btc-updown-15m-1790849700,0x029e463b66534c9070797c89b9056c93a94b52cb1b445d86a0b6f95f45d404a8,Down,0.74,288.08,0.73,792.0,0.72,8446.0,0.75,155.97,0.76,177.0,0.77,728.0,0.260
1790849803,btc-updown-5m-1790849700,0xe28c2eaf5f6037eece5d3b9734153b3ef26ecd72c302ae6dcc2382be7829738e,Up,0.04,369.0,0.03,874.07,0.02,2005.75,0.05,1329.59,0.06,354.79,0.07,992.27,0.040
1790849803,btc-updown-5m-1790849700,0xe28c2eaf5f6037eece5d3b9734153b3ef26ecd72c302ae6dcc2382be7829738e,Down,0.95,1221.59,0.94,363.79,0.93,932.27,0.96,707.0,0.97,899.07,0.98,2153.44,0.950
1790849803,btc-updown-15m-1790849700,0x029e463b66534c9070797c89b9056c93a94b52cb1b445d86a0b6f95f45d404a8,Up,0.2,257.2,0.19,708.0,0.18,510.0,0.21,140.0,0.22,113.0,0.23,58.0,0.200
1790849803,btc-updown-15m-1790849700,0x029e463b66534c9070797c89b9056c93a94b52cb1b445d86a0b6f95f45d404a8,Down,0.79,35.0,0.78,102.0,0.77,132.0,0.8,287.69,0.81,852.0,0.82,515.56,0.200
1790849808,btc-updown-5m-1790849700,0xe28c2eaf5f6037eece5d3b9734153b3ef26ecd72c302ae6dcc2382be7829738e,Up,0.03,943.63,0.02,1780.75,0.01,12582.24,0.04,289.77,0.05,601.93,0.06,459.1,0.030
1790849808,btc-updown-5m-1790849700,0xe28c2eaf5f6037eece5d3b9734153b3ef26ecd72c302ae6dcc2382be7829738e,Down,0.96,299.77,0.95,601.93,0.94,459.1,0.97,940.63,0.98,1780.75,0.99,12582.24,0.030
1790849808,btc-updown-15m-1790849700,0x029e463b66534c9070797c89b9056c93a94b52cb1b445d86a0b6f95f45d404a8,Up,0.2,78.78,0.19,776.0,0.18,611.0,0.21,1933.22,0.22,841.0,0.23,5299.0,0.210
1790849808,btc-updown-15m-1790849700,0x029e463b66534c9070797c89b9056c93a94b52cb1b445d86a0b6f95f45d404a8,Down,0.79,1933.22,0.78,841.0,0.77,5304.0,0.8,78.78,0.81,776.0,0.82,611.0,0.210
1790849814,btc-updown-5m-1790849700,0xe28c2eaf5f6037eece5d3b9734153b3ef26ecd72c302ae6dcc2382be7829738e,Up,0.03,119.99,0.02,1978.75,0.01,9483.79,0.04,723.05,0.05,745.53,0.06,903.41,0.030
1790849814,btc-updown-5m-1790849700,0xe28c2eaf5f6037eece5d3b9734153b3ef26ecd72c302ae6dcc2382be7829738e,Down,0.96,723.05,0.95,745.53,0.94,903.41,0.97,109.99,0.98,1978.75,0.99,9493.79,0.030
1790849814,btc-updown-15m-1790849700,0x029e463b66534c9070797c89b9056c93a94b52cb1b445d86a0b6f95f45d404a8,Up,0.19,65.09,0.18,835.5,0.17,658.0,0.2,1843.84,0.21,921.41,0.22,6484.0,0.190
1790849814,btc-updown-15m-1790849700,0x029e463b66534c9070797c89b9056c93a94b52cb1b445d86a0b6f95f45d404a8,Down,0.8,1843.84,0.79,921.41,0.78,6484.0,0.81,65.09,0.82,835.5,0.83,658.0,0.190
1790849820,btc-updown-5m-1790849700,0xe28c2eaf5f6037eece5d3b9734153b3ef26ecd72c302ae6dcc2382be7829738e,Up,0.02,604.71,0.01,7906.53,,,0.03,1651.3,0.04,877.3,0.05,585.53,0.020
1790849820,btc-updown-5m-1790849700,0xe28c2eaf5f6037eece5d3b9734153b3ef26ecd72c302ae6dcc2382be7829738e,Down,0.97,1651.3,0.96,877.3,0.95,585.53,0.98,604.71,0.99,7906.53,,,0.020
1790849820,btc-updown-15m-1790849700,0x029e463b66534c9070797c89b9056c93a94b52cb1b445d86a0b6f95f45d404a8,Up,0.19,5.0,0.18,107.0,0.17,10.0,0.2,1636.13,0.21,1259.41,0.22,6854.0,0.800
1790849820,btc-updown-15m-1790849700,0x029e463b66534c9070797c89b9056c93a94b52cb1b445d86a0b6f95f45d404a8,Down,0.8,1636.13,0.79,1259.41,0.78,6854.0,0.81,5.0,0.82,107.0,0.83,10.0,0.800
1790849827,btc-updown-5m-1790849700,0xe28c2eaf5f6037eece5d3b9734153b3ef26ecd72c302ae6dcc2382be7829738e,Up,0.01,8233.23,,,,,0.02,485.88,0.03,881.63,0.04,714.0,0.010
1790849827,btc-updown-5m-1790849700,0xe28c2eaf5f6037eece5d3b9734153b3ef26ecd72c302ae6dcc2382be7829738e,Down,0.98,480.88,0.97,881.63,0.96,714.0,0.99,8137.21,,,,,0.010
1790849827,btc-updown-15m-1790849700,0x029e463b66534c9070797c89b9056c93a94b52cb1b445d86a0b6f95f45d404a8,Up,0.17,105.09,0.16,712.5,0.15,620.0,0.18,2156.17,0.19,9160.0,0.2,4119.0,0.170
1790849827,btc-updown-15m-1790849700,0x029e463b66534c9070797c89b9056c93a94b52cb1b445d86a0b6f95f45d404a8,Down,0.82,2416.17,0.81,1934.0,0.8,4079.0,0.83,95.0,0.84,127.59,0.85,583.33,0.170
1790849833,btc-updown-5m-1790849700,0xe28c2eaf5f6037eece5d3b9734153b3ef26ecd72c302ae6dcc2382be7829738e,Up,,,,,,,0.01,2126.6,0.02,276.19,0.03,513.63,0.990
1790849833,btc-updown-5m-1790849700,0xe28c2eaf5f6037eece5d3b9734153b3ef26ecd72c302ae6dcc2382be7829738e,Down,0.99,2174.6,0.98,266.19,0.97,563.63,,,,,,,0.990
1790849833,btc-updown-15m-1790849700,0x029e463b66534c9070797c89b9056c93a94b52cb1b445d86a0b6f95f45d404a8,Up,0.17,713.0,0.16,235.85,0.15,309.66,0.18,40.0,0.19,434.0,0.2,447.0,0.830
1790849833,btc-updown-15m-1790849700,0x029e463b66534c9070797c89b9056c93a94b52cb1b445d86a0b6f95f45d404a8,Down,0.82,190.0,0.81,935.0,0.8,2050.0,0.83,282.0,0.84,135.85,0.85,289.66,0.830
1790849839,btc-updown-5m-1790849700,0xe28c2eaf5f6037eece5d3b9734153b3ef26ecd72c302ae6dcc2382be7829738e,Up,0.01,709.93,,,,,0.02,527.69,0.03,781.3,0.04,619.0,0.010
1790849839,btc-updown-5m-1790849700,0xe28c2eaf5f6037eece5d3b9734153b3ef26ecd72c302ae6dcc2382be7829738e,Down,0.98,527.69,0.97,781.3,0.96,619.0,0.99,714.93,,,,,0.010
1790849839,btc-updown-15m-1790849700,0x029e463b66534c9070797c89b9056c93a94b52cb1b445d86a0b6f95f45d404a8,Up,0.17,109.18,0.16,123.5,0.15,129.67,0.18,471.7,0.19,8324.92,0.2,4111.0,0.180
1790849839,btc-updown-15m-1790849700,0x029e463b66534c9070797c89b9056c93a94b52cb1b445d86a0b6f95f45d404a8,Down,0.82,479.2,0.81,8324.92,0.8,4111.0,0.83,109.18,0.84,17.5,0.85,129.67,0.180
1790849850,btc-updown-5m-1790849700,0xe28c2eaf5f6037eece5d3b9734153b3ef26ecd72c302ae6dcc2382be7829738e,Up,0.02,39.47,0.01,516.0,,,0.03,992.9,0.04,892.0,0.05,888.22,0.020
1790849850,btc-updown-5m-1790849700,0xe28c2eaf5f6037eece5d3b9734153b3ef26ecd72c302ae6dcc2382be7829738e,Down,0.98,368.0,0.97,908.45,0.96,709.0,0.99,626.0,,,,,0.020
1790849850,btc-updown-15m-1790849700,0x029e463b66534c9070797c89b9056c93a94b52cb1b445d86a0b6f95f45d404a8,Up,0.18,190.5,0.17,723.89,0.16,1608.25,0.19,336.07,0.2,1697.5,0.21,865.0,0.810
1790849850,btc-updown-15m-1790849700,0x029e463b66534c9070797c89b9056c93a94b52cb1b445d86a0b6f95f45d404a8,Down,0.81,336.07,0.8,1697.5,0.79,865.0,0.82,130.5,0.83,723.89,0.84,1608.25,0.810
1790849861,btc-updown-5m-1790849700,0xe28c2eaf5f6037eece5d3b9734153b3ef26ecd72c302ae6dcc2382be7829738e,Up,,,,,,,0.01,219.12,0.02,602.69,0.03,571.63,0.990
1790849861,btc-updown-5m-1790849700,0xe28c2eaf5f6037eece5d3b9734153b3ef26ecd72c302ae6dcc2382be7829738e,Down,0.99,506.72,0.98,602.69,0.97,571.63,,,,,,,0.990
1790849861,btc-updown-15m-1790849700,0x029e463b66534c9070797c89b9056c93a94b52cb1b445d86a0b6f95f45d404a8,Up,0.16,784.75,0.15,278.04,0.14,1160.15,0.17,149.0,0.18,1809.5,0.19,4317.0,0.840
1790849861,btc-updown-15m-1790849700,0x029e463b66534c9070797c89b9056c93a94b52cb1b445d86a0b6f95f45d404a8,Down,0.83,149.0,0.82,1809.5,0.81,4617.0,0.84,784.75,0.85,278.04,0.86,1160.15,0.840
1790849878,btc-updown-5m-1790849700,0xe28c2eaf5f6037eece5d3b9734153b3ef26ecd72c302ae6dcc2382be7829738e,Up,0.064,5.0,0.063,105.0,0.062,105.0,0.07,64.37,0.072,10.0,0.08,35.0,0.940
1790849878,btc-updown-5m-1790849700,0xe28c2eaf5f6037eece5d3b9734153b3ef26ecd72c302ae6dcc2382be7829738e,Down,0.93,40.37,0.92,35.0,0.918,10.0,0.936,15.0,0.937,262.06,0.938,115.0,0.940
1790849878,btc-updown-15m-1790849700,0x029e463b66534c9070797c89b9056c93a94b52cb1b445d86a0b6f95f45d404a8,Up,0.28,638.03,0.27,303.0,0.26,261.0,0.29,89.0,0.3,60.0,0.31,60.0,0.710
1790849878,btc-updown-15m-1790849700,0x029e463b66534c9070797c89b9056c93a94b52cb1b445d86a0b6f95f45d404a8,Down,0.71,178.0,0.7,60.0,0.69,60.0,0.72,657.03,0.73,303.0,0.74,231.0,0.710
1790849884,btc-updown-5m-1790849700,0xe28c2eaf5f6037eece5d3b9734153b3ef26ecd72c302ae6dcc2382be7829738e,Up,0.151,70.54,0.15,35.0,0.141,10.0,0.152,16.79,0.153,32.35,0.155,5.0,0.151
1790849884,btc-updown-5m-1790849700,0xe28c2eaf5f6037eece5d3b9734153b3ef26ecd72c302ae6dcc2382be7829738e,Down,0.847,26.9,0.843,5.0,0.841,5.13,0.848,5.0,0.849,256.52,0.85,1834.47,0.151
1790849884,btc-updown-15m-1790849700,0x029e463b66534c9070797c89b9056c93a94b52cb1b445d86a0b6f95f45d404a8,Down,0.64,40.14,0.63,65.0,0.62,1708.0,0.65,294.85,0.66,804.96,0.67,163.0,0.360
1790849890,btc-updown-5m-1790849700,0xe28c2eaf5f6037eece5d3b9734153b3ef26ecd72c302ae6dcc2382be7829738e,Up,0.141,258.0,0.14,666.78,0.132,36.83,0.142,18.9,0.143,21.52,0.15,5.0,0.149
1790849890,btc-updown-5m-1790849700,0xe28c2eaf5f6037eece5d3b9734153b3ef26ecd72c302ae6dcc2382be7829738e,Down,0.858,5.82,0.85,5.0,0.84,7.5,0.859,355.43,0.86,666.78,0.867,10.0,0.149
1790849890,btc-updown-15m-1790849700,0x029e463b66534c9070797c89b9056c93a94b52cb1b445d86a0b6f95f45d404a8,Up,0.36,213.0,0.35,617.99,0.34,628.0,0.37,69.0,0.38,70.0,0.39,153.0,0.630
1790849890,btc-updown-15m-1790849700,0x029e463b66534c9070797c89b9056c93a94b52cb1b445d86a0b6f95f45d404a8,Down,0.63,15.0,0.62,35.0,0.61,123.0,0.64,248.0,0.65,851.99,0.66,8088.0,0.630
1790849896,btc-updown-5m-1790849700,0xe28c2eaf5f6037eece5d3b9734153b3ef26ecd72c302ae6dcc2382be7829738e,Up,0.11,30.0,0.106,5.0,0.1,193.0,0.114,150.0,0.115,160.0,0.116,378.2,0.115
1790849896,btc-updown-5m-1790849700,0xe28c2eaf5f6037eece5d3b9734153b3ef26ecd72c302ae6dcc2382be7829738e,Down,0.888,10.07,0.886,8.0,0.885,8.0,0.89,255.5,0.9,388.0,0.906,30.0,0.115
1790849896,btc-updown-15m-1790849700,0x029e463b66534c9070797c89b9056c93a94b52cb1b445d86a0b6f95f45d404a8,Up,0.33,361.4,0.32,1118.0,0.31,178.0,0.34,109.0,0.35,164.0,0.36,40.0,0.620
1790849896,btc-updown-15m-1790849700,0x029e463b66534c9070797c89b9056c93a94b52cb1b445d86a0b6f95f45d404a8,Down,0.66,94.0,0.65,164.0,0.64,40.0,0.67,348.4,0.68,1148.0,0.69,628.0,0.620
1790849913,btc-updown-5m-1790849700,0xe28c2eaf5f6037eece5d3b9734153b3ef26ecd72c302ae6dcc2382be7829738e,Up,0.19,85.76,0.18,15.0,0.17,15.0,0.201,6.32,0.21,20.0,0.219,10.0,0.201
1790849913,btc-updown-5m-1790849700,0xe28c2eaf5f6037eece5d3b9734153b3ef26ecd72c302ae6dcc2382be7829738e,Down,0.83,5.0,0.81,100.0,0.809,100.0,0.85,15.0,0.86,41.0,0.87,135.0,0.780
1790849913,btc-updown-15m-1790849700,0x029e463b66534c9070797c89b9056c93a94b52cb1b445d86a0b6f95f45d404a8,Up,0.39,116.34,0.38,347.0,0.37,1328.0,0.4,290.7,0.41,175.0,0.42,88.0,0.440
1790849913,btc-updown-15m-1790849700,0x029e463b66534c9070797c89b9056c93a94b52cb1b445d86a0b6f95f45d404a8,Down,0.6,260.11,0.59,180.0,0.58,103.0,0.61,206.0,0.62,265.0,0.63,2016.0,0.440
1790849919,btc-updown-5m-1790849700,0xe28c2eaf5f6037eece5d3b9734153b3ef26ecd72c302ae6dcc2382be7829738e,Up,0.453,150.0,0.452,40.0,0.451,10.85,0.456,40.0,0.457,80.0,0.459,8.0,0.550
1790849919,btc-updown-5m-1790849700,0xe28c2eaf5f6037eece5d3b9734153b3ef26ecd72c302ae6dcc2382be7829738e,Down,0.544,40.0,0.543,80.0,0.541,18.0,0.545,7.11,0.546,170.2,0.55,90.0,0.550
1790849919,btc-updown-15m-1790849700,0x029e463b66534c9070797c89b9056c93a94b52cb1b445d86a0b6f95f45d404a8,Up,0.47,286.49,0.46,278.0,0.45,1564.0,0.48,34.0,0.49,280.78,0.5,95.0,0.470
1790849919,btc-updown-15m-1790849700,0x029e463b66534c9070797c89b9056c93a94b52cb1b445d86a0b6f95f45d404a8,Down,0.52,34.0,0.51,170.78,0.5,95.0,0.53,301.9,0.54,278.0,0.55,1564.0,0.470
1790849925,btc-updown-5m-1790849700,0xe28c2eaf5f6037eece5d3b9734153b3ef26ecd72c302ae6dcc2382be7829738e,Up,0.902,50.0,0.901,15.0,0.9,65.0,0.905,5.01,0.91,5.0,0.912,5.0,0.910
1790849925,btc-updown-5m-1790849700,0xe28c2eaf5f6037eece5d3b9734153b3ef26ecd72c302ae6dcc2382be7829738e,Down,0.08,85.0,0.073,188.0,0.071,10.0,0.089,150.0,0.09,160.0,0.091,8.0,0.905
1790849925,btc-updown-15m-1790849700,0x029e463b66534c9070797c89b9056c93a94b52cb1b445d86a0b6f95f45d404a8,Up,0.63,24.0,0.62,232.99,0.61,565.0,0.64,441.87,0.65,820.0,0.66,598.0,0.630
1790849925,btc-updown-15m-1790849700,0x029e463b66534c9070797c89b9056c93a94b52cb1b445d86a0b6f95f45d404a8,Down,0.37,481.0,0.36,289.75,0.35,1118.0,0.38,217.99,0.39,545.0,0.4,384.0,0.630
1790849931,btc-updown-5m-1790849700,0xe28c2eaf5f6037eece5d3b9734153b3ef26ecd72c302ae6dcc2382be7829738e,Up,0.969,52.7,0.968,126.0,0.962,70.0,0.97,389.52,0.98,379.71,0.99,3190.45,0.030
1790849931,btc-updown-5m-1790849700,0xe28c2eaf5f6037eece5d3b9734153b3ef26ecd72c302ae6dcc2382be7829738e,Down,0.03,274.37,0.02,379.71,0.011,10.0,0.031,150.7,0.032,144.0,0.033,27.0,0.030
1790849931,btc-updown-15m-1790849700,0x029e463b66534c9070797c89b9056c93a94b52cb1b445d86a0b6f95f45d404a8,Up,0.71,164.0,0.7,90.0,0.69,155.97,0.72,236.0,0.73,173.0,0.74,78.0,0.290
1790849931,btc-updown-15m-1790849700,0x029e463b66534c9070797c89b9056c93a94b52cb1b445d86a0b6f95f45d404a8,Down,0.28,138.0,0.27,173.0,0.26,78.0,0.29,219.0,0.3,90.0,0.31,155.97,0.290
1790849939,btc-updown-5m-1790849700,0xe28c2eaf5f6037eece5d3b9734153b3ef26ecd72c302ae6dcc2382be7829738e,Up,0.974,16.12,0.973,15.0,0.971,5.46,0.975,282.87,0.976,188.0,0.98,80.0,0.025
1790849939,btc-updown-5m-1790849700,0xe28c2eaf5f6037eece5d3b9734153b3ef26ecd72c302ae6dcc2382be7829738e,Down,0.02,80.0,0.017,10.0,0.013,5.0,0.024,100.0,0.025,100.0,0.026,16.12,0.025
1790849939,btc-updown-15m-1790849700,0x029e463b66534c9070797c89b9056c93a94b52cb1b445d86a0b6f95f45d404a8,Up,0.66,74.0,0.65,5.0,0.64,970.0,0.67,396.14,0.68,723.0,0.69,1743.0,0.660
1790849939,btc-updown-15m-1790849700,0x029e463b66534c9070797c89b9056c93a94b52cb1b445d86a0b6f95f45d404a8,Down,0.33,426.89,0.32,723.0,0.31,2013.0,0.34,24.0,0.36,130.0,0.37,137.0,0.660
1790849955,btc-updown-5m-1790849700,0xe28c2eaf5f6037eece5d3b9734153b3ef26ecd72c302ae6dcc2382be7829738e,Up,0.978,15.0,0.977,25.1,0.97,20.0,0.98,266.86,0.981,188.0,0.984,5.0,0.020
1790849955,btc-updown-5m-1790849700,0xe28c2eaf5f6037eece5d3b9734153b3ef26ecd72c302ae6dcc2382be7829738e,Down,0.022,10.0,0.021,198.0,0.02,263.0,0.048,21.02,0.049,10.0,0.05,99.11,0.952
1790849955,btc-updown-15m-1790849700,0x029e463b66534c9070797c89b9056c93a94b52cb1b445d86a0b6f95f45d404a8,Up,0.57,506.02,0.56,247.0,0.55,1257.0,0.58,75.0,0.59,88.0,0.6,73.0,0.420
1790849955,btc-updown-15m-1790849700,0x029e463b66534c9070797c89b9056c93a94b52cb1b445d86a0b6f95f45d404a8,Down,0.41,138.0,0.4,128.0,0.39,653.0,0.42,231.0,0.43,770.02,0.44,212.0,0.420
1790849972,btc-updown-5m-1790849700,0xe28c2eaf5f6037eece5d3b9734153b3ef26ecd72c302ae6dcc2382be7829738e,Up,0.952,5.0,0.951,100.0,0.95,15.0,0.96,10.0,0.966,5.0,0.967,45.0,0.040
1790849972,btc-updown-5m-1790849700,0xe28c2eaf5f6037eece5d3b9734153b3ef26ecd72c302ae6dcc2382be7829738e,Down,0.04,30.0,0.032,5.0,0.026,40.0,0.048,188.0,0.049,100.0,0.05,65.0,0.040
1790849972,btc-updown-15m-1790849700,0x029e463b66534c9070797c89b9056c93a94b52cb1b445d86a0b6f95f45d404a8,Up,0.47,174.0,0.46,150.0,0.45,1213.0,0.48,267.89,0.49,244.47,0.5,1743.0,0.520
1790849972,btc-updown-15m-1790849700,0x029e463b66534c9070797c89b9056c93a94b52cb1b445d86a0b6f95f45d404a8,Down,0.52,267.89,0.51,244.47,0.5,1743.0,0.53,184.0,0.54,150.0,0.55,1213.0,0.520
1790849988,btc-updown-5m-1790849700,0xe28c2eaf5f6037eece5d3b9734153b3ef26ecd72c302ae6dcc2382be7829738e,Up,0.995,100.0,0.991,30.27,0.99,11213.43,,,,,,,0.990
1790849988,btc-updown-5m-1790849700,0xe28c2eaf5f6037eece5d3b9734153b3ef26ecd72c302ae6dcc2382be7829738e,Down,,,,,,,0.005,100.0,0.009,30.27,0.01,11213.43,0.990
1790849988,btc-updown-15m-1790849700,0x029e463b66534c9070797c89b9056c93a94b52cb1b445d86a0b6f95f45d404a8,Up,0.43,419.35,0.42,175.0,0.41,522.0,0.44,74.0,0.45,123.0,0.46,133.0,0.560
1790849988,btc-updown-15m-1790849700,0x029e463b66534c9070797c89b9056c93a94b52cb1b445d86a0b6f95f45d404a8,Down,0.56,74.0,0.55,113.0,0.54,133.0,0.57,419.35,0.58,175.0,0.59,559.0,0.560
1790849995,btc-updown-5m-1790849700,0xe28c2eaf5f6037eece5d3b9734153b3ef26ecd72c302ae6dcc2382be7829738e,Up,0.999,4072.96,0.995,150.0,0.991,1880.27,,,,,,,0.990
1790849995,btc-updown-5m-1790849700,0xe28c2eaf5f6037eece5d3b9734153b3ef26ecd72c302ae6dcc2382be7829738e,Down,,,,,,,0.001,4072.96,0.005,150.0,0.009,1880.27,0.990
1790849995,btc-updown-15m-1790849700,0x029e463b66534c9070797c89b9056c93a94b52cb1b445d86a0b6f95f45d404a8,Up,0.43,787.57,0.42,271.0,0.41,88.0,0.44,100.0,0.45,123.0,0.46,1758.0,0.430
1790849995,btc-updown-15m-1790849700,0x029e463b66534c9070797c89b9056c93a94b52cb1b445d86a0b6f95f45d404a8,Down,0.56,94.0,0.55,123.0,0.54,1758.0,0.57,799.73,0.58,271.0,0.59,88.0,0.430
1790850591.4,1790850300,8.6,83687.44be7829738e,Up,0.999,268710.72,0.997,200.0,0.996,210.0,,,,,,,0.999
1790850001,btc-updown-5m-1790849700,0xe28c2eaf5f6037eece5d3b9734153b3ef26ecd72c302ae6dcc2382be7829738e,Down,,,,,,,0.001,268710.72,0.002,50.0,0.003,200.0,0.999
1790850001,btc-updown-15m-1790849700,0x029e463b66534c9070797c89b9056c93a94b52cb1b445d86a0b6f95f45d404a8,Up,0.46,167.0,0.45,25.0,0.44,183.0,0.47,388.0,0.48,1118.79,0.49,5092.0,0.470
1790850001,btc-updown-15m-1790849700,0x029e463b66534c9070797c89b9056c93a94b52cb1b445d86a0b6f95f45d404a8,Down,0.53,393.36,0.52,1094.79,0.51,418.0,0.54,167.0,0.55,25.0,0.56,188.0,0.530
1790850001,btc-updown-5m-1790850000,0x7d4f9e4a61c984bb473424866f95bb27fcaf85d91e50d15772ae8fc0af89bcd2,Up,0.4,335.66,0.39,115.0,0.38,298.0,0.41,199.28,0.42,325.0,0.43,230.0,0.400
1790850001,btc-updown-5m-1790850000,0x7d4f9e4a61c984bb473424866f95bb27fcaf85d91e50d15772ae8fc0af89bcd2,Down,0.59,196.84,0.58,170.0,0.57,125.0,0.6,1375.66,0.61,298.0,0.62,110.0,0.590
1790850007,btc-updown-5m-1790849700,0xe28c2eaf5f6037eece5d3b9734153b3ef26ecd72c302ae6dcc2382be7829738e,Up,0.999,268715.72,0.998,50.0,0.997,200.0,,,,,,,0.999
1790850007,btc-updown-5m-1790849700,0xe28c2eaf5f6037eece5d3b9734153b3ef26ecd72c302ae6dcc2382be7829738e,Down,,,,,,,0.001,268715.72,0.002,50.0,0.003,200.0,0.999
1790850007,btc-updown-15m-1790849700,0x029e463b66534c9070797c89b9056c93a94b52cb1b445d86a0b6f95f45d404a8,Up,0.51,350.0,0.5,110.0,0.49,60.0,0.52,334.94,0.53,140.0,0.54,728.0,0.480
1790850007,btc-updown-15m-1790849700,0x029e463b66534c9070797c89b9056c93a94b52cb1b445d86a0b6f95f45d404a8,Down,0.48,169.82,0.47,65.0,0.46,668.0,0.49,373.32,0.5,110.0,0.51,581.0,0.480
1790850007,btc-updown-5m-1790850000,0x7d4f9e4a61c984bb473424866f95bb27fcaf85d91e50d15772ae8fc0af89bcd2,Up,0.47,1367.13,0.46,601.0,0.45,383.0,0.48,53.0,0.49,13.0,0.5,43.0,0.520
1790850007,btc-updown-5m-1790850000,0x7d4f9e4a61c984bb473424866f95bb27fcaf85d91e50d15772ae8fc0af89bcd2,Down,0.52,66.89,0.51,13.0,0.5,43.0,0.53,1453.51,0.54,646.0,0.55,328.0,0.520
1790850014,btc-updown-5m-1790849700,0xe28c2eaf5f6037eece5d3b9734153b3ef26ecd72c302ae6dcc2382be7829738e,Up,0.999,268691.1,0.998,50.0,0.997,200.0,,,,,,,0.999
1790850014,btc-updown-5m-1790849700,0xe28c2eaf5f6037eece5d3b9734153b3ef26ecd72c302ae6dcc2382be7829738e,Down,,,,,,,0.001,268691.1,0.002,50.0,0.003,200.0,0.999
1790850014,btc-updown-15m-1790849700,0x029e463b66534c9070797c89b9056c93a94b52cb1b445d86a0b6f95f45d404a8,Up,0.57,349.39,0.56,133.0,0.55,147.0,0.58,10.0,0.59,10.0,0.6,130.0,0.540
1790850014,btc-updown-15m-1790849700,0x029e463b66534c9070797c89b9056c93a94b52cb1b445d86a0b6f95f45d404a8,Down,0.41,53.13,0.4,204.0,0.39,298.0,0.42,218.0,0.43,151.39,0.44,423.0,0.540
1790850014,btc-updown-5m-1790850000,0x7d4f9e4a61c984bb473424866f95bb27fcaf85d91e50d15772ae8fc0af89bcd2,Up,0.57,340.55,0.56,100.67,0.55,248.0,0.58,373.0,0.59,590.0,0.6,320.0,0.580
1790850014,btc-updown-5m-1790850000,0x7d4f9e4a61c984bb473424866f95bb27fcaf85d91e50d15772ae8fc0af89bcd2,Down,0.42,1651.59,0.41,1090.0,0.4,325.0,0.43,10.0,0.44,30.0,0.45,60.0,0.420
1790850021,btc-updown-5m-1790849700,0xe28c2eaf5f6037eece5d3b9734153b3ef26ecd72c302ae6dcc2382be7829738e,Up,0.999,268691.1,0.998,50.0,0.997,200.0,,,,,,,0.999
1790850021,btc-updown-5m-1790849700,0xe28c2eaf5f6037eece5d3b9734153b3ef26ecd72c302ae6dcc2382be7829738e,Down,,,,,,,0.001,268691.1,0.002,50.0,0.003,200.0,0.999
1790850021,btc-updown-15m-1790849700,0x029e463b66534c9070797c89b9056c93a94b52cb1b445d86a0b6f95f45d404a8,Up,0.54,273.42,0.53,110.0,0.52,101.0,0.55,5.0,0.56,81.0,0.57,516.32,0.540
1790850021,btc-updown-15m-1790849700,0x029e463b66534c9070797c89b9056c93a94b52cb1b445d86a0b6f95f45d404a8,Down,0.45,5.0,0.44,5.0,0.43,250.32,0.46,329.3,0.47,158.0,0.48,129.0,0.540
1790850021,btc-updown-5m-1790850000,0x7d4f9e4a61c984bb473424866f95bb27fcaf85d91e50d15772ae8fc0af89bcd2,Up,0.52,164.67,0.51,205.0,0.5,648.8,0.53,331.0,0.54,128.0,0.55,25.0,0.530
1790850021,btc-updown-5m-1790850000,0x7d4f9e4a61c984bb473424866f95bb27fcaf85d91e50d15772ae8fc0af89bcd2,Down,0.49,139.6,0.48,443.32,0.47,600.9,0.5,371.75,0.51,881.12,0.52,128.0,0.490
1790799854,btc-updown-5m-1790799600,0x5f90d9647ec13481fb0776f1ec4e64c482eeab8277f85dd27b38d12e5fbcba24,Up,0.99,43501.05,0.98,889.59,0.97,871.76,,,,,,,0.990
1790799854,btc-updown-5m-1790799600,0x5f90d9647ec13481fb0776f1ec4e64c482eeab8277f85dd27b38d12e5fbcba24,Down,,,,,,,0.01,43501.05,0.02,889.59,0.03,871.76,0.990
1790799867,btc-updown-15m-1790799300,0x24e6a6cafef3151384857e5f28737ed7e718b44578080e8b8b477b93374a847e,Up,0.95,162.4,0.94,710.1,0.93,2204.0,0.96,309.02,0.97,1183.0,0.98,1912.54,0.040
1790799867,btc-updown-15m-1790799300,0x24e6a6cafef3151384857e5f28737ed7e718b44578080e8b8b477b93374a847e,Down,0.04,309.02,0.03,1183.0,0.02,1912.54,0.05,162.4,0.06,710.1,0.07,7230.0,0.040
1790799867,btc-updown-5m-1790799600,0x5f90d9647ec13481fb0776f1ec4e64c482eeab8277f85dd27b38d12e5fbcba24,Up,0.99,47511.34,0.98,839.59,0.97,806.76,,,,,,,0.990
1790799867,btc-updown-5m-1790799600,0x5f90d9647ec13481fb0776f1ec4e64c482eeab8277f85dd27b38d12e5fbcba24,Down,,,,,,,0.01,49919.34,0.02,839.59,0.03,806.76,0.990
1790799878,btc-updown-15m-1790799300,0x24e6a6cafef3151384857e5f28737ed7e718b44578080e8b8b477b93374a847e,Up,0.93,1746.84,0.92,629.1,0.91,4522.0,0.94,98.0,0.95,228.01,0.96,617.13,0.950
1790799878,btc-updown-15m-1790799300,0x24e6a6cafef3151384857e5f28737ed7e718b44578080e8b8b477b93374a847e,Down,0.06,98.0,0.05,228.01,0.04,612.13,0.07,1763.19,0.08,629.1,0.09,3767.0,0.950
1790799878,btc-updown-5m-1790799600,0x5f90d9647ec13481fb0776f1ec4e64c482eeab8277f85dd27b38d12e5fbcba24,Up,0.99,71910.14,0.98,729.59,0.97,696.76,,,,,,,0.990
1790799878,btc-updown-5m-1790799600,0x5f90d9647ec13481fb0776f1ec4e64c482eeab8277f85dd27b38d12e5fbcba24,Down,,,,,,,0.01,71910.14,0.02,729.59,0.03,696.76,0.990
1790799894,btc-updown-15m-1790799300,0x24e6a6cafef3151384857e5f28737ed7e718b44578080e8b8b477b93374a847e,Up,0.93,177.0,0.92,138.0,0.91,1823.1,0.94,324.8,0.95,1031.01,0.96,10989.99,0.060
1790799894,btc-updown-15m-1790799300,0x24e6a6cafef3151384857e5f28737ed7e718b44578080e8b8b477b93374a847e,Down,0.06,294.8,0.05,1031.01,0.04,11362.99,0.07,177.0,0.08,138.0,0.09,1823.1,0.060
1790799894,btc-updown-5m-1790799600,0x5f90d9647ec13481fb0776f1ec4e64c482eeab8277f85dd27b38d12e5fbcba24,Up,0.999,40787.08,0.998,260.0,0.997,260.0,,,,,,,0.999
1790799894,btc-updown-5m-1790799600,0x5f90d9647ec13481fb0776f1ec4e64c482eeab8277f85dd27b38d12e5fbcba24,Down,,,,,,,0.001,40764.08,0.002,260.0,0.003,260.0,0.999
1790799907,btc-updown-15m-1790799300,0x24e6a6cafef3151384857e5f28737ed7e718b44578080e8b8b477b93374a847e,Up,0.96,130.0,0.95,182.4,0.94,1699.0,0.97,597.81,0.98,9153.53,0.99,8262.93,0.030
1790799907,btc-updown-15m-1790799300,0x24e6a6cafef3151384857e5f28737ed7e718b44578080e8b8b477b93374a847e,Down,0.03,547.81,0.02,9153.53,0.01,8262.93,0.04,130.0,0.05,182.4,0.06,1699.0,0.030
1790799907,btc-updown-5m-1790799600,0x5f90d9647ec13481fb0776f1ec4e64c482eeab8277f85dd27b38d12e5fbcba24,Up,0.999,238446.94,0.998,250.0,0.997,200.0,,,,,,,0.999
1790799907,btc-updown-5m-1790799600,0x5f90d9647ec13481fb0776f1ec4e64c482eeab8277f85dd27b38d12e5fbcba24,Down,,,,,,,0.001,238446.94,0.002,250.0,0.003,200.0,0.999
1790799907,btc-updown-5m-1790799900,0xf642aea8d34b7887c42cefc4fd09dbed1341206093064ec80f546271076530be,Up,0.54,242.12,0.53,568.0,0.52,593.0,0.55,863.47,0.56,758.61,0.57,2913.71,0.450
1790799907,btc-updown-5m-1790799900,0xf642aea8d34b7887c42cefc4fd09dbed1341206093064ec80f546271076530be,Down,0.45,868.47,0.44,643.61,0.43,2933.71,0.46,237.12,0.47,503.0,0.48,593.0,0.450
1790799920,btc-updown-15m-1790799300,0x24e6a6cafef3151384857e5f28737ed7e718b44578080e8b8b477b93374a847e,Up,0.96,286.78,0.95,476.1,0.94,879.0,0.97,150.0,0.98,1780.53,0.99,5064.93,0.960
1790799920,btc-updown-15m-1790799300,0x24e6a6cafef3151384857e5f28737ed7e718b44578080e8b8b477b93374a847e,Down,0.03,140.0,0.02,1780.53,0.01,4237.93,0.04,286.78,0.05,476.1,0.06,1014.0,0.960
1790799920,btc-updown-5m-1790799600,0x5f90d9647ec13481fb0776f1ec4e64c482eeab8277f85dd27b38d12e5fbcba24,Up,0.999,238427.5,0.998,250.0,0.997,200.0,,,,,,,0.999
1790802903,btc-updown-15m-1790802900,0x8a51597a70cec9b13cf70a088050b03a4a35be96f8600f5548534a24efa0db7d,Down,0.5,283.0,0.49,856.0,0.48,2692.0,0.51,32.03,0.52,108.0,0.53,170.0,0.500
1790802920,btc-updown-15m-1790802000,0x63d59991b0e396a60c5ebc5e4c67945d8e088499854182c73c85e12cff076edc,Up,0.999,129276.28,0.998,241.0,0.995,8.58,,,,,,,0.999
1790802920,btc-updown-15m-1790802000,0x63d59991b0e396a60c5ebc5e4c67945d8e088499854182c73c85e12cff076edc,Down,,,,,,,0.001,129276.28,0.002,241.0,0.005,8.58,0.999
1790802920,btc-updown-5m-1790802600,0xe3219a6dc88173f5f32d52547541b4fbea41da13e17fe3a55a65f24804c1ea10,Up,0.99,242605.94,0.98,686.32,0.97,120.0,,,,,,,0.990
1790802920,btc-updown-5m-1790802600,0xe3219a6dc88173f5f32d52547541b4fbea41da13e17fe3a55a65f24804c1ea10,Down,,,,,,,0.01,242605.94,0.02,686.32,0.03,120.0,0.990
1790802920,btc-updown-5m-1790802900,0xe1f9cf4b8913467d1dd603de8e00eb8b710f6b12fda96e3ee312fd35359ad6d4,Up,0.54,186.0,0.53,423.0,0.52,703.49,0.55,484.73,0.56,735.03,0.57,823.56,0.540
1790802920,btc-updown-5m-1790802900,0xe1f9cf4b8913467d1dd603de8e00eb8b710f6b12fda96e3ee312fd35359ad6d4,Down,0.45,440.41,0.44,705.03,0.43,813.56,0.46,188.82,0.47,383.0,0.48,703.49,0.540
1790802920,btc-updown-15m-1790802900,0x8a51597a70cec9b13cf70a088050b03a4a35be96f8600f5548534a24efa0db7d,Up,0.52,175.91,0.51,159.0,0.5,199.0,0.53,235.69,0.54,305.0,0.55,1842.0,0.520
1790802920,btc-updown-15m-1790802900,0x8a51597a70cec9b13cf70a088050b03a4a35be96f8600f5548534a24efa0db7d,Down,0.47,235.69,0.46,305.0,0.45,1842.0,0.48,180.91,0.49,159.0,0.5,199.0,0.520
1790802927,btc-updown-15m-1790802000,0x63d59991b0e396a60c5ebc5e4c67945d8e088499854182c73c85e12cff076edc,Up,0.999,129276.28,0.998,241.0,0.995,8.58,,,,,,,0.999
1790802927,btc-updown-15m-1790802000,0x63d59991b0e396a60c5ebc5e4c67945d8e088499854182c73c85e12cff076edc,Down,,,,,,,0.001,129276.28,0.002,241.0,0.005,8.58,0.999
1790802927,btc-updown-5m-1790802600,0xe3219a6dc88173f5f32d52547541b4fbea41da13e17fe3a55a65f24804c1ea10,Up,0.99,242605.94,0.98,686.32,0.97,120.0,,,,,,,0.990
1790802927,btc-updown-5m-1790802600,0xe3219a6dc88173f5f32d52547541b4fbea41da13e17fe3a55a65f24804c1ea10,Down,,,,,,,0.01,242605.94,0.02,686.32,0.03,120.0,0.990
1790802927,btc-updown-5m-1790802900,0xe1f9cf4b8913467d1dd603de8e00eb8b710f6b12fda96e3ee312fd35359ad6d4,Up,0.4,115.0,0.38,20.0,0.37,121.03,0.41,628.82,0.42,1470.75,0.43,2413.64,0.420
1790802927,btc-updown-5m-1790802900,0xe1f9cf4b8913467d1dd603de8e00eb8b710f6b12fda96e3ee312fd35359ad6d4,Down,0.59,1009.23,0.58,889.0,0.57,2846.26,0.6,104.83,0.62,20.0,0.63,166.03,0.400
1790802927,btc-updown-15m-1790802900,0x8a51597a70cec9b13cf70a088050b03a4a35be96f8600f5548534a24efa0db7d,Up,0.44,140.0,0.43,75.0,0.42,2038.0,0.45,319.0,0.46,267.1,0.47,163.0,0.450
1790802927,btc-updown-15m-1790802900,0x8a51597a70cec9b13cf70a088050b03a4a35be96f8600f5548534a24efa0db7d,Down,0.55,349.0,0.54,267.1,0.53,163.0,0.56,140.0,0.57,75.0,0.58,2058.0,0.450
1790802942,btc-updown-5m-1790802900,0xe1f9cf4b8913467d1dd603de8e00eb8b710f6b12fda96e3ee312fd35359ad6d4,Up,0.36,94.0,0.35,74.34,0.34,1335.0,0.37,1604.1,0.38,677.44,0.39,412.69,0.630
1790802942,btc-updown-5m-1790802900,0xe1f9cf4b8913467d1dd603de8e00eb8b710f6b12fda96e3ee312fd35359ad6d4,Down,0.64,1483.31,0.63,1427.06,0.62,409.44,0.65,189.34,0.66,1772.37,0.67,253.37,0.360
1790802942,btc-updown-15m-1790802900,0x8a51597a70cec9b13cf70a088050b03a4a35be96f8600f5548534a24efa0db7d,Up,0.43,754.49,0.42,521.0,0.41,2443.0,0.44,88.0,0.45,246.0,0.46,218.0,0.430
1790802942,btc-updown-15m-1790802900,0x8a51597a70cec9b13cf70a088050b03a4a35be96f8600f5548534a24efa0db7d,Down,0.56,118.0,0.55,256.0,0.54,218.0,0.57,785.49,0.58,531.0,0.59,2443.0,0.430
1790802956,btc-updown-5m-1790802900,0xe1f9cf4b8913467d1dd603de8e00eb8b710f6b12fda96e3ee312fd35359ad6d4,Up,0.35,1606.12,0.34,650.37,0.33,2259.37,0.36,350.99,0.37,432.64,0.38,562.44,0.350
1790802956,btc-updown-5m-1790802900,0xe1f9cf4b8913467d1dd603de8e00eb8b710f6b12fda96e3ee312fd35359ad6d4,Down,0.64,350.99,0.63,422.64,0.62,562.44,0.65,1606.12,0.66,650.37,0.67,2229.37,0.350
1790802445,btc-updown-15m-1790802000,0x63d59991b0e396a60c5ebc5e4c67945d8e088499854182c73c85e12cff076edc,Up,0.85,201.88,0.84,2425.25,0.83,8705.0,0.86,102.0,0.87,227.24,0.88,216.34,0.850
1790802445,btc-updown-15m-1790802000,0x63d59991b0e396a60c5ebc5e4c67945d8e088499854182c73c85e12cff076edc,Down,0.14,102.0,0.13,217.24,0.12,223.84,0.15,315.88,0.16,2335.25,0.17,9087.0,0.850
1790802445,btc-updown-5m-1790802300,0xd9887dc638158fd478c494327165c4a257a39facfa2103dce1f1b26009952554,Up,0.34,904.29,0.33,1390.43,0.32,852.0,0.35,10.0,0.37,10.0,0.38,140.0,0.660
1790802445,btc-updown-5m-1790802300,0xd9887dc638158fd478c494327165c4a257a39facfa2103dce1f1b26009952554,Down,0.63,68.0,0.62,230.0,0.61,229.0,0.64,386.76,0.65,495.0,0.66,332.0,0.350
1790802463,btc-updown-15m-1790802000,0x63d59991b0e396a60c5ebc5e4c67945d8e088499854182c73c85e12cff076edc,Up,0.82,633.75,0.81,445.0,0.8,1694.31,0.83,45.0,0.84,83.0,0.85,1770.5,0.190
1790802463,btc-updown-15m-1790802000,0x63d59991b0e396a60c5ebc5e4c67945d8e088499854182c73c85e12cff076edc,Down,0.17,45.0,0.16,83.0,0.15,1770.5,0.18,633.75,0.19,445.0,0.2,1694.31,0.190
1790802463,btc-updown-5m-1790802300,0xd9887dc638158fd478c494327165c4a257a39facfa2103dce1f1b26009952554,Up,0.18,1372.14,0.17,2121.0,0.16,1231.3,0.19,197.0,0.2,146.0,0.21,252.15,0.180
1790802463,btc-updown-5m-1790802300,0xd9887dc638158fd478c494327165c4a257a39facfa2103dce1f1b26009952554,Down,0.81,197.0,0.8,141.0,0.79,410.15,0.82,1352.14,0.83,2121.0,0.84,1231.3,0.180
1790802477,btc-updown-15m-1790802000,0x63d59991b0e396a60c5ebc5e4c67945d8e088499854182c73c85e12cff076edc,Up,0.85,242.0,0.84,446.5,0.83,2275.25,0.86,97.5,0.87,150.5,0.88,1089.65,0.820
1790802477,btc-updown-15m-1790802000,0x63d59991b0e396a60c5ebc5e4c67945d8e088499854182c73c85e12cff076edc,Down,0.14,97.5,0.13,150.5,0.12,1089.65,0.15,242.0,0.16,446.5,0.17,2275.25,0.820
1790802477,btc-updown-5m-1790802300,0xd9887dc638158fd478c494327165c4a257a39facfa2103dce1f1b26009952554,Up,0.21,1079.98,0.2,1335.32,0.19,264.0,0.22,249.31,0.23,245.45,0.24,329.0,0.780
1790802477,btc-updown-5m-1790802300,0xd9887dc638158fd478c494327165c4a257a39facfa2103dce1f1b26009952554,Down,0.78,244.31,0.77,245.45,0.76,329.0,0.79,1079.98,0.8,1335.32,0.81,264.0,0.780
1790802494,btc-updown-15m-1790802000,0x63d59991b0e396a60c5ebc5e4c67945d8e088499854182c73c85e12cff076edc,Up,0.8,2174.81,0.79,1489.94,0.78,7998.0,0.81,85.0,0.82,7.5,0.83,56.74,0.820
1790802494,btc-updown-15m-1790802000,0x63d59991b0e396a60c5ebc5e4c67945d8e088499854182c73c85e12cff076edc,Down,0.19,85.0,0.18,7.5,0.17,56.74,0.2,2174.81,0.21,1489.94,0.22,3462.0,0.820
1790802494,btc-updown-5m-1790802300,0xd9887dc638158fd478c494327165c4a257a39facfa2103dce1f1b26009952554,Up,0.08,449.02,0.07,843.0,0.06,2119.1,0.09,155.91,0.1,433.78,0.11,468.47,0.080
1790802494,btc-updown-5m-1790802300,0xd9887dc638158fd478c494327165c4a257a39facfa2103dce1f1b26009952554,Down,0.91,160.91,0.9,438.78,0.89,468.47,0.92,434.74,0.93,833.0,0.94,2119.1,0.080
1790802509,btc-updown-15m-1790802000,0x63d59991b0e396a60c5ebc5e4c67945d8e088499854182c73c85e12cff076edc,Up,0.85,814.31,0.84,3912.0,0.83,5474.0,0.86,100.0,0.87,118.0,0.88,1105.15,0.850
1790802509,btc-updown-15m-1790802000,0x63d59991b0e396a60c5ebc5e4c67945d8e088499854182c73c85e12cff076edc,Down,0.14,100.0,0.13,110.0,0.12,1105.15,0.15,2314.31,0.16,3912.0,0.17,4963.0,0.850
1790802509,btc-updown-5m-1790802300,0xd9887dc638158fd478c494327165c4a257a39facfa2103dce1f1b26009952554,Up,0.13,92.62,0.12,185.0,0.11,604.87,0.14,1214.16,0.15,492.47,0.16,333.92,0.870
1790802509,btc-updown-5m-1790802300,0xd9887dc638158fd478c494327165c4a257a39facfa2103dce1f1b26009952554,Down,0.86,1289.16,0.85,582.47,0.84,393.92,0.87,9.29,0.88,293.0,0.89,604.87,0.130
1790802526,btc-updown-15m-1790802000,0x63d59991b0e396a60c5ebc5e4c67945d8e088499854182c73c85e12cff076edc,Up,0.87,15.0,0.86,466.75,0.85,3382.0,0.88,335.18,0.89,456.81,0.9,1201.0,0.120
1790802526,btc-updown-15m-1790802000,0x63d59991b0e396a60c5ebc5e4c67945d8e088499854182c73c85e12cff076edc,Down,0.12,323.81,0.11,456.81,0.1,1201.0,0.13,45.0,0.14,466.75,0.15,3382.0,0.120
1790802526,btc-updown-5m-1790802300,0xd9887dc638158fd478c494327165c4a257a39facfa2103dce1f1b26009952554,Up,0.07,30.23,0.06,243.56,0.05,2115.79,0.08,935.04,0.09,612.99,0.1,702.52,0.070
1790802526,btc-updown-5m-1790802300,0xd9887dc638158fd478c494327165c4a257a39facfa2103dce1f1b26009952554,Down,0.92,1112.91,0.91,612.99,0.9,1002.52,0.93,100.23,0.94,253.56,0.95,2130.79,0.070
1790802539,btc-updown-15m-1790802000,0x63d59991b0e396a60c5ebc5e4c67945d8e088499854182c73c85e12cff076edc,Up,0.87,1860.31,0.86,7206.0,0.85,3857.0,0.88,160.0,0.89,573.81,0.9,1015.0,0.870
1790802539,btc-updown-15m-1790802000,0x63d59991b0e396a60c5ebc5e4c67945d8e088499854182c73c85e12cff076edc,Down,0.12,160.0,0.11,561.31,0.1,1022.5,0.13,1860.31,0.14,7206.0,0.15,4078.0,0.870
1790802539,btc-updown-5m-1790802300,0xd9887dc638158fd478c494327165c4a257a39facfa2103dce1f1b26009952554,Up,0.04,72.94,0.03,2359.0,0.02,1075.5,0.05,570.63,0.06,667.18,0.07,305.0,0.040
1790802539,btc-updown-5m-1790802300,0xd9887dc638158fd478c494327165c4a257a39facfa2103dce1f1b26009952554,Down,0.95,575.63,0.94,747.18,0.93,493.0,0.96,72.94,0.97,2344.0,0.98,975.5,0.040
1790802553,btc-updown-15m-1790802000,0x63d59991b0e396a60c5ebc5e4c67945d8e088499854182c73c85e12cff076edc,Up,0.9,1866.81,0.89,485.0,0.88,5035.0,0.91,348.8,0.92,573.0,0.93,2440.0,0.090
1790802553,btc-updown-15m-1790802000,0x63d59991b0e396a60c5ebc5e4c67945d8e088499854182c73c85e12cff076edc,Down,0.09,348.8,0.08,563.0,0.07,2440.0,0.1,1866.81,0.11,485.0,0.12,7025.0,0.090
1790802553,btc-updown-5m-1790802300,0xd9887dc638158fd478c494327165c4a257a39facfa2103dce1f1b26009952554,Up,0.07,278.0,0.06,552.0,0.05,390.0,0.08,1861.98,0.09,300.0,0.1,335.0,0.080
1790802553,btc-updown-5m-1790802300,0xd9887dc638158fd478c494327165c4a257a39facfa2103dce1f1b26009952554,Down,0.92,1861.98,0.91,350.0,0.9,335.0,0.93,278.0,0.94,552.0,0.95,390.0,0.080
1790802568,btc-updown-15m-1790802000,0x63d59991b0e396a60c5ebc5e4c67945d8e088499854182c73c85e12cff076edc,Up,0.91,1697.0,0.9,7838.0,0.89,4282.0,0.92,75.0,0.93,515.0,0.94,724.0,0.080
1790802568,btc-updown-15m-1790802000,0x63d59991b0e396a60c5ebc5e4c67945d8e088499854182c73c85e12cff076edc,Down,0.08,105.0,0.07,525.0,0.06,702.0,0.09,1697.0,0.1,8059.0,0.11,1871.0,0.080
1790802568,btc-updown-5m-1790802300,0xd9887dc638158fd478c494327165c4a257a39facfa2103dce1f1b26009952554,Up,,,,,,,0.01,5949.34,0.02,408.92,0.03,300.02,0.990
1790802568,btc-updown-5m-1790802300,0xd9887dc638158fd478c494327165c4a257a39facfa2103dce1f1b26009952554,Down,0.99,5944.34,0.98,453.92,0.97,300.02,,,,,,,0.990
1790802581,btc-updown-15m-1790802000,0x63d59991b0e396a60c5ebc5e4c67945d8e088499854182c73c85e12cff076edc,Up,0.91,1906.77,0.9,7852.0,0.89,5862.0,0.92,87.0,0.93,545.0,0.94,757.0,0.080
1790802581,btc-updown-15m-1790802000,0x63d59991b0e396a60c5ebc5e4c67945d8e088499854182c73c85e12cff076edc,Down,0.08,82.0,0.07,545.0,0.06,757.0,0.09,1906.77,0.1,8935.0,0.11,5887.0,0.080
1790802581,btc-updown-5m-1790802300,0xd9887dc638158fd478c494327165c4a257a39facfa2103dce1f1b26009952554,Up,,,,,,,0.01,21845.29,0.02,476.31,0.03,325.0,0.990
1790802581,btc-updown-5m-1790802300,0xd9887dc638158fd478c494327165c4a257a39facfa2103dce1f1b26009952554,Down,0.99,22395.29,0.98,476.31,0.97,325.0,,,,,,,0.990
1790802593,btc-updown-15m-1790802000,0x63d59991b0e396a60c5ebc5e4c67945d8e088499854182c73c85e12cff076edc,Up,0.92,1709.5,0.91,2544.0,0.9,12377.0,0.93,483.0,0.94,254.0,0.95,2429.5,0.070
1790802593,btc-updown-15m-1790802000,0x63d59991b0e396a60c5ebc5e4c67945d8e088499854182c73c85e12cff076edc,Down,0.07,466.0,0.06,254.0,0.05,2459.5,0.08,1709.5,0.09,2544.0,0.1,12190.0,0.070
1790802593,btc-updown-5m-1790802300,0xd9887dc638158fd478c494327165c4a257a39facfa2103dce1f1b26009952554,Up,,,,,,,0.01,72280.97,0.02,1996.31,0.03,475.76,0.990
1790802593,btc-updown-5m-1790802300,0xd9887dc638158fd478c494327165c4a257a39facfa2103dce1f1b26009952554,Down,0.99,72280.97,0.98,1996.31,0.97,475.76,,,,,,,0.990
1790813964,btc-updown-5m-1790813700,0x4271ada16222e02afbf4ae4a2579f0790882cdf1706025b3fcec3f9b4fac7909,Down,0.99,44151.97,0.98,1068.04,0.97,1342.76,,,,,,,0.990
1790813964,btc-updown-15m-1790813700,0xa2c39c5921939cf19d7251463d85bceccb5479694a86d486f965cd96dc1a5ced,Up,0.21,1769.56,0.2,277.0,0.19,7137.27,0.22,117.08,0.23,672.0,0.24,197.64,0.780
1790813964,btc-updown-15m-1790813700,0xa2c39c5921939cf19d7251463d85bceccb5479694a86d486f965cd96dc1a5ced,Down,0.78,117.08,0.77,672.0,0.76,197.64,0.79,1769.56,0.8,277.0,0.81,7137.27,0.780
1790813970,btc-updown-5m-1790813700,0x4271ada16222e02afbf4ae4a2579f0790882cdf1706025b3fcec3f9b4fac7909,Up,,,,,,,0.01,66404.29,0.02,933.04,0.03,1342.76,0.990
1790813970,btc-updown-5m-1790813700,0x4271ada16222e02afbf4ae4a2579f0790882cdf1706025b3fcec3f9b4fac7909,Down,0.99,66404.29,0.98,933.04,0.97,1342.76,,,,,,,0.990
1790813970,btc-updown-15m-1790813700,0xa2c39c5921939cf19d7251463d85bceccb5479694a86d486f965cd96dc1a5ced,Up,0.21,10.0,0.2,1600.0,0.19,145.0,0.22,453.08,0.23,516.0,0.24,322.64,0.780
1790813970,btc-updown-15m-1790813700,0xa2c39c5921939cf19d7251463d85bceccb5479694a86d486f965cd96dc1a5ced,Down,0.78,453.08,0.77,516.0,0.76,302.64,0.79,80.0,0.8,1620.0,0.81,163.0,0.780
1790813987,btc-updown-5m-1790813700,0x4271ada16222e02afbf4ae4a2579f0790882cdf1706025b3fcec3f9b4fac7909,Up,,,,,,,0.01,66428.1,0.02,876.04,0.03,1320.76,0.990
1790813987,btc-updown-5m-1790813700,0x4271ada16222e02afbf4ae4a2579f0790882cdf1706025b3fcec3f9b4fac7909,Down,0.99,66428.1,0.98,876.04,0.97,1320.76,,,,,,,0.990
1790813987,btc-updown-15m-1790813700,0xa2c39c5921939cf19d7251463d85bceccb5479694a86d486f965cd96dc1a5ced,Up,0.22,45.0,0.21,141.0,0.2,987.0,0.23,424.57,0.24,184.82,0.25,217.0,0.230
1790813987,btc-updown-15m-1790813700,0xa2c39c5921939cf19d7251463d85bceccb5479694a86d486f965cd96dc1a5ced,Down,0.77,424.57,0.76,184.82,0.75,247.0,0.78,45.0,0.79,141.0,0.8,2580.0,0.230
1790813998,btc-updown-5m-1790813700,0x4271ada16222e02afbf4ae4a2579f0790882cdf1706025b3fcec3f9b4fac7909,Up,,,,,,,0.01,88596.84,0.02,661.04,0.03,1095.76,0.990
1790813998,btc-updown-5m-1790813700,0x4271ada16222e02afbf4ae4a2579f0790882cdf1706025b3fcec3f9b4fac7909,Down,0.99,88581.84,0.98,595.04,0.97,1095.76,,,,,,,0.990
1790813998,btc-updown-15m-1790813700,0xa2c39c5921939cf19d7251463d85bceccb5479694a86d486f965cd96dc1a5ced,Up,0.23,203.74,0.22,1700.17,0.21,282.0,0.24,379.15,0.25,486.0,0.26,151.0,0.760
1790813998,btc-updown-15m-1790813700,0xa2c39c5921939cf19d7251463d85bceccb5479694a86d486f965cd96dc1a5ced,Down,0.76,403.31,0.75,496.0,0.74,151.0,0.77,203.74,0.78,1791.17,0.79,174.0,0.760
1790814016,btc-updown-5m-1790813700,0x4271ada16222e02afbf4ae4a2579f0790882cdf1706025b3fcec3f9b4fac7909,Up,,,,,,,0.01,258664.01,0.02,309.94,0.03,160.0,0.990
1790814016,btc-updown-5m-1790813700,0x4271ada16222e02afbf4ae4a2579f0790882cdf1706025b3fcec3f9b4fac7909,Down,0.99,258664.01,0.98,309.94,0.97,160.0,,,,,,,0.990
1790814016,btc-updown-15m-1790813700,0xa2c39c5921939cf19d7251463d85bceccb5479694a86d486f965cd96dc1a5ced,Up,0.25,88.0,0.24,178.0,0.23,115.0,0.26,618.99,0.27,959.02,0.28,1689.0,0.750
1790814016,btc-updown-15m-1790813700,0xa2c39c5921939cf19d7251463d85bceccb5479694a86d486f965cd96dc1a5ced,Down,0.74,618.99,0.73,969.02,0.72,1078.0,0.75,88.0,0.76,178.0,0.77,115.0,0.750
1790814016,btc-updown-5m-1790814000,0x0a8eaf597687d9e6039c4a577f3f7cbb761872fa01dc37b98d1a55e878ceb81b,Up,0.61,322.99,0.6,512.62,0.59,286.95,0.62,894.55,0.63,1096.5,0.64,1661.81,0.380
1790814016,btc-updown-5m-1790814000,0x0a8eaf597687d9e6039c4a577f3f7cbb761872fa01dc37b98d1a55e878ceb81b,Down,0.38,1227.17,0.37,1071.5,0.36,1443.81,0.39,15.0,0.4,20.0,0.42,177.16,0.380
1790814032,btc-updown-15m-1790813700,0xa2c39c5921939cf19d7251463d85bceccb5479694a86d486f965cd96dc1a5ced,Up,0.27,68.75,0.26,173.0,0.25,249.0,0.28,509.76,0.29,381.0,0.3,457.06,0.280
1790814032,btc-updown-15m-1790813700,0xa2c39c5921939cf19d7251463d85bceccb5479694a86d486f965cd96dc1a5ced,Down,0.72,509.76,0.71,381.0,0.7,697.05,0.73,68.75,0.74,173.0,0.75,249.0,0.280
1790812802.148,1790812800,Up,0.2/3ts,slug,cid,side,b1,bs1,b2,bs2,b3,bs3,a1,as1,a2,as2,a3,as3,last
1790812807,btc-updown-15m-1790811900,0x341cfb3a5efa923402e49a5986a6289362370d5c60c6833a78af0912ff673cf6,Up,,,,,,,0.01,128506.78,0.02,1308.0,0.07,1308.0,0.990
1790812807,btc-updown-15m-1790811900,0x341cfb3a5efa923402e49a5986a6289362370d5c60c6833a78af0912ff673cf6,Down,0.99,128506.78,0.98,1308.0,0.93,1308.0,,,,,,,0.990
1790812807,btc-updown-5m-1790812500,0xac4dbcdebbd67de6b7fb38dae3ff2d3e020ff91ad0662e3b0b794028a1bc7337,Up,,,,,,,0.01,216659.54,0.02,192.2,0.03,24.98,0.990
1790812807,btc-updown-5m-1790812500,0xac4dbcdebbd67de6b7fb38dae3ff2d3e020ff91ad0662e3b0b794028a1bc7337,Down,0.99,216659.54,0.98,192.2,0.97,24.98,,,,,,,0.990
1790812807,btc-updown-5m-1790812800,0xfe806aa9901ce94351e2f79be7ae8a66dc6e11196620bbc606b36835d1766fcf,Up,0.53,1328.7,0.52,201.0,0.51,214.85,0.54,172.0,0.55,90.0,0.56,40.0,0.530
1790812807,btc-updown-5m-1790812800,0xfe806aa9901ce94351e2f79be7ae8a66dc6e11196620bbc606b36835d1766fcf,Down,0.4,22.51,0.37,24.0,0.36,24.0,0.42,114.0,0.44,17.85,0.47,1289.13,0.400
1790812807,btc-updown-15m-1790812800,0x97cc7f60606f2565a440589f3162281565428ed83d0116c6d9aa9fa4cca490a0,Up,0.54,443.0,0.53,109.0,0.52,124.0,0.55,58.33,0.56,531.03,0.57,64.0,0.450
1790812807,btc-updown-15m-1790812800,0x97cc7f60606f2565a440589f3162281565428ed83d0116c6d9aa9fa4cca490a0,Down,0.45,318.26,0.44,723.03,0.43,617.0,0.46,266.0,0.47,139.0,0.48,119.0,0.450
1790812824,btc-updown-15m-1790811900,0x341cfb3a5efa923402e49a5986a6289362370d5c60c6833a78af0912ff673cf6,Up,,,,,,,0.01,128506.78,0.02,1308.0,0.07,1308.0,0.990
1790812824,btc-updown-15m-1790811900,0x341cfb3a5efa923402e49a5986a6289362370d5c60c6833a78af0912ff673cf6,Down,0.99,128506.78,0.98,1308.0,0.93,1308.0,,,,,,,0.990
1790812824,btc-updown-5m-1790812500,0xac4dbcdebbd67de6b7fb38dae3ff2d3e020ff91ad0662e3b0b794028a1bc7337,Up,,,,,,,0.01,216482.27,0.02,182.2,0.03,24.98,0.990
1790812824,btc-updown-5m-1790812500,0xac4dbcdebbd67de6b7fb38dae3ff2d3e020ff91ad0662e3b0b794028a1bc7337,Down,0.99,216482.27,0.98,182.2,0.97,24.98,,,,,,,0.990
1790812824,btc-updown-5m-1790812800,0xfe806aa9901ce94351e2f79be7ae8a66dc6e11196620bbc606b36835d1766fcf,Up,0.57,1613.83,0.56,551.7,0.55,351.7,0.58,86.86,0.59,179.1,0.6,385.31,0.420
1790812824,btc-updown-5m-1790812800,0xfe806aa9901ce94351e2f79be7ae8a66dc6e11196620bbc606b36835d1766fcf,Down,0.42,86.86,0.41,209.1,0.4,385.31,0.43,1623.83,0.44,551.7,0.45,391.7,0.420
1790812824,btc-updown-15m-1790812800,0x97cc7f60606f2565a440589f3162281565428ed83d0116c6d9aa9fa4cca490a0,Up,0.52,388.19,0.51,246.52,0.5,2568.1,0.53,78.0,0.54,205.0,0.55,276.0,0.510
1790812824,btc-updown-15m-1790812800,0x97cc7f60606f2565a440589f3162281565428ed83d0116c6d9aa9fa4cca490a0,Down,0.47,78.0,0.46,104.0,0.45,276.0,0.48,388.19,0.49,271.52,0.5,2598.1,0.510
1790812843,btc-updown-5m-1790812800,0xfe806aa9901ce94351e2f79be7ae8a66dc6e11196620bbc606b36835d1766fcf,Up,0.44,262.37,0.43,398.1,0.42,437.1,0.45,683.28,0.46,741.9,0.47,493.0,0.440
1790812843,btc-updown-5m-1790812800,0xfe806aa9901ce94351e2f79be7ae8a66dc6e11196620bbc606b36835d1766fcf,Down,0.55,656.0,0.54,761.9,0.53,443.0,0.56,343.37,0.57,480.1,0.58,338.1,0.440
1790812843,btc-updown-15m-1790812800,0x97cc7f60606f2565a440589f3162281565428ed83d0116c6d9aa9fa4cca490a0,Up,0.5,508.04,0.48,106.0,0.47,263.0,0.51,5088.03,0.52,3978.0,0.53,2605.0,0.500
1790812843,btc-updown-15m-1790812800,0x97cc7f60606f2565a440589f3162281565428ed83d0116c6d9aa9fa4cca490a0,Down,0.49,6662.03,0.48,4598.0,0.47,2580.0,0.5,508.04,0.52,106.0,0.53,263.0,0.500
1790812859,btc-updown-5m-1790812800,0xfe806aa9901ce94351e2f79be7ae8a66dc6e11196620bbc606b36835d1766fcf,Up,0.29,84.0,0.28,240.0,0.27,176.0,0.3,2400.73,0.31,854.66,0.32,450.5,0.300
1790812859,btc-updown-5m-1790812800,0xfe806aa9901ce94351e2f79be7ae8a66dc6e11196620bbc606b36835d1766fcf,Down,0.7,2137.73,0.69,660.66,0.68,455.5,0.71,84.99,0.72,67.06,0.73,227.1,0.710
1790812859,btc-updown-15m-1790812800,0x97cc7f60606f2565a440589f3162281565428ed83d0116c6d9aa9fa4cca490a0,Up,0.4,110.0,0.39,114.0,0.38,262.0,0.41,446.42,0.42,198.0,0.43,175.0,0.570
1790813116,0xcd9342b5e555cf5279798f103392a010aa74df93a99fb07b3c814a52a66ae056,btc-updown-5m-1790813100,1790812839,BUY,Down,0.5099998215,1.960785,0x8677a6132d9fcc27bd4f918a6f1f0a85605609921a4848cd8fe7dcae5adec594ts_seen,proxy,ts_trade,slug,cid,trade_side,outcome,price,size,tx
1790813726,btc-updown-15m-1790812800,0x97cc7f60606f2565a440589f3162281565428ed83d0116c6d9aa9fa4cca490a0,Up,,,,,,,0.001,131518.24,0.006,100.0,0.008,500.0,0.999
1790813726,btc-updown-15m-1790812800,0x97cc7f60606f2565a440589f3162281565428ed83d0116c6d9aa9fa4cca490a0,Down,0.999,131518.24,0.994,100.0,0.992,500.0,,,,,,,0.999
1790813726,btc-updown-5m-1790813400,0x3a659d6d30788b4a89f783fa9ea83aeb72ea5c5e81a91c44289d4ff6e7dc5db7,Up,0.99,246345.05,0.98,80.0,0.96,1317.31,,,,,,,0.990
1790813726,btc-updown-5m-1790813400,0x3a659d6d30788b4a89f783fa9ea83aeb72ea5c5e81a91c44289d4ff6e7dc5db7,Down,,,,,,,0.01,246345.05,0.02,80.0,0.04,1317.31,0.990
1790813726,btc-updown-5m-1790813700,0x4271ada16222e02afbf4ae4a2579f0790882cdf1706025b3fcec3f9b4fac7909,Up,0.22,1572.37,0.21,1864.58,0.2,360.54,0.23,108.0,0.24,531.0,0.25,634.0,0.770
1790813726,btc-updown-5m-1790813700,0x4271ada16222e02afbf4ae4a2579f0790882cdf1706025b3fcec3f9b4fac7909,Down,0.77,123.0,0.76,531.0,0.75,609.0,0.78,1605.31,0.79,1879.58,0.8,375.54,0.220
1790813726,btc-updown-15m-1790813700,0xa2c39c5921939cf19d7251463d85bceccb5479694a86d486f965cd96dc1a5ced,Up,0.36,1967.42,0.35,8287.0,0.34,2797.0,0.37,72.29,0.38,268.65,0.39,226.0,0.360
1790813726,btc-updown-15m-1790813700,0xa2c39c5921939cf19d7251463d85bceccb5479694a86d486f965cd96dc1a5ced,Down,0.63,72.29,0.62,268.65,0.61,226.0,0.64,1967.42,0.65,8382.0,0.66,2867.0,0.360
1790813739,btc-updown-5m-1790813700,0x4271ada16222e02afbf4ae4a2579f0790882cdf1706025b3fcec3f9b4fac7909,Up,0.19,56.25,0.18,282.0,0.17,1081.0,0.2,1170.35,0.21,1566.7,0.22,400.44,0.190
1790813739,btc-updown-5m-1790813700,0x4271ada16222e02afbf4ae4a2579f0790882cdf1706025b3fcec3f9b4fac7909,Down,0.8,1218.35,0.79,1566.7,0.78,400.44,0.81,56.25,0.82,248.0,0.83,1081.0,0.190
1790813739,btc-updown-15m-1790813700,0xa2c39c5921939cf19d7251463d85bceccb5479694a86d486f965cd96dc1a5ced,Up,0.35,322.66,0.34,1701.0,0.33,5782.0,0.36,402.14,0.37,187.0,0.38,138.65,0.350
1790813739,btc-updown-15m-1790813700,0xa2c39c5921939cf19d7251463d85bceccb5479694a86d486f965cd96dc1a5ced,Down,0.64,372.14,0.63,187.0,0.62,138.65,0.65,322.66,0.66,1701.0,0.67,5782.0,0.350
1790813754,btc-updown-5m-1790813700,0x4271ada16222e02afbf4ae4a2579f0790882cdf1706025b3fcec3f9b4fac7909,Up,0.16,127.0,0.15,178.0,0.14,986.0,0.17,609.46,0.18,601.0,0.19,447.0,0.830
1790813754,btc-updown-5m-1790813700,0x4271ada16222e02afbf4ae4a2579f0790882cdf1706025b3fcec3f9b4fac7909,Down,0.83,1259.61,0.82,626.0,0.81,457.0,0.84,76.0,0.85,158.0,0.86,204.0,0.830
1790813754,btc-updown-15m-1790813700,0xa2c39c5921939cf19d7251463d85bceccb5479694a86d486f965cd96dc1a5ced,Up,0.3,150.0,0.29,1621.0,0.28,395.32,0.31,400.0,0.32,481.35,0.33,541.0,0.310
1790813754,btc-updown-15m-1790813700,0xa2c39c5921939cf19d7251463d85bceccb5479694a86d486f965cd96dc1a5ced,Down,0.69,661.0,0.68,395.72,0.67,519.0,0.7,187.14,0.71,1721.0,0.72,400.32,0.300
1790813779,btc-updown-5m-1790813700,0x4271ada16222e02afbf4ae4a2579f0790882cdf1706025b3fcec3f9b4fac7909,Up,0.07,239.0,0.06,463.1,0.05,1060.17,0.08,684.18,0.09,1229.39,0.1,1812.03,0.070
1790813779,btc-updown-5m-1790813700,0x4271ada16222e02afbf4ae4a2579f0790882cdf1706025b3fcec3f9b4fac7909,Down,0.92,684.18,0.91,1229.39,0.9,1812.03,0.93,243.0,0.94,463.1,0.95,1137.17,0.070
1790813779,btc-updown-15m-1790813700,0xa2c39c5921939cf19d7251463d85bceccb5479694a86d486f965cd96dc1a5ced,Up,0.27,2049.73,0.26,752.0,0.25,754.0,0.28,737.0,0.29,186.0,0.3,515.0,0.270
1790813779,btc-updown-15m-1790813700,0xa2c39c5921939cf19d7251463d85bceccb5479694a86d486f965cd96dc1a5ced,Down,0.72,662.0,0.71,186.0,0.7,515.0,0.73,2049.73,0.74,752.0,0.75,754.0,0.270
1790813796,btc-updown-5m-1790813700,0x4271ada16222e02afbf4ae4a2579f0790882cdf1706025b3fcec3f9b4fac7909,Up,0.21,25.0,0.2,48.0,0.19,45.0,0.22,1805.29,0.23,400.05,0.24,1144.18,0.210
1790813796,btc-updown-5m-1790813700,0x4271ada16222e02afbf4ae4a2579f0790882cdf1706025b3fcec3f9b4fac7909,Down,0.79,785.62,0.78,1642.98,0.77,340.33,0.8,48.0,0.81,80.0,0.82,140.0,0.210
1790813796,btc-updown-15m-1790813700,0xa2c39c5921939cf19d7251463d85bceccb5479694a86d486f965cd96dc1a5ced,Up,0.37,12.98,0.36,279.27own-5m-1790813400,0x3a659d6d30788b4a89f783fa9ea83aeb72ea5c5e81a91c44289d4ff6e7dc5db7,Up,39,0,370632.1,0,246425.05,0,1.0
1790825537,btc-updown-5m-1790825400,0x9bf3304a05ef98386c68fd40e75772b990f4ff11c90358d4c473f157f8825ea9,Down,0.84,381.29,0.83,420.67,0.82,602.12,0.85,970.87,0.86,428.0,0.87,583.0,0.850
1790825537,btc-updown-15m-1790825400,0xa2a077a6798246e2955b04fdf7e614e449f0ae8195c3354d6ae264030f8795cd,Up,0.36,123.51,0.35,1979.0,0.34,2404.18,0.37,271.0,0.38,285.0,0.39,344.74,0.360
1790825537,btc-updown-15m-1790825400,0xa2a077a6798246e2955b04fdf7e614e449f0ae8195c3354d6ae264030f8795cd,Down,0.63,315.0,0.62,285.0,0.61,344.74,0.64,123.51,0.65,1991.0,0.66,3591.18,0.360
1790825553,btc-updown-5m-1790825400,0x9bf3304a05ef98386c68fd40e75772b990f4ff11c90358d4c473f157f8825ea9,Up,0.17,277.59,0.16,392.28,0.15,504.0,0.18,699.73,0.19,701.24,0.2,883.0,0.180
1790825553,btc-updown-5m-1790825400,0x9bf3304a05ef98386c68fd40e75772b990f4ff11c90358d4c473f157f8825ea9,Down,0.82,699.73,0.81,706.24,0.8,883.0,0.83,217.59,0.84,352.28,0.85,504.0,0.180
1790825553,btc-updown-15m-1790825400,0xa2a077a6798246e2955b04fdf7e614e449f0ae8195c3354d6ae264030f8795cd,Up,0.36,300.18,0.35,2053.0,0.34,8681.18,0.37,301.0,0.38,80.0,0.39,440.74,0.370
1790825553,btc-updown-15m-1790825400,0xa2a077a6798246e2955b04fdf7e614e449f0ae8195c3354d6ae264030f8795cd,Down,0.63,301.0,0.62,80.0,0.61,440.74,0.64,300.18,0.65,2053.0,0.66,8218.18,0.370
1790825570,btc-updown-5m-1790825400,0x9bf3304a05ef98386c68fd40e75772b990f4ff11c90358d4c473f157f8825ea9,Up,0.2,348.21,0.19,77.0,0.18,123.0,0.21,907.64,0.22,2264.0,0.23,190.0,0.790
1790825570,btc-updown-5m-1790825400,0x9bf3304a05ef98386c68fd40e75772b990f4ff11c90358d4c473f157f8825ea9,Down,0.8,946.96,0.79,598.42,0.78,2208.0,0.81,62.0,0.82,138.0,0.83,292.0,0.790
1790825570,btc-updown-15m-1790825400,0xa2a077a6798246e2955b04fdf7e614e449f0ae8195c3354d6ae264030f8795cd,Up,0.4,5.0,0.39,80.0,0.38,138.0,0.41,488.14,0.42,489.52,0.43,2366.0,0.410
1790825570,btc-updown-15m-1790825400,0xa2a077a6798246e2955b04fdf7e614e449f0ae8195c3354d6ae264030f8795cd,Down,0.59,488.14,0.58,489.52,0.57,2381.0,0.6,5.0,0.61,175.0,0.62,138.0,0.410
1790825576,btc-updown-5m-1790825400,0x9bf3304a05ef98386c68fd40e75772b990f4ff11c90358d4c473f157f8825ea9,Up,0.11,643.52,0.1,301.17,0.09,221.61,0.12,558.17,0.13,1108.56,0.14,270.83,0.110
1790825576,btc-updown-5m-1790825400,0x9bf3304a05ef98386c68fd40e75772b990f4ff11c90358d4c473f157f8825ea9,Down,0.88,558.17,0.87,1108.56,0.86,458.83,0.89,643.52,0.9,291.17,0.91,221.61,0.110
1790825576,btc-updown-15m-1790825400,0xa2a077a6798246e2955b04fdf7e614e449f0ae8195c3354d6ae264030f8795cd,Up,0.34,380.21,0.33,911.0,0.32,7053.0,0.35,377.0,0.36,155.0,0.37,130.0,0.340
1790825576,btc-updown-15m-1790825400,0xa2a077a6798246e2955b04fdf7e614e449f0ae8195c3354d6ae264030f8795cd,Down,0.65,290.0,0.64,241.0,0.63,130.0,0.66,380.21,0.67,911.0,0.68,7734.0,0.340
1790825592,btc-updown-5m-1790825400,0x9bf3304a05ef98386c68fd40e75772b990f4ff11c90358d4c473f157f8825ea9,Up,0.3,550.83,0.29,323.0,0.28,50.0,0.31,894.38,0.32,58.0,0.33,161.67,0.300
1790825592,btc-updown-5m-1790825400,0x9bf3304a05ef98386c68fd40e75772b990f4ff11c90358d4c473f157f8825ea9,Down,0.69,888.09,0.68,151.67,0.67,151.67,0.7,575.83,0.71,338.0,0.72,45.0,0.300
1790825592,btc-updown-15m-1790825400,0xa2a077a6798246e2955b04fdf7e614e449f0ae8195c3354d6ae264030f8795cd,Up,0.44,375.92,0.43,168.0,0.42,258.0,0.45,282.0,0.46,35.0,0.47,425.0,0.440
1790825592,btc-updown-15m-1790825400,0xa2a077a6798246e2955b04fdf7e614e449f0ae8195c3354d6ae264030f8795cd,Down,0.55,287.0,0.54,35.0,0.53,425.0,0.56,375.92,0.57,168.0,0.58,258.0,0.440
1790825608,btc-updown-5m-1790825400,0x9bf3304a05ef98386c68fd40e75772b990f4ff11c90358d4c473f157f8825ea9,Up,0.25,40.0,0.24,20.0,0.23,55.0,0.26,860.28,0.27,1276.0,0.28,1051.0,0.260
1790825608,btc-updown-5m-1790825400,0x9bf3304a05ef98386c68fd40e75772b990f4ff11c90358d4c473f157f8825ea9,Down,0.74,845.28,0.73,1266.0,0.72,1051.0,0.75,20.0,0.76,25.0,0.77,45.0,0.250
1790825608,btc-updown-15m-1790825400,0xa2a077a6798246e2955b04fdf7e614e449f0ae8195c3354d6ae264030f8795cd,Up,0.43,381.92,0.42,1915.0,0.41,5361.0,0.44,212.0,0.45,60.0,0.46,80.0,0.560
1790831990,84201.87,179083197400,0xa52c7a1014036de7c3209585f829b3303f63fcd427ca0618a7be295296c24466,Up,0.41,80.0,0.4,179.0,0.39,218.0,0.42,296.0,0.43,128.0,0.44,589.0,0.420
1790849632,btc-updown-5m-1790849400,0xa52c7a1014036de7c3209585f829b3303f63fcd427ca0618a7be295296c24466,Down,0.58,352.78,0.57,168.0,0.56,880.0,0.59,30.0,0.6,179.0,0.61,124.0,0.420
1790849638,btc-updown-15m-1790848800,0xbf68313c091008adf374bcaf70bd119a20cbb2de3530cb14adce426f92cb4cac,Up,,,,,,,0.001,101.1,0.004,65.0,0.009,132.36,0.001
1790849638,btc-updown-15m-1790848800,0xbf68313c091008adf374bcaf70bd119a20cbb2de3530cb14adce426f92cb4cac,Down,0.999,101.1,0.997,20.0,0.996,65.0,,,,,,,0.001
1790849638,btc-updown-5m-1790849400,0xa52c7a1014036de7c3209585f829b3303f63fcd427ca0618a7be295296c24466,Up,0.35,338.0,0.34,283.0,0.33,40.0,0.36,228.36,0.37,292.0,0.38,265.0,0.360
1790849638,btc-updown-5m-1790849400,0xa52c7a1014036de7c3209585f829b3303f63fcd427ca0618a7be295296c24466,Down,0.64,363.86,0.63,135.0,0.62,155.0,0.65,335.61,0.66,283.0,0.67,80.0,0.640
1790849644,btc-updown-15m-1790848800,0xbf68313c091008adf374bcaf70bd119a20cbb2de3530cb14adce426f92cb4cac,Up,,,,,,,0.001,124.1,0.004,65.0,0.005,20.0,0.001
1790849644,btc-updown-15m-1790848800,0xbf68313c091008adf374bcaf70bd119a20cbb2de3530cb14adce426f92cb4cac,Down,0.999,124.1,0.996,65.0,0.995,20.0,,,,,,,0.001
1790849644,btc-updown-5m-1790849400,0xa52c7a1014036de7c3209585f829b3303f63fcd427ca0618a7be295296c24466,Up,0.88,144.0,0.87,271.0,0.86,127.0,0.89,305.72,0.9,218.0,0.91,5.0,0.100
1790849644,btc-updown-5m-1790849400,0xa52c7a1014036de7c3209585f829b3303f63fcd427ca0618a7be295296c24466,Down,0.11,296.78,0.1,253.0,0.09,5.0,0.12,79.0,0.13,316.0,0.14,127.0,0.890
1790849661,btc-updown-15m-1790848800,0xbf68313c091008adf374bcaf70bd119a20cbb2de3530cb14adce426f92cb4cac,Up,,,,,,,0.001,6091.01,0.002,20.0,0.003,20.0,0.001
1790849661,btc-updown-15m-1790848800,0xbf68313c091008adf374bcaf70bd119a20cbb2de3530cb14adce426f92cb4cac,Down,0.999,6091.01,0.998,20.0,0.997,20.0,,,,,,,0.001
1790849661,btc-updown-5m-1790849400,0xa52c7a1014036de7c3209585f829b3303f63fcd427ca0618a7be295296c24466,Up,0.97,169.0,0.96,174.0,0.95,247.0,0.98,667.79,0.99,3033.25,,,0.020
1790849661,btc-updown-5m-1790849400,0xa52c7a1014036de7c3209585f829b3303f63fcd427ca0618a7be295296c24466,Down,0.02,667.79,0.01,3033.25,,,0.03,169.0,0.04,174.0,0.05,247.0,0.020
1790849667,btc-updown-15m-1790848800,0xbf68313c091008adf374bcaf70bd119a20cbb2de3530cb14adce426f92cb4cac,Up,,,,,,,0.001,6091.01,0.002,20.0,0.004,5.0,0.001
1790849667,btc-updown-15m-1790848800,0xbf68313c091008adf374bcaf70bd119a20cbb2de3530cb14adce426f92cb4cac,Down,0.999,6091.01,0.998,20.0,0.996,5.0,,,,,,,0.001
1790849667,btc-updown-5m-1790849400,0xa52c7a1014036de7c3209585f829b3303f63fcd427ca0618a7be295296c24466,Up,0.98,417.07,0.97,461.67,0.96,485.0,0.99,2296.56,,,,,0.010
1790849667,btc-updown-5m-1790849400,0xa52c7a1014036de7c3209585f829b3303f63fcd427ca0618a7be295296c24466,Down,0.01,2398.24,,,,,0.02,427.07,0.03,381.67,0.04,525.0,0.010
1790849673,btc-updown-15m-1790848800,0xbf68313c091008adf374bcaf70bd119a20cbb2de3530cb14adce426f92cb4cac,Up,,,,,,,0.001,6089.12,0.002,20.0,0.004,5.0,0.999
1790849673,btc-updown-15m-1790848800,0xbf68313c091008adf374bcaf70bd119a20cbb2de3530cb14adce426f92cb4cac,Down,0.999,6089.12,0.998,20.0,0.996,5.0,,,,,,,0.999
1790849673,btc-updown-5m-1790849400,0xa52c7a1014036de7c3209585f829b3303f63fcd427ca0618a7be295296c24466,Up,0.99,4072.7,0.98,792.96,0.97,330.0,,,,,,,0.990
1790849673,btc-updown-5m-1790849400,0xa52c7a1014036de7c3209585f829b3303f63fcd427ca0618a7be295296c24466,Down,,,,,,,0.01,4072.7,0.02,792.96,0.03,330.0,0.990
1790849679,btc-updown-15m-1790848800,0xbf68313c091008adf374bcaf70bd119a20cbb2de3530cb14adce426f92cb4cac,Up,,,,,,,0.001,12211.54,0.002,20.0,0.004,5.0,0.999
1790849679,btc-updown-15m-1790848800,0xbf68313c091008adf374bcaf70bd119a20cbb2de3530cb14adce426f92cb4cac,Down,0.999,12211.54,0.998,20.0,0.996,5.0,,,,,,,0.999
1790849679,btc-updown-5m-1790849400,0xa52c7a1014036de7c3209585f829b3303f63fcd427ca0618a7be295296c24466,Up,0.99,3996.31,0.98,476.06,0.97,300.0,,,,,,,0.990
1790849478,btc-updown-5m-1790849400,0xa52c7a1014036de7c3209585f829b3303f63fcd427ca0618a7be295296c24466,Up,0.18,15.0,0.17,333.41,0.16,695.21,0.19,753.0,0.2,923.57,0.21,318.0,0.190
1790849478,btc-updown-5m-1790849400,0xa52c7a1014036de7c3209585f829b3303f63fcd427ca0618a7be295296c24466,Down,0.81,763.0,0.8,923.57,0.79,418.0,0.82,15.0,0.83,333.41,0.84,695.21,0.190
1790849484,btc-updown-15m-1790848800,0xbf68313c091008adf374bcaf70bd119a20cbb2de3530cb14adce426f92cb4cac,Up,0.003,20.0,0.002,40.81,0.001,900.63,0.004,25.37,0.009,35.0,0.01,35.0,0.005
1790849484,btc-updown-15m-1790848800,0xbf68313c091008adf374bcaf70bd119a20cbb2de3530cb14adce426f92cb4cac,Down,0.996,25.37,0.991,35.0,0.99,40.0,0.997,44.0,0.998,40.81,0.999,900.63,0.005
1790849484,btc-updown-5m-1790849400,0xa52c7a1014036de7c3209585f829b3303f63fcd427ca0618a7be295296c24466,Up,0.17,270.0,0.16,559.83,0.15,449.0,0.18,84.0,0.19,804.89,0.2,347.11,0.830
1790849484,btc-updown-5m-1790849400,0xa52c7a1014036de7c3209585f829b3303f63fcd427ca0618a7be295296c24466,Down,0.82,163.0,0.81,804.89,0.8,347.11,0.83,230.0,0.84,559.83,0.85,449.0,0.830
1790849490,btc-updown-15m-1790848800,0xbf68313c091008adf374bcaf70bd119a20cbb2de3530cb14adce426f92cb4cac,Up,0.019,45.0,0.018,35.0,0.011,68.19,0.02,136.14,0.023,60.0,0.024,60.0,0.990
1790849490,btc-updown-15m-1790848800,0xbf68313c091008adf374bcaf70bd119a20cbb2de3530cb14adce426f92cb4cac,Down,0.98,136.14,0.977,60.0,0.976,65.0,0.981,40.0,0.982,35.0,0.989,68.19,0.990
1790849490,btc-updown-5m-1790849400,0xa52c7a1014036de7c3209585f829b3303f63fcd427ca0618a7be295296c24466,Up,0.26,169.48,0.25,138.0,0.24,143.0,0.27,447.08,0.28,557.9,0.29,313.66,0.260
1790849490,btc-updown-5m-1790849400,0xa52c7a1014036de7c3209585f829b3303f63fcd427ca0618a7be295296c24466,Down,0.73,901.57,0.72,589.56,0.71,304.0,0.74,169.48,0.75,183.0,0.76,143.0,0.260
1790849507,btc-updown-15m-1790848800,0xbf68313c091008adf374bcaf70bd119a20cbb2de3530cb14adce426f92cb4cac,Up,0.012,18.42,0.011,56.86,0.01,6125.24,0.014,7.19,0.017,60.0,0.018,60.0,0.011
1790849507,btc-updown-15m-1790848800,0xbf68313c091008adf374bcaf70bd119a20cbb2de3530cb14adce426f92cb4cac,Down,0.986,7.19,0.983,60.0,0.982,60.0,0.988,10.42,0.989,46.69,0.99,6125.24,0.011
1790849507,btc-updown-5m-1790849400,0xa52c7a1014036de7c3209585f829b3303f63fcd427ca0618a7be295296c24466,Up,0.26,325.4,0.25,493.13,0.24,278.0,0.27,40.0,0.28,75.0,0.29,136.0,0.740
1790849507,btc-updown-5m-1790849400,0xa52c7a1014036de7c3209585f829b3303f63fcd427ca0618a7be295296c24466,Down,0.73,20.0,0.72,75.0,0.71,91.0,0.74,394.09,0.75,430.76,0.76,165.0,0.740
1790849523,btc-updown-15m-1790848800,0xbf68313c091008adf374bcaf70bd119a20cbb2de3530cb14adce426f92cb4cac,Up,0.014,35.0,0.01,6277.67,0.004,153.32,0.019,7.19,0.02,276.14,0.025,65.45,0.989
1790849523,btc-updown-15m-1790848800,0xbf68313c091008adf374bcaf70bd119a20cbb2de3530cb14adce426f92cb4cac,Down,0.987,35.0,0.986,35.0,0.981,7.19,0.99,6277.67,0.994,24.0,0.996,153.32,0.989
1790849523,btc-updown-5m-1790849400,0xa52c7a1014036de7c3209585f829b3303f63fcd427ca0618a7be295296c24466,Up,0.42,256.0,0.41,282.78,0.4,269.0,0.43,373.0,0.44,297.0,0.45,448.0,0.570
1790849523,btc-updown-5m-1790849400,0xa52c7a1014036de7c3209585f829b3303f63fcd427ca0618a7be295296c24466,Down,0.57,413.72,0.56,395.0,0.55,260.0,0.58,203.0,0.6,159.0,0.61,301.0,0.570
1790849535,btc-updown-15m-1790848800,0xbf68313c091008adf374bcaf70bd119a20cbb2de3530cb14adce426f92cb4cac,Up,0.01,6087.67,0.006,24.0,0.003,20.0,0.019,7.19,0.02,331.14,0.021,60.0,0.990
1790849535,btc-updown-15m-1790848800,0xbf68313c091008adf374bcaf70bd119a20cbb2de3530cb14adce426f92cb4cac,Down,0.981,7.19,0.98,331.14,0.979,60.0,0.99,6087.67,0.994,24.0,0.997,20.0,0.990
1790849535,btc-updown-5m-1790849400,0xa52c7a1014036de7c3209585f829b3303f63fcd427ca0618a7be295296c24466,Up,0.39,5.0,0.38,15.0,0.37,115.0,0.41,1067.64,0.42,476.0,0.43,266.0,0.400
1790849535,btc-updown-5m-1790849400,0xa52c7a1014036de7c3209585f829b3303f63fcd427ca0618a7be295296c24466,Down,0.6,579.13,0.59,1107.64,0.58,273.0,0.61,5.0,0.63,90.0,0.64,91.0,0.400
1790849552,btc-updown-15m-179797c89b9056c93a94b52cb1b445d86a0b6f95f45d404a8,Up,0.29,271.18,0.28,1211.0,0.27,838.0,0.3,304.44,0.31,1640.0,0.32,667.0,0.290
1790849759,btc-updown-15m-1790849700,0x029e463b66534c9070797c89b9056c93a94b52cb1b445d86a0b6f95f45d404a8,Down,0.7,318.46,0.69,1677.0,0.68,678.0,0.71,271.18,0.72,1118.0,0.73,936.0,0.290
1790849765,btc-updown-5m-1790849700,0xe28c2eaf5f6037eece5d3b9734153b3ef26ecd72c302ae6dcc2382be7829738e,Up,0.14,1122.68,0.13,592.0,0.12,482.0,0.15,541.52,0.16,543.0,0.17,345.0,0.140
1790849765,btc-updown-5m-1790849700,0xe28c2eaf5f6037eece5d3b9734153b3ef26ecd72c302ae6dcc2382be7829738e,Down,0.85,565.52,0.84,543.0,0.83,345.0,0.86,1122.68,0.87,592.0,0.88,389.0,0.140
1790849765,btc-updown-15m-1790849700,0x029e463b66534c9070797c89b9056c93a94b52cb1b445d86a0b6f95f45d404a8,Up,0.29,259.18,0.28,968.0,0.27,918.0,0.3,279.0,0.31,1708.0,0.32,748.0,0.290
1790849765,btc-updown-15m-1790849700,0x029e463b66534c9070797c89b9056c93a94b52cb1b445d86a0b6f95f45d404a8,Down,0.7,204.0,0.69,45.0,0.68,565.0,0.71,392.86,0.72,1028.0,0.73,833.0,0.290
1790849770,btc-updown-5m-1790849700,0xe28c2eaf5f6037eece5d3b9734153b3ef26ecd72c302ae6dcc2382be7829738e,Up,0.13,796.76,0.12,652.75,0.11,318.0,0.14,113.0,0.15,691.07,0.16,518.0,0.130
1790849770,btc-updown-5m-1790849700,0xe28c2eaf5f6037eece5d3b9734153b3ef26ecd72c302ae6dcc2382be7829738e,Down,0.86,98.0,0.85,696.07,0.84,518.0,0.87,796.76,0.88,652.75,0.89,400.0,0.130
1790849770,btc-updown-15m-1790849700,0x029e463b66534c9070797c89b9056c93a94b52cb1b445d86a0b6f95f45d404a8,Up,0.29,260.0,0.28,663.0,0.27,733.0,0.3,268.66,0.31,192.0,0.32,638.0,0.700
1790849770,btc-updown-15m-1790849700,0x029e463b66534c9070797c89b9056c93a94b52cb1b445d86a0b6f95f45d404a8,Down,0.7,278.66,0.69,192.0,0.68,638.0,0.71,250.0,0.72,663.0,0.73,733.0,0.700
1790849778,btc-updown-5m-1790849700,0xe28c2eaf5f6037eece5d3b9734153b3ef26ecd72c302ae6dcc2382be7829738e,Up,0.09,224.0,0.08,437.63,0.07,996.0,0.1,552.57,0.11,363.6,0.12,549.0,0.090
1790849778,btc-updown-5m-1790849700,0xe28c2eaf5f6037eece5d3b9734153b3ef26ecd72c302ae6dcc2382be7829738e,Down,0.9,558.69,0.89,363.6,0.88,549.0,0.91,297.0,0.92,437.63,0.93,696.0,0.090
1790849778,btc-updown-15m-1790849700,0x029e463b66534c9070797c89b9056c93a94b52cb1b445d86a0b6f95f45d404a8,Up,0.27,232.0,0.26,658.0,0.25,593.0,0.28,325.36,0.29,1791.0,0.3,1153.0,0.280
1790849778,btc-updown-15m-1790849700,0x029e463b66534c9070797c89b9056c93a94b52cb1b445d86a0b6f95f45d404a8,Down,0.72,311.0,0.71,1685.0,0.7,680.0,0.73,248.0,0.74,663.0,0.75,618.0,0.280
1790849784,btc-updown-5m-1790849700,0xe28c2eaf5f6037eece5d3b9734153b3ef26ecd72c302ae6dcc2382be7829738e,Up,0.09,6.0,0.08,437.0,0.07,1026.63,0.1,1002.43,0.11,749.0,0.12,368.0,0.900
1790849784,btc-updown-5m-1790849700,0xe28c2eaf5f6037eece5d3b9734153b3ef26ecd72c302ae6dcc2382be7829738e,Down,0.91,221.24,0.9,680.94,0.89,561.0,0.92,497.0,0.93,1026.63,0.94,506.1,0.900
1790849784,btc-updown-15m-1790849700,0x029e463b66534c9070797c89b9056c93a94b52cb1b445d86a0b6f95f45d404a8,Up,0.27,51.92,0.26,702.0,0.25,545.0,0.28,425.19,0.29,1853.0,0.3,828.0,0.270
1790849784,btc-updown-15m-1790849700,0x029e463b66534c9070797c89b9056c93a94b52cb1b445d86a0b6f95f45d404a8,Down,0.72,455.19,0.71,1853.0,0.7,828.0,0.73,51.92,0.74,702.0,0.75,545.0,0.270
1790849790,btc-updown-5m-1790849700,0xe28c2eaf5f6037eece5d3b9734153b3ef26ecd72c302ae6dcc2382be7829738e,Up,0.08,60.0,0.07,701.0,0.06,483.0,0.09,795.69,0.1,937.45,0.11,752.6,0.080
1790849790,btc-updown-5m-1790849700,0xe28c2eaf5f6037eece5d3b9734153b3ef26ecd72c302ae6dcc2382be7829738e,Down,0.91,795.69,0.9,937.45,0.89,752.6,0.92,55.0,0.93,701.0,0.94,483.0,0.080
1790849790,btc-updown-15m-1790849700,0x029e463b66534c9070797c89b9056c93a94b52cb1b445d86a0b6f95f45d404a8,Up,0.24,232.97,0.23,658.0,0.22,2398.0,0.25,277.69,0.26,215.0,0.27,1800.0,0.750
1790849790,btc-updown-15m-1790849700,0x029e463b66534c9070797c89b9056c93a94b52cb1b445d86a0b6f95f45d404a8,Down,0.75,277.69,0.74,200.0,0.73,2110.0,0.76,242.97,0.77,658.0,0.78,2478.0,0.750
1790849552,btc-updown-15m-1790848800,0xbf68313c091008adf374bcaf70bd119a20cbb2de3530cb14adce426f92cb4cac,Down,0.981,7.19,0.98,314.14,0.979,20.0,0.99,6083.67,0.996,24.0,0.999,55.0,0.990
1790849552,btc-updown-5m-1790849400,0xa52c7a1014036de7c3209585f829b3303f63fcd427ca0618a7be295296c24466,Up,0.47,40.37,0.46,112.0,0.45,111.0,0.48,422.99,0.49,339.2,0.5,276.66,0.520
1790849552,btc-updown-5m-1790849400,0xa52c7a1014036de7c3209585f829b3303f63fcd427ca0618a7be295296c24466,Down,0.52,481.47,0.51,278.0,0.5,138.66,0.53,105.0,0.54,102.0,0.55,116.0,0.520
1790849559,btc-updown-15m-1790848800,0xbf68313c091008adf374bcaf70bd119a20cbb2de3530cb14adce426f92cb4cac,Up,0.01,6052.67,0.002,24.0,0.001,55.0,0.019,72.19,0.02,299.14,0.021,60.0,0.990
1790849559,btc-updown-15m-1790848800,0xbf68313c091008adf374bcaf70bd119a20cbb2de3530cb14adce426f92cb4cac,Down,0.981,72.19,0.98,299.14,0.979,60.0,0.99,6052.67,0.998,24.0,0.999,55.0,0.990
1790849559,btc-updown-5m-1790849400,0xa52c7a1014036de7c3209585f829b3303f63fcd427ca0618a7be295296c24466,Up,0.4,1670.82,0.39,501.3,0.38,341.0,0.41,138.0,0.42,60.0,0.43,45.0,0.400
1790849559,btc-updown-5m-1790849400,0xa52c7a1014036de7c3209585f829b3303f63fcd427ca0618a7be295296c24466,Down,0.59,138.0,0.58,60.0,0.57,45.0,0.6,1530.82,0.61,501.3,0.62,335.0,0.400
1790849565,btc-updown-15m-1790848800,0xbf68313c091008adf374bcaf70bd119a20cbb2de3530cb14adce426f92cb4cac,Up,0.014,35.0,0.01,5907.51,0.001,35.0,0.015,65.0,0.016,60.0,0.017,60.0,0.990
1790849565,btc-updown-15m-1790848800,0xbf68313c091008adf374bcaf70bd119a20cbb2de3530cb14adce426f92cb4cac,Down,0.985,65.0,0.984,60.0,0.983,60.0,0.986,35.0,0.99,5907.51,0.999,35.0,0.990
1790849565,btc-updown-5m-1790849400,0xa52c7a1014036de7c3209585f829b3303f63fcd427ca0618a7be295296c24466,Up,0.34,1731.2,0.33,521.0,0.32,1066.06,0.35,45.0,0.36,40.0,0.37,10.0,0.650
1790849565,btc-updown-5m-1790849400,0xa52c7a1014036de7c3209585f829b3303f63fcd427ca0618a7be295296c24466,Down,0.65,33.57,0.64,35.0,0.63,20.0,0.66,1621.2,0.67,491.0,0.68,1025.06,0.650
1790849571,btc-updown-15m-1790848800,0xbf68313c091008adf374bcaf70bd119a20cbb2de3530cb14adce426f92cb4cac,Up,0.01,5999.67,0.001,35.0,,,0.012,5.0,0.014,134.73,0.015,60.0,0.014
1790849571,btc-updown-15m-1790848800,0xbf68313c091008adf374bcaf70bd119a20cbb2de3530cb14adce426f92cb4cac,Down,0.988,5.0,0.986,134.73,0.985,60.0,0.99,5999.67,0.999,35.0,,,0.014
1790849571,btc-updown-5m-1790849400,0xa52c7a1014036de7c3209585f829b3303f63fcd427ca0618a7be295296c24466,Up,0.39,40.0,0.38,95.0,0.37,30.0,0.4,543.62,0.41,1097.72,0.42,400.0,0.600
1790849571,btc-updown-5m-1790849400,0xa52c7a1014036de7c3209585f829b3303f63fcd427ca0618a7be295296c24466,Down,0.6,543.62,0.59,1097.72,0.58,400.0,0.61,40.0,0.62,95.0,0.63,30.0,0.600
1790849577,btc-updown-15m-1790848800,0xbf68313c091008adf374bcaf70bd119a20cbb2de3530cb14adce426f92cb4cac,Up,0.012,15.0,0.01,5990.6,0.003,45.0,0.013,5.0,0.014,20.0,0.015,68.73,0.011
1790849577,btc-updown-15m-1790848800,0xbf68313c091008adf374bcaf70bd119a20cbb2de3530cb14adce426f92cb4cac,Down,0.987,5.0,0.986,20.0,0.985,68.73,0.988,35.0,0.99,5985.6,0.997,45.0,0.011
1790849577,btc-updown-5m-1790849400,0xa52c7a1014036de7c3209585f829b3303f63fcd427ca0618a7be295296c24466,Up,0.29,793.61,0.28,266.0,0.27,709.0,0.3,58.0,0.31,149.0,0.32,83.48,0.700
1790849577,btc-updown-5m-1790849400,0xa52c7a1014036de7c3209585f829b3303f63fcd427ca0618a7be295296c24466,Down,0.7,6.0,0.69,149.0,0.68,83.48,0.71,1593.61,0.72,266.0,0.73,709.0,0.700
1790849584,btc-updown-15m-1790848800,0xbf68313c091008adf374bcaf70bd119a20cbb2de3530cb14adce426f92cb4cac,Up,0.01,3954.32,0.003,45.0,0.002,20.0,0.011,8.0,0.012,65.0,0.013,27.7,0.990
1790849584,btc-updown-15m-1790848800,0xbf68313c091008adf374bcaf70bd119a20cbb2de3530cb14adce426f92cb4cac,Down,0.989,28.0,0.988,65.0,0.987,47.7,0.99,3954.32,0.997,45.0,0.998,20.0,0.990
1790850533,btc-updown-5m-1790850300,0x4bc2b11afd1d8d6df1206b561634ec6f107b6c19f5e5c49318359525411d1a44,Up,0.1,5.0,0.09,120.0,0.08,311.29,0.11,865.28,0.12,709.26,0.13,1319.49,0.890
1790850533,btc-updown-5m-1790850300,0x4bc2b11afd1d8d6df1206b561634ec6f107b6c19f5e5c49318359525411d1a44,Down,0.89,896.18,0.88,729.26,0.87,1289.49,0.9,5.0,0.91,120.0,0.92,322.29,0.890
1790850539,btc-updown-15m-1790849700,0x029e463b66534c9070797c89b9056c93a94b52cb1b445d86a0b6f95f45d404a8,Up,0.11,164.19,0.1,70.0,0.09,14.99,0.12,28.0,0.13,50.0,0.14,5.0,0.110
1790850539,btc-updown-15m-1790849700,0x029e463b66534c9070797c89b9056c93a94b52cb1b445d86a0b6f95f45d404a8,Down,0.88,28.0,0.87,50.0,0.86,35.0,0.89,204.19,0.9,70.0,0.91,14.99,0.110
1790850539,btc-updown-5m-1790850300,0x4bc2b11afd1d8d6df1206b561634ec6f107b6c19f5e5c49318359525411d1a44,Up,0.03,727.55,0.02,521.0,0.01,395.6,0.04,153.85,0.05,349.23,0.06,363.0,0.030
1790850539,btc-updown-5m-1790850300,0x4bc2b11afd1d8d6df1206b561634ec6f107b6c19f5e5c49318359525411d1a44,Down,0.96,143.85,0.95,349.23,0.94,363.0,0.97,742.55,0.98,536.0,0.99,410.6,0.030
1790850545,btc-updown-15m-1790849700,0x029e463b66534c9070797c89b9056c93a94b52cb1b445d86a0b6f95f45d404a8,Up,0.05,400.0,0.04,80.0,0.03,106.33,0.06,70.0,0.07,65.0,0.08,45.0,0.060
1790850545,btc-updown-15m-1790849700,0x029e463b66534c9070797c89b9056c93a94b52cb1b445d86a0b6f95f45d404a8,Down,0.94,130.0,0.93,65.0,0.92,15.0,0.95,375.0,0.96,80.0,0.97,106.33,0.940
1790850545,btc-updown-5m-1790850300,0x4bc2b11afd1d8d6df1206b561634ec6f107b6c19f5e5c49318359525411d1a44,Up,,,,,,,0.01,22.94,0.02,215.0,0.03,229.83,0.010
1790850545,btc-updown-5m-1790850300,0x4bc2b11afd1d8d6df1206b561634ec6f107b6c19f5e5c49318359525411d1a44,Down,0.99,87.94,0.98,120.0,0.97,234.83,,,,,,,0.010
1790850562,btc-updown-15m-1790849700,0x029e463b66534c9070797c89b9056c93a94b52cb1b445d86a0b6f95f45d404a8,Up,0.01,135.0,,,,,0.02,119.11,0.03,5.0,0.04,5.0,0.980
1790850562,btc-updown-15m-1790849700,0x029e463b66534c9070797c89b9056c93a94b52cb1b445d86a0b6f95f45d404a8,Down,0.98,20.11,0.97,5.0,0.96,96.93,0.99,65.0,,,,,0.980
1790850562,btc-updown-5m-1790850300,0x4bc2b11afd1d8d6df1206b561634ec6f107b6c19f5e5c49318359525411d1a44,Up,,,,,,,0.01,18968.02,0.02,1022.1,0.03,464.83,0.990
1790850562,btc-updown-5m-1790850300,0x4bc2b11afd1d8d6df1206b561634ec6f107b6c19f5e5c49318359525411d1a44,Down,0.99,18968.02,0.98,1022.1,0.97,464.83,,,,,,,0.990
1790850578,btc-updown-15m-1790849700,0x029e463b66534c9070797c89b9056c93a94b52cb1b445d86a0b6f95f45d404a8,Up,,,,,,,0.01,1120.93,0.02,212.51,0.03,414.43,0.990
1790850578,btc-updown-15m-1790849700,0x029e463b66534c9070797c89b9056c93a94b52cb1b445d86a0b6f95f45d404a8,Down,0.99,1120.93,0.98,212.51,0.97,414.43,,,,,,,0.990
1790850578,btc-updown-5m-1790850300,0x4bc2b11afd1d8d6df1206b561634ec6f107b6c19f5e5c49318359525411d1a44,Up,,,,,,,0.01,53488.51,0.02,1421.08,0.03,1216.23,0.990
1790850578,btc-updown-5m-1790850300,0x4bc2b11afd1d8d6df1206b561634ec6f107b6c19f5e5c49318359525411d1a44,Down,0.99,53488.51,0.98,1421.08,0.97,1216.23,,,,,,,0.990
1790850595,btc-updown-15m-1790849700,0x029e463b66534c9070797c89b9056c93a94b52cb1b445d86a0b6f95f45d404a8,Up,,,,,,,0.01,29021.69,0.02,292.51,0.03,504.41,0.990
1790850595,btc-updown-15m-1790849700,0x029e463b66534c9070797c89b9056c93a94b52cb1b445d86a0b6f95f45d404a8,Down,0.99,29021.69,0.98,292.51,0.97,504.41,,,,,,,0.990
1790850595,btc-updown-5m-1790850300,0x4bc2b11afd1d8d6df1206b561634ec6f107b6c19f5e5c49318359525411d1a44,Up,,,,,,,0.01,78782.09,0.02,1331.08,0.03,1140.59,0.990
1790850595,btc-updown-5m-1790850300,0x4bc2b11afd1d8d6df1206b561634ec6f107b6c19f5e5c49318359525411d1a44,Down,0.99,78756.66,0.98,1331.08,0.97,1140.59,,,,,,,0.990
1790850612,btc-updown-15m-1790849700,0x029e463b66534c9070797c89b9056c93a94b52cb1b445d86a0b6f95f45d404a8,Up,,,,,,,0.001,81351.56,0.009,1500.0,0.01,111529.68,0.999
1790850612,btc-updown-15m-1790849700,0x029e463b66534c9070797c89b9056c93a94b52cb1b445d86a0b6f95f45d404a8,Down,0.999,81351.56,0.991,1500.0,0.99,111529.68,,,,,,,0.999
1790858458,btc-updown-15m-1790857800,0x8670843f364c8e789225ca07212870f083c78b4ebec633652197bacbfe59f2fc,Down,0.14,74.91,0.13,239.7,0.12,108.34,0.15,355.99,0.16,170.0,0.17,944.31,0.860
1790858458,btc-updown-5m-1790858400,0x169c5b12374fc5455580bd2a6a1292674b15ca64821cd7f34b87f40c7be28743,Up,0.83,6.0,0.82,224.0,0.81,1741.89,0.84,1452.83,0.85,613.0,0.86,320.29,0.160
1790858458,btc-updown-5m-1790858400,0x169c5b12374fc5455580bd2a6a1292674b15ca64821cd7f34b87f40c7be28743,Down,0.16,1393.15,0.15,673.0,0.14,448.29,0.17,6.0,0.18,134.0,0.19,1801.89,0.160
1790858464,btc-updown-15m-1790857800,0x8670843f364c8e789225ca07212870f083c78b4ebec633652197bacbfe59f2fc,Up,0.85,849.67,0.84,561.31,0.83,490.0,0.86,30.0,0.87,130.7,0.88,96.34,0.140
1790858464,btc-updown-15m-1790857800,0x8670843f364c8e789225ca07212870f083c78b4ebec633652197bacbfe59f2fc,Down,0.13,125.7,0.12,131.34,0.11,584.1,0.14,30.0,0.15,844.67,0.16,4060.31,0.140
1790858464,btc-updown-5m-1790858400,0x169c5b12374fc5455580bd2a6a1292674b15ca64821cd7f34b87f40c7be28743,Up,0.84,1044.47,0.83,656.58,0.82,595.41,0.85,20.0,0.86,403.0,0.87,403.77,0.150
1790858464,btc-updown-5m-1790858400,0x169c5b12374fc5455580bd2a6a1292674b15ca64821cd7f34b87f40c7be28743,Down,0.14,568.0,0.13,621.77,0.12,347.54,0.15,311.96,0.16,858.34,0.17,483.58,0.140
1790858482,btc-updown-15m-1790857800,0x8670843f364c8e789225ca07212870f083c78b4ebec633652197bacbfe59f2fc,Up,0.96,159.0,0.95,464.3,0.94,5900.0,0.97,543.0,0.98,242.14,0.99,1612.95,0.960
1790858482,btc-updown-15m-1790857800,0x8670843f364c8e789225ca07212870f083c78b4ebec633652197bacbfe59f2fc,Down,0.03,533.7,0.02,242.14,0.01,2212.95,0.04,189.0,0.05,560.3,0.06,5910.0,0.960
1790858482,btc-updown-5m-1790858400,0x169c5b12374fc5455580bd2a6a1292674b15ca64821cd7f34b87f40c7be28743,Up,0.96,533.3,0.95,623.41,0.94,2261.67,0.97,790.26,0.98,2147.68,0.99,10202.92,0.030
1790858482,btc-updown-5m-1790858400,0x169c5b12374fc5455580bd2a6a1292674b15ca64821cd7f34b87f40c7be28743,Down,0.03,790.26,0.02,2147.68,0.01,10197.92,0.04,533.3,0.05,623.41,0.06,2261.67,0.030
1790858488,btc-updown-15m-1790857800,0x8670843f364c8e789225ca07212870f083c78b4ebec633652197bacbfe59f2fc,Up,0.97,338.99,0.96,310.0,0.95,3743.0,0.98,400.14,0.99,722.04,,,0.030
1790858488,btc-updown-15m-1790857800,0x8670843f364c8e789225ca07212870f083c78b4ebec633652197bacbfe59f2fc,Down,0.02,346.0,0.01,750.2,,,0.03,348.99,0.04,484.31,0.05,534.0,0.020
1790858488,btc-updown-5m-1790858400,0x169c5b12374fc5455580bd2a6a1292674b15ca64821cd7f34b87f40c7be28743,Up,0.97,1155.61,0.96,991.34,0.95,589.41,0.98,1606.77,0.99,8884.92,,,0.020
1790858488,btc-updown-5m-1790858400,0x169c5b12374fc5455580bd2a6a1292674b15ca64821cd7f34b87f40c7be28743,Down,0.02,1606.77,0.01,8884.92,,,0.03,1190.61,0.04,991.34,0.05,589.41,0.020
1790858494,btc-updown-15m-1790857800,0x8670843f364c8e789225ca07212870f083c78b4ebec633652197bacbfe59f2fc,Up,0.97,393.54,0.96,350.0,0.95,8059.31,0.98,361.81,0.99,862.95,,,0.970
1790858494,btc-updown-15m-1790857800,0x8670843f364c8e789225ca07212870f083c78b4ebec633652197bacbfe59f2fc,Down,0.02,416.81,0.01,862.95,,,0.03,393.54,0.04,350.0,0.05,8034.31,0.970
1790858494,btc-updown-5m-1790858400,0x169c5b12374fc5455580bd2a6a1292674b15ca64821cd7f34b87f40c7be28743,Up,0.97,436.73,0.96,517.27,0.95,599.31,0.98,1932.33,0.99,8924.92,,,0.020
1790858494,btc-updown-5m-1790858400,0x169c5b12374fc5455580bd2a6a1292674b15ca64821cd7f34b87f40c7be28743,Down,0.02,1932.33,0.01,8913.92,,,0.03,411.73,0.04,448.27,0.05,599.31,0.020
1790858511,btc-updown-15m-1790857800,0x8670843f364c8e789225ca07212870f083c78b4ebec633652197bacbfe59f2fc,Up,0.97,337.51,0.96,897.0,0.95,5193.0,0.98,8.0,0.99,481.84,,,0.980
1790858511,btc-updown-15m-1790857800,0x8670843f364c8e789225ca07212870f083c78b4ebec633652197bacbfe59f2fc,Down,0.02,8.0,0.01,481.84,,,0.03,432.51,0.04,538.0,0.05,1553.0,0.980
1790858511,btc-updown-5m-1790858400,0x169c5b12374fc5455580bd2a6a1292674b15ca64821cd7f34b87f40c7be28743,Up,0.96,63.0,0.95,417.34,0.94,746.17,0.97,1762.67,0.98,1312.83,0.99,10312.68,0.960
1790868402,btc-updown-15m-1790867700,0x9ede6e3198960fe88b8669e28426c6f8e54827e35499eb6f81d993bd05b3bc45,Down,0.1,52.01,0.09,272.12,0.08,344.63,0.11,2186.87,0.12,6856.0,0.13,2792.0,0.920
1790868402,btc-updown-5m-1790868300,0x4a06378828c8c787448512b9979f1955b54dd4adf649e505f9f1d4b248f1c997,Up,0.23,1377.35,0.22,1900.68,0.21,640.73,0.24,367.73,0.25,596.0,0.26,703.87,0.230
1790868402,btc-updown-5m-1790868300,0x4a06378828c8c787448512b9979f1955b54dd4adf649e505f9f1d4b248f1c997,Down,0.76,363.56,0.75,671.0,0.74,708.87,0.77,1342.32,0.78,1900.68,0.79,670.73,0.760
1790868415,btc-updown-15m-1790867700,0x9ede6e3198960fe88b8669e28426c6f8e54827e35499eb6f81d993bd05b3bc45,Up,0.91,349.44,0.9,4420.0,0.89,1458.45,0.92,61.0,0.93,184.29,0.94,844.79,0.080
1790868415,btc-updown-15m-1790867700,0x9ede6e3198960fe88b8669e28426c6f8e54827e35499eb6f81d993bd05b3bc45,Down,0.08,61.0,0.07,256.29,0.06,849.79,0.09,1067.44,0.1,9409.54,0.11,1453.45,0.080
1790868415,btc-updown-5m-1790868300,0x4a06378828c8c787448512b9979f1955b54dd4adf649e505f9f1d4b248f1c997,Up,0.24,2220.34,0.23,864.84,0.22,1502.7,0.25,32.64,0.26,158.24,0.27,398.0,0.750
1790868415,btc-updown-5m-1790868300,0x4a06378828c8c787448512b9979f1955b54dd4adf649e505f9f1d4b248f1c997,Down,0.75,32.64,0.74,154.24,0.73,398.0,0.76,2220.34,0.77,952.84,0.78,1517.7,0.750
1790868422,btc-updown-15m-1790867700,0x9ede6e3198960fe88b8669e28426c6f8e54827e35499eb6f81d993bd05b3bc45,Up,0.96,227.5,0.95,321.29,0.94,189.0,0.97,445.15,0.98,1174.12,0.99,1276.77,0.040
1790868422,btc-updown-15m-1790867700,0x9ede6e3198960fe88b8669e28426c6f8e54827e35499eb6f81d993bd05b3bc45,Down,0.03,445.15,0.02,1174.12,0.01,1276.77,0.04,227.5,0.05,321.29,0.06,189.0,0.040
1790868422,btc-updown-5m-1790868300,0x4a06378828c8c787448512b9979f1955b54dd4adf649e505f9f1d4b248f1c997,Up,0.41,48.3,0.4,164.0,0.39,289.34,0.42,953.71,0.43,634.5,0.44,1553.6,0.410
1790868422,btc-updown-5m-1790868300,0x4a06378828c8c787448512b9979f1955b54dd4adf649e505f9f1d4b248f1c997,Down,0.58,936.71,0.57,644.5,0.56,1558.6,0.59,58.3,0.6,352.0,0.61,329.34,0.410
1790868435,btc-updown-15m-1790867700,0x9ede6e3198960fe88b8669e28426c6f8e54827e35499eb6f81d993bd05b3bc45,Up,0.95,495.84,0.94,6331.99,0.93,8464.35,0.96,42.01,0.97,947.19,0.98,1135.12,0.960
1790868435,btc-updown-15m-1790867700,0x9ede6e3198960fe88b8669e28426c6f8e54827e35499eb6f81d993bd05b3bc45,Down,0.04,42.01,0.03,880.19,0.02,1135.12,0.05,495.84,0.06,6326.99,0.07,5794.35,0.960
1790868435,btc-updown-5m-1790868300,0x4a06378828c8c787448512b9979f1955b54dd4adf649e505f9f1d4b248f1c997,Up,0.35,1874.92,0.34,815.72,0.33,465.95,0.36,216.2,0.37,420.54,0.38,367.0,0.640
1790868435,btc-updown-5m-1790868300,0x4a06378828c8c787448512b9979f1955b54dd4adf649e505f9f1d4b248f1c997,Down,0.64,301.2,0.63,420.54,0.62,367.0,0.65,1759.64,0.66,815.72,0.67,465.95,0.640
1790868441,btc-updown-15m-1790867700,0x9ede6e3198960fe88b8669e28426c6f8e54827e35499eb6f81d993bd05b3bc45,Up,0.96,212.49,0.95,340.44,0.94,8165.34,0.97,368.7,0.98,895.12,0.99,1655.89,0.960
1790868441,btc-updown-15m-1790867700,0x9ede6e3198960fe88b8669e28426c6f8e54827e35499eb6f81d993bd05b3bc45,Down,0.03,412.19,0.02,1150.12,0.01,1376.77,0.04,212.49,0.05,340.44,0.06,6994.34,0.960
1790868441,btc-updown-5m-1790868300,0x4a06378828c8c787448512b9979f1955b54dd4adf649e505f9f1d4b248f1c997,Up,0.32,343.0,0.31,849.96,0.3,637.96,0.33,675.18,0.34,588.01,0.35,1368.54,0.330
1790868441,btc-updown-5m-1790868300,0x4a06378828c8c787448512b9979f1955b54dd4adf649e505f9f1d4b248f1c997,Down,0.67,660.18,0.66,588.01,0.65,1388.54,0.68,273.0,0.69,749.96,0.7,684.96,0.330
1790868448,btc-updown-15m-1790867700,0x9ede6e3198960fe88b8669e28426c6f8e54827e35499eb6f81d993bd05b3bc45,Up,0.97,167.87,0.96,180.5,0.95,6939.44,0.98,472.12,0.99,1355.89,,,0.030
1790868448,btc-updown-15m-1790867700,0x9ede6e3198960fe88b8669e28426c6f8e54827e35499eb6f81d993bd05b3bc45,Down,0.02,472.12,0.01,1355.89,,,0.03,167.87,0.04,180.5,0.05,5393.44,0.030
1790799920,btc-updown-5m-1790799900,0xf642aea8d34b7887c42cefc4fd09dbed1341206093064ec80f546271076530be,Up,0.56,1821.08,0.55,747.0,0.54,584.0,0.57,70.77,0.58,687.0,0.59,392.0,0.560
1790799920,btc-updown-5m-1790799900,0xf642aea8d34b7887c42cefc4fd09dbed1341206093064ec80f546271076530be,Down,0.43,95.77,0.42,913.0,0.41,298.0,0.44,1773.11,0.45,693.0,0.46,579.0,0.560
1790799932,btc-updown-15m-1790799300,0x24e6a6cafef3151384857e5f28737ed7e718b44578080e8b8b477b93374a847e,Up,0.96,156.0,0.95,461.1,0.94,5152.0,0.97,21.0,0.98,1200.22,0.99,3968.93,0.970
1790799932,btc-updown-15m-1790799300,0x24e6a6cafef3151384857e5f28737ed7e718b44578080e8b8b477b93374a847e,Down,0.03,216.0,0.02,1671.53,0.01,4248.93,0.04,268.88,0.05,521.1,0.06,5226.0,0.970
1790799932,btc-updown-5m-1790799900,0xf642aea8d34b7887c42cefc4fd09dbed1341206093064ec80f546271076530be,Up,0.55,130.0,0.54,186.0,0.53,301.0,0.56,597.91,0.57,727.74,0.58,468.67,0.560
1790799932,btc-updown-5m-1790799900,0xf642aea8d34b7887c42cefc4fd09dbed1341206093064ec80f546271076530be,Down,0.44,890.37,0.43,702.74,0.42,553.67,0.45,103.0,0.46,186.0,0.47,291.0,0.440
1790799950,btc-updown-15m-1790799300,0x24e6a6cafef3151384857e5f28737ed7e718b44578080e8b8b477b93374a847e,Up,0.97,238.54,0.96,802.1,0.95,8450.0,0.98,1073.26,0.99,1044.93,,,0.020
1790799950,btc-updown-15m-1790799300,0x24e6a6cafef3151384857e5f28737ed7e718b44578080e8b8b477b93374a847e,Down,0.02,1073.26,0.01,1044.93,,,0.03,228.27,0.04,802.1,0.05,8535.0,0.020
1790799950,btc-updown-5m-1790799900,0xf642aea8d34b7887c42cefc4fd09dbed1341206093064ec80f546271076530be,Up,0.57,1147.21,0.56,1891.77,0.55,2159.55,0.58,41.27,0.59,180.0,0.6,189.0,0.570
1790799950,btc-updown-5m-1790799900,0xf642aea8d34b7887c42cefc4fd09dbed1341206093064ec80f546271076530be,Down,0.42,46.27,0.41,180.0,0.4,234.46,0.43,1137.21,0.44,1916.77,0.45,2159.55,0.570
1790799960,btc-updown-15m-1790799300,0x24e6a6cafef3151384857e5f28737ed7e718b44578080e8b8b477b93374a847e,Up,0.975,10.0,0.974,8.44,0.972,21.5,0.979,18.42,0.98,293.26,0.982,20.0,0.021
1790799960,btc-updown-15m-1790799300,0x24e6a6cafef3151384857e5f28737ed7e718b44578080e8b8b477b93374a847e,Down,0.021,18.42,0.02,293.26,0.018,20.0,0.025,10.0,0.026,8.44,0.028,21.5,0.021
1790799960,btc-updown-5m-1790799900,0xf642aea8d34b7887c42cefc4fd09dbed1341206093064ec80f546271076530be,Up,0.56,1293.77,0.55,659.5,0.54,1544.0,0.57,54.46,0.58,235.46,0.59,248.46,0.430
1790799960,btc-updown-5m-1790799900,0xf642aea8d34b7887c42cefc4fd09dbed1341206093064ec80f546271076530be,Down,0.43,99.99,0.42,275.46,0.41,253.46,0.44,1193.77,0.45,659.5,0.46,1594.0,0.430
1790799973,btc-updown-15m-1790799300,0x24e6a6cafef3151384857e5f28737ed7e718b44578080e8b8b477b93374a847e,Up,0.97,63.33,0.969,15.0,0.968,5.0,0.971,60.0,0.978,10.0,0.979,39.99,0.970
1790799973,btc-updown-15m-1790799300,0x24e6a6cafef3151384857e5f28737ed7e718b44578080e8b8b477b93374a847e,Down,0.022,10.0,0.021,39.99,0.02,110.0,0.029,60.0,0.03,65.33,0.031,10.0,0.970
1790799973,btc-updown-5m-1790799900,0xf642aea8d34b7887c42cefc4fd09dbed1341206093064ec80f546271076530be,Up,0.51,1673.26,0.5,692.55,0.49,1917.55,0.52,358.0,0.53,225.0,0.54,337.67,0.480
1790799973,btc-updown-5m-1790799900,0xf642aea8d34b7887c42cefc4fd09dbed1341206093064ec80f546271076530be,Down,0.48,53.0,0.47,250.46,0.46,308.13,0.49,1857.26,0.5,900.55,0.51,1897.55,0.480
1790799984,btc-updown-15m-1790799300,0x24e6a6cafef3151384857e5f28737ed7e718b44578080e8b8b477b93374a847e,Up,0.98,100.0,0.978,10.0,0.973,5.0,0.983,20.0,0.986,20.0,0.988,20.0,0.980
1790799984,btc-updown-15m-1790799300,0x24e6a6cafef3151384857e5f28737ed7e718b44578080e8b8b477b93374a847e,Down,0.017,20.0,0.014,20.0,0.012,20.0,0.02,100.0,0.022,10.0,0.027,5.0,0.980
1790799984,btc-updown-5m-1790799900,0xf642aea8d34b7887c42cefc4fd09dbed1341206093064ec80f546271076530be,Up,0.54,837.91,0.53,1413.71,0.52,521.0,0.55,137.0,0.56,402.0,0.57,323.46,0.460
1790799984,btc-updown-5m-1790799900,0xf642aea8d34b7887c42cefc4fd09dbed1341206093064ec80f546271076530be,Down,0.45,127.0d75c7cab4f1363de3b73cc04d80f0,Down,0.85,410.52,0.84,4149.0,0.83,81.45,0.86,142.99,0.87,100.0,0.88,1268.34,0.850
1790800939,btc-updown-5m-1790800800,0xe0c94fcc4759106a59335d966c0ca3a282025edfc8b0ecf2ba6032bbda1f7747,Up,0.57,374.39,0.56,275.0,0.55,315.0,0.58,195.37,0.59,298.0,0.6,415.0,0.420
1790800939,btc-updown-5m-1790800800,0xe0c94fcc4759106a59335d966c0ca3a282025edfc8b0ecf2ba6032bbda1f7747,Down,0.42,195.37,0.41,298.0,0.4,390.0,0.43,344.39,0.44,335.0,0.45,345.0,0.420
1790800956,btc-updown-15m-1790800200,0x7f4a7c730a344d65668190c2f70b986be92d75c7cab4f1363de3b73cc04d80f0,Up,0.05,460.43,0.04,50.0,0.03,696.0,0.06,8130.67,0.07,4178.0,0.08,3249.0,0.940
1790800956,btc-updown-15m-1790800200,0x7f4a7c730a344d65668190c2f70b986be92d75c7cab4f1363de3b73cc04d80f0,Down,0.95,149.57,0.94,218.67,0.93,352.0,0.96,50.0,0.97,156.0,0.98,394.35,0.050
1790800956,btc-updown-5m-1790800800,0xe0c94fcc4759106a59335d966c0ca3a282025edfc8b0ecf2ba6032bbda1f7747,Up,0.32,83.0,0.3,35.0,0.29,48.0,0.34,88.0,0.35,1030.76,0.36,1009.5,0.360
1790800956,btc-updown-5m-1790800800,0xe0c94fcc4759106a59335d966c0ca3a282025edfc8b0ecf2ba6032bbda1f7747,Down,0.66,88.0,0.65,1030.76,0.64,1009.5,0.68,83.0,0.7,35.0,0.71,48.0,0.360
1790800973,btc-updown-15m-1790800200,0x7f4a7c730a344d65668190c2f70b986be92d75c7cab4f1363de3b73cc04d80f0,Up,0.02,67.91,0.01,396.25,,,0.03,257.0,0.04,8061.38,0.05,8812.0,0.020
1790800973,btc-updown-15m-1790800200,0x7f4a7c730a344d65668190c2f70b986be92d75c7cab4f1363de3b73cc04d80f0,Down,0.97,257.0,0.96,1379.38,0.95,14291.0,0.98,67.91,0.99,396.25,,,0.020
1790800973,btc-updown-5m-1790800800,0xe0c94fcc4759106a59335d966c0ca3a282025edfc8b0ecf2ba6032bbda1f7747,Up,0.22,18.17,0.21,119.0,0.2,399.11,0.23,1716.41,0.24,980.0,0.25,373.36,0.770
1790800973,btc-updown-5m-1790800800,0xe0c94fcc4759106a59335d966c0ca3a282025edfc8b0ecf2ba6032bbda1f7747,Down,0.77,1716.41,0.76,980.0,0.75,373.36,0.78,109.29,0.79,23.0,0.8,374.11,0.220
1790800988,btc-updown-15m-1790800200,0x7f4a7c730a344d65668190c2f70b986be92d75c7cab4f1363de3b73cc04d80f0,Up,0.02,270.14,0.01,454.25,,,0.03,971.28,0.04,8335.13,0.05,17880.0,0.020
1790800988,btc-updown-15m-1790800200,0x7f4a7c730a344d65668190c2f70b986be92d75c7cab4f1363de3b73cc04d80f0,Down,0.97,1001.28,0.96,8310.13,0.95,17850.0,0.98,270.14,0.99,459.25,,,0.020
1790800988,btc-updown-5m-1790800800,0xe0c94fcc4759106a59335d966c0ca3a282025edfc8b0ecf2ba6032bbda1f7747,Up,0.22,48.9,0.21,514.37,0.2,683.0,0.23,998.76,0.24,2087.0,0.25,338.0,0.220
1790800988,btc-updown-5m-1790800800,0xe0c94fcc4759106a59335d966c0ca3a282025edfc8b0ecf2ba6032bbda1f7747,Down,0.77,1798.76,0.76,2087.0,0.75,348.0,0.78,48.9,0.79,514.37,0.8,683.0,0.220
1790801004,btc-updown-15m-1790800200,0x7f4a7c730a344d65668190c2f70b986be92d75c7cab4f1363de3b73cc04d80f0,Up,0.01,272.25,,,,,0.02,1067.1,0.03,524.98,0.04,8416.89,0.020
1790801004,btc-updown-15m-1790800200,0x7f4a7c730a344d65668190c2f70b986be92d75c7cab4f1363de3b73cc04d80f0,Down,0.98,1077.1,0.97,409.98,0.96,15470.89,0.99,272.25,,,,,0.020
1790801004,btc-updown-5m-1790800800,0xe0c94fcc4759106a59335d966c0ca3a282025edfc8b0ecf2ba6032bbda1f7747,Up,0.1,243.71,0.09,123.9,0.08,415.0,0.11,1539.18,0.12,841.08,0.13,727.0,0.100
1790801004,btc-updown-5m-1790800800,0xe0c94fcc4759106a59335d966c0ca3a282025edfc8b0ecf2ba6032bbda1f7747,Down,0.89,1479.18,0.88,841.08,0.87,717.0,0.9,234.25,0.91,123.9,0.92,415.0,0.100
1790801019,btc-updown-15m-1790800200,0x7f4a7c730a344d65668190c2f70b986be92d75c7cab4f1363de3b73cc04d80f0,Up,,,,,,,0.01,1039.57,0.02,905.1,0.03,255.98,0.990
1790801019,btc-updown-15m-1790800200,0x7f4a7c730a344d65668190c2f70b986be92d75c7cab4f1363de3b73cc04d80f0,Down,0.99,1039.57,0.98,905.1,0.97,255.98,,,,,,,0.990
1790801019,btc-updown-5m-1790800800,0xe0c94fcc4759106a59335d966c0ca3a282025edfc8b0ecf2ba6032bbda1f7747,Up,0.1,268.78,0.09,624.16,0.08,841.85,0.11,984.59,0.12,2738.63,0.13,393.49,0.100
1790801019,btc-updown-5m-1790800800,0xe0c94fcc4759106a59335d966c0ca3a282025edfc8b0ecf2ba6032bbda1f7747,Down,0.89,984.59,0.88,2738.63,0.87,393.49,0.9,268.78,0.91,624.16,0.92,841.85,0.100
1790801109,btc-updown-5m-1790800800,0xe0c94fcc4759106a59335d966c0ca3a282025edfc8b0ecf2ba6032bbda1f7747,Up,,,,,,,0.01,245375.92,0.02,292.0,0.03,284.76,0.990
1790801109,btc-updown-5m-1790800800,0xe0c94fcc4759106a59335d966c0ca3a282025edfc8b0ecf2ba6032bbda1f7747,Down,0.99,245375.92,0.98,292.0,0.97,284.76,,,,,,,0.990
1790801109,btc-updown-5m-1790801100,0xc93b9bf26485d9c02a08d07c16f213e3837a39ae1bda4b771f5683a1bb07b703,Up,0.48,104.25,0.47,249.57,0.46,1814.91,0.49,666.36,0.5,1522.73,0.51,439.09,0.510
1790801109,btc-updown-5m-1790801100,0xc93b9bf26485d9c02a08d07c16f213e3837a39ae1bda4b771f5683a1bb07b703,Down,0.51,651.36,0.5,1562.73,0.49,439.09,0.52,94.25,0.53,249.57,0.54,1719.91,0.510
1790801109,btc-updown-15m-1790801100,0xedf832fff5cda5a88beb99ba9c0e19520e6cf9eecdbf978ccdbd7ce8eb8be565,Up,0.5,60.0,0.49,60.0,0.48,108.0,0.51,296.41,0.52,921.0,0.53,3383.0,0.500
1790801109,btc-updown-15m-1790801100,0xedf832fff5cda5a88beb99ba9c0e19520e6cf9eecdbf978ccdbd7ce8eb8be565,Down,0.49,296.41,0.48,821.0,0.47,3474.0,0.5,90.0,0.51,60.0,0.52,108.0,0.500
1790801117,btc-updown-15m-1790800200,0x7f4a7c730a344d65668190c2f70b986be92d75c7cab4f1363de3b73cc04d80f0,Up,,,,,,,0.001,132268.29,0.009,1614.39,0.01,31316.3,0.999
1790801117,btc-updown-15m-1790800200,0x7f4a7c730a344d65668190c2f70b986be92d75c7cab4f1363de3b73cc04d80f0,Down,0.999,132268.29,0.991,1614.39,0.99,31316.3,,,,,,,0.999
1790801117,btc-updown-5m-1790800800,0xe0c94fcc4759106a59335d966c0ca3a282025edfc8b0ecf2ba6032bbda1f7747,Up,,,,,,,0.01,245200.9,0.02,292.0,0.03,284.76,0.990
1790801117,btc-updown-5m-1790800800,0xe0c94fcc4759106a59335d966c0ca3a282025edfc8b0ecf2ba6032bbda1f7747,Down,0.99,245200.9,0.98,292.0,0.97,284.76,,,,,,,0.990
1790801117,btc-updown-5m-1790801100,0xc93b9bf26485d9c02a08d07c16f213e3837a39ae1bda4b771f5683a1bb07b703,Up,0.47,231.13,0.46,461.91,0.45,1896.92,0.48,269.63,0.49,246.5,0.5,523.0,0.470
1790801117,btc-updown-5m-1790801100,0xc93b9bf26485d9c02a08d07c16f213e3837a39ae1bda4b771f5683a1bb07b703,Down,0.52,269.63,0.51,286.5,0.5,493.0,0.53,358.72,0.54,339.91,0.55,1866.92,0.470
1790801117,btc-updown-15m-1790801100,0xedf832fff5cda5a88beb99ba9c0e19520e6cf9eecdbf978ccdbd7ce8eb8be565,Up,0.49,224.04,0.48,186.0,0.47,1142.0,0.5,20.0,0.51,208.0,0.52,821.0,0.500
1790801117,btc-updown-15m-1790801100,0xedf832fff5cda5a88beb99ba9c0e19520e6cf9eecdbf978ccdbd7ce8eb8be565,Down,0.5,20.0,0.49,208.0,0.48,821.0,0.51,224.04,0.52,186.0,0.53,1142.0,0.500
1790801129,btc-updown-15m-1790800200,0x7f4a7c730a344d65668190c2f70b986be92d75c7cab4f1363de3b73cc04d80f0,Up,,,,,,,0.001,132268.29,0.009,1614.39,0.01,31316.3,0.999
1790801129,btc-updown-15m-1790800200,0x7f4a7c730a344d65668190c2f70b986be92d75c7cab4f1363de3b73cc04d80f0,Down,0.999,132268.29,0.991,1614.39,0.99,31316.3,,,,,,,0.999
1790801129,btc-updown-5m-1790800800,0xe0c94fcc4759106a59335d966c0ca3a282025edfc8b0ecf2ba6032bbda1f7747,Up,,,,,,,0.01,245203.5,0.02,292.0,0.03,284.76,0.990
1790801129,btc-updown-5m-1790800800,0xe0c94fcc4759106a59335d966c0ca3a282025edfc8b0ecf2ba6032bbda1f7747,Down,0.99,245203.5,0.98,292.0,0.97,284.76,,,,,,,0.990
1790801129,btc-updown-5m-1790801100,0xc93b9bf26485d9c02a08d07c16f213e3837a39ae1bda4b771f5683a1bb07b703,Up,0.47,248.84,0.46,274.91,0.45,1761.92,0.48,496.66,0.49,565.74,0.5,305.0,0.470
1790801129,btc-updown-5m-1790801100,0xc93b9bf26485d9c02a08d07c16f213e3837a39ae1bda4b771f5683a1bb07b703,Down,0.52,1517.01,0.51,565.74,0.5,175.0,0.53,85.0,0.54,25.0,0.55,525.92,0.470
1790801129,btc-updown-15m-1790801100,0xedf832fff5cda5a88beb99ba9c0e19520e6cf9eecdbf978ccdbd7ce8eb8be565,Up,0.47,1.0,0.45,20.0,0.44,610.0,0.48,74.0,0.49,217.49,0.5,952.09,0.470
1790801129,btc-updown-15m-1790801100,0xedf832fff5cda5a88beb99ba9c0e19520e6cf9eecdbf978ccdbd7ce8eb8be565,Down,0.54,105.06,0.53,150.0,0.52,152.0,0.55,70.0,0.56,70.0,0.57,1472.0,0.470
1790801135,btc-updown-5m-1790801100,0xc93b9bf26485d9c02a08d07c16f213e3837a39ae1bda4b771f5683a1bb07b703,Up,0.4,745.59,0.39,540.64,0.38,2212.64,0.41,245.29,0.42,376.0,0.43,331.0,0.590
1790682786.254,1790682600,BTC,S,,84446.46,,,00,BTC,S,,84448.01,,,
1790800113,btc-updown-5m-1790799900,0xf642aea8d34b7887c42cefc4fd09dbed1341206093064ec80f546271076530be,Up,0.52,575.25,0.51,323.69,0.5,143.69,0.53,105.5,0.54,188.0,0.55,203.0,0.470
1790800113,btc-updown-5m-1790799900,0xf642aea8d34b7887c42cefc4fd09dbed1341206093064ec80f546271076530be,Down,0.47,34.0,0.46,35.0,0.45,243.0,0.48,417.39,0.49,348.69,0.5,183.69,0.470
1790800128,btc-updown-15m-1790799300,0x24e6a6cafef3151384857e5f28737ed7e718b44578080e8b8b477b93374a847e,Up,0.998,90.17,0.997,60.0,0.996,5.0,0.999,118.87,,,,,0.001
1790800128,btc-updown-15m-1790799300,0x24e6a6cafef3151384857e5f28737ed7e718b44578080e8b8b477b93374a847e,Down,0.001,118.87,,,,,0.002,150.17,0.003,60.0,0.004,5.0,0.001
1790800128,btc-updown-5m-1790799900,0xf642aea8d34b7887c42cefc4fd09dbed1341206093064ec80f546271076530be,Up,0.66,6.0,0.65,44.0,0.64,1183.93,0.74,5.0,0.79,17.76,0.8,40.0,0.790
1790800128,btc-updown-5m-1790799900,0xf642aea8d34b7887c42cefc4fd09dbed1341206093064ec80f546271076530be,Down,0.2,87.0,0.19,40.0,0.18,20.0,0.22,23.0,0.27,5.0,0.28,55.0,0.780
1790800144,btc-updown-15m-1790799300,0x24e6a6cafef3151384857e5f28737ed7e718b44578080e8b8b477b93374a847e,Up,0.999,32.32,0.998,165.17,0.996,5.0,,,,,,,0.999
1790800144,btc-updown-15m-1790799300,0x24e6a6cafef3151384857e5f28737ed7e718b44578080e8b8b477b93374a847e,Down,,,,,,,0.001,32.32,0.002,165.17,0.004,5.0,0.999
1790800144,btc-updown-5m-1790799900,0xf642aea8d34b7887c42cefc4fd09dbed1341206093064ec80f546271076530be,Up,0.9,362.0,0.89,235.0,0.88,156.0,0.91,70.0,0.92,625.53,0.93,1260.0,0.090
1790800144,btc-updown-5m-1790799900,0xf642aea8d34b7887c42cefc4fd09dbed1341206093064ec80f546271076530be,Down,0.09,40.0,0.08,625.53,0.07,1265.0,0.1,308.0,0.11,240.0,0.12,171.0,0.090
1790800159,btc-updown-15m-1790799300,0x24e6a6cafef3151384857e5f28737ed7e718b44578080e8b8b477b93374a847e,Up,0.999,6155.35,0.998,75.17,0.996,5.0,,,,,,,0.999
1790800159,btc-updown-15m-1790799300,0x24e6a6cafef3151384857e5f28737ed7e718b44578080e8b8b477b93374a847e,Down,,,,,,,0.001,6155.35,0.002,75.17,0.004,5.0,0.999
1790800159,btc-updown-5m-1790799900,0xf642aea8d34b7887c42cefc4fd09dbed1341206093064ec80f546271076530be,Up,0.99,3791.02,0.98,854.1,0.97,2366.97,,,,,,,0.990
1790800159,btc-updown-5m-1790799900,0xf642aea8d34b7887c42cefc4fd09dbed1341206093064ec80f546271076530be,Down,,,,,,,0.01,3791.02,0.02,854.1,0.03,2391.97,0.990
1790800170,btc-updown-15m-1790799300,0x24e6a6cafef3151384857e5f28737ed7e718b44578080e8b8b477b93374a847e,Up,0.999,6155.35,0.998,75.17,0.996,5.0,,,,,,,0.999
1790800170,btc-updown-15m-1790799300,0x24e6a6cafef3151384857e5f28737ed7e718b44578080e8b8b477b93374a847e,Down,,,,,,,0.001,6155.35,0.002,75.17,0.004,5.0,0.999
1790800170,btc-updown-5m-1790799900,0xf642aea8d34b7887c42cefc4fd09dbed1341206093064ec80f546271076530be,Up,0.99,14371.74,0.98,796.1,0.97,831.66,,,,,,,0.990
1790800170,btc-updown-5m-1790799900,0xf642aea8d34b7887c42cefc4fd09dbed1341206093064ec80f546271076530be,Down,,,,,,,0.01,14361.74,0.02,796.1,0.03,831.66,0.990
1790800183,btc-updown-15m-1790799300,0x24e6a6cafef3151384857e5f28737ed7e718b44578080e8b8b477b93374a847e,Up,0.999,13173.5,0.998,75.17,0.996,5.0,,,,,,,0.999
1790800183,btc-updown-15m-1790799300,0x24e6a6cafef3151384857e5f28737ed7e718b44578080e8b8b477b93374a847e,Down,,,,,,,0.001,13173.5,0.002,75.17,0.004,5.0,0.999
1790800183,btc-updown-5m-1790799900,0xf642aea8d34b7887c42cefc4fd09dbed1341206093064ec80f546271076530be,Up,0.99,38230.3,0.98,1118.59,0.97,932.66,,,,,,,0.990
1790800183,btc-updown-5m-1790799900,0xf642aea8d34b7887c42cefc4fd09dbed1341206093064ec80f546271076530be,Down,,,,,,,0.01,38235.3,0.02,1118.59,0.03,932.66,0.990
1790800192,btc-updown-15m-1790799300,0x24e6a6cafef3151384857e5f28737ed7e718b44578080e8b8b477b93374a847e,Up,0.999,14779.0,0.998,75.17,0.996,5.0,,,,,,,0.999
1790800192,btc-updown-15m-1790799300,0x24e6a6cafef3151384857e5f28737ed7e718b44578080e8b8b477b93374a847e,Down,,,,,,,0.001,14779.0,0.002,75.17,0.004,5.0,0.999
1790639868.857,1790639700,Up,C,SELL,0.64,30.0,0.63,0.60639873.187,1790639700,Up,C,SELL,0.63,467.61,0.62,0.63
1790800192,btc-updown-5m-1790799900,0xf642aea8d34b7887c42cefc4fd09dbed1341206093064ec80f546271076530be,Down,,,,,,,0.01,54063.6,0.02,1153.59,0.03,798.6,0.990
1790800206,btc-updown-15m-1790799300,0x24e6a6cafef3151384857e5f28737ed7e718b44578080e8b8b477b93374a847e,Up,0.999,132394.46,0.998,75.17,0.992,50.0,,,,,,,0.999
1790800206,btc-updown-15m-1790799300,0x24e6a6cafef3151384857e5f28737ed7e718b44578080e8b8b477b93374a847e,Down,,,,,,,0.001,132394.46,0.002,75.17,0.008,50.0,0.999
1790800206,btc-updown-5m-1790799900,0xf642aea8d34b7887c42cefc4fd09dbed1341206093064ec80f546271076530be,Up,0.99,222688.34,0.98,165.0,0.97,395.0,,,,,,,0.990
1790800206,btc-updown-5m-1790799900,0xf642aea8d34b7887c42cefc4fd09dbed1341206093064ec80f546271076530be,Down,,,,,,,0.01,222688.34,0.02,165.0,0.03,395.0,0.990
1790800206,btc-updown-5m-1790800200,0xca563d133c15b835f7ffc3cc2e3c5ca979c57ff4acd0708035b16919bb285f5b,Up,0.29,20.0,0.28,160.24,0.27,277.71,0.3,799.72,0.31,1557.44,0.32,721.0,0.290
1790800206,btc-updown-5m-1790800200,0xca563d133c15b835f7ffc3cc2e3c5ca979c57ff4acd0708035b16919bb285f5b,Down,0.7,769.72,0.69,1557.44,0.68,721.0,0.71,20.0,0.72,70.24,0.73,324.71,0.290
1790800206,btc-updown-15m-1790800200,0x7f4a7c730a344d65668190c2f70b986be92d75c7cab4f1363de3b73cc04d80f0,Up,0.38,94.0,0.37,272.0,0.36,900.0,0.39,190.84,0.4,583.0,0.41,108.0,0.410
1790800206,btc-updown-15m-1790800200,0x7f4a7c730a344d65668190c2f70b986be92d75c7cab4f1363de3b73cc04d80f0,Down,0.61,340.65,0.6,195.0,0.59,188.0,0.62,42.0,0.63,295.88,0.64,823.0,0.410
1790800221,btc-updown-15m-1790799300,0x24e6a6cafef3151384857e5f28737ed7e718b44578080e8b8b477b93374a847e,Up,0.999,132376.46,0.998,75.17,0.992,50.0,,,,,,,0.999
1790800221,btc-updown-15m-1790799300,0x24e6a6cafef3151384857e5f28737ed7e718b44578080e8b8b477b93374a847e,Down,,,,,,,0.001,132376.46,0.002,75.17,0.008,50.0,0.999
1790800221,btc-updown-5m-1790799900,0xf642aea8d34b7887c42cefc4fd09dbed1341206093064ec80f546271076530be,Up,0.999,207001.49,0.991,5050.0,0.99,208609.53,,,,,,,0.990
1790800221,btc-updown-5m-1790799900,0xf642aea8d34b7887c42cefc4fd09dbed1341206093064ec80f546271076530be,Down,,,,,,,0.001,207001.49,0.009,5050.0,0.01,208609.53,0.990
1790800221,btc-updown-5m-1790800200,0xca563d133c15b835f7ffc3cc2e3c5ca979c57ff4acd0708035b16919bb285f5b,Up,0.22,154.0,0.21,160.0,0.2,391.12,0.23,1063.96,0.24,1739.14,0.25,388.0,0.220
1790800221,btc-updown-5m-1790800200,0xca563d133c15b835f7ffc3cc2e3c5ca979c57ff4acd0708035b16919bb285f5b,Down,0.77,1014.29,0.76,1679.14,0.75,383.0,0.78,129.0,0.79,165.0,0.8,401.12,0.770
1790800221,btc-updown-15m-1790800200,0x7f4a7c730a344d65668190c2f70b986be92d75c7cab4f1363de3b73cc04d80f0,Up,0.35,157.0,0.34,332.0,0.33,2092.33,0.36,318.38,0.37,194.44,0.38,98.0,0.370
1790800221,btc-updown-15m-1790800200,0x7f4a7c730a344d65668190c2f70b986be92d75c7cab4f1363de3b73cc04d80f0,Down,0.64,288.38,0.63,277.44,0.62,148.0,0.65,192.0,0.66,312.0,0.67,2632.33,0.370
1790800237,btc-updown-5m-1790800200,0xca563d133c15b835f7ffc3cc2e3c5ca979c57ff4acd0708035b16919bb285f5b,Up,0.17,352.0,0.16,504.0,0.15,415.0,0.18,1149.64,0.19,720.18,0.2,690.45,0.170
1790800237,btc-updown-5m-1790800200,0xca563d133c15b835f7ffc3cc2e3c5ca979c57ff4acd0708035b16919bb285f5b,Down,0.82,1154.64,0.81,725.18,0.8,690.45,0.83,327.0,0.84,494.0,0.85,415.0,0.170
1790800237,btc-updown-15m-1790800200,0x7f4a7c730a344d65668190c2f70b986be92d75c7cab4f1363de3b73cc04d80f0,Up,0.34,60.58,0.33,289.0,0.32,752.0,0.35,326.97,0.36,303.0,0.37,1907.87,0.340
1790800237,btc-updown-15m-1790800200,0x7f4a7c730a344d65668190c2f70b986be92d75c7cab4f1363de3b73cc04d80f0,Down,0.65,331.97,0.64,303.0,0.63,1907.87,0.66,70.58,0.67,269.0,0.68,752.0,0.340
1790800253,btc-updown-5m-1790800200,0xca563d133c15b835f7ffc3cc2e3c5ca979c57ff4acd0708035b16919bb285f5b,Up,0.15,18.22,0.14,1672.0,0.13,676.0,0.16,1483.72,0.17,1176.09,0.18,702.0,0.840
1790800253,btc-updown-5m-1790800200,0xca563d133c15b835f7ffc3cc2e3c5ca979c57ff4acd0708035b16919bb285f5b,Down,0.85,339.22,0.84,724.0,0.83,911.0,0.86,2015.0,0.87,919.97,0.88,935.6,0.150
1790801215,btc-updown-5m-1790801100,0xc93b9bf26485d9c02a08d07c16f213e3837a39ae1bda4b771f5683a1bb07b703,Up,0.5,922.85,0.49,225.0,0.48,198.17,0.51,387.0,0.52,660.03,0.53,419.01,0.490
1790801215,btc-updown-5m-1790801100,0xc93b9bf26485d9c02a08d07c16f213e3837a39ae1bda4b771f5683a1bb07b703,Down,0.49,470.1,0.48,740.03,0.47,514.01,0.5,88.2,0.51,165.0,0.52,131.44,0.490
1790801215,btc-updown-15m-1790801100,0xedf832fff5cda5a88beb99ba9c0e19520e6cf9eecdbf978ccdbd7ce8eb8be565,Up,0.5,223.0,0.49,141.11,0.48,1009.0,0.51,123.0,0.52,61.88,0.53,1379.0,0.480
1790801215,btc-updown-15m-1790801100,0xedf832fff5cda5a88beb99ba9c0e19520e6cf9eecdbf978ccdbd7ce8eb8be565,Down,0.49,165.12,0.48,79.88,0.47,1436.0,0.5,25.0,0.51,53.11,0.52,687.0,0.480
1790801232,btc-updown-5m-1790801100,0xc93b9bf26485d9c02a08d07c16f213e3837a39ae1bda4b771f5683a1bb07b703,Up,0.3,20.0,0.29,228.04,0.28,1844.73,0.31,587.17,0.32,409.54,0.33,1027.52,0.310
1790801232,btc-updown-5m-1790801100,0xc93b9bf26485d9c02a08d07c16f213e3837a39ae1bda4b771f5683a1bb07b703,Down,0.69,633.03,0.68,286.54,0.67,1052.52,0.7,30.0,0.71,195.0,0.72,259.73,0.690
1790801232,btc-updown-15m-1790801100,0xedf832fff5cda5a88beb99ba9c0e19520e6cf9eecdbf978ccdbd7ce8eb8be565,Up,0.45,35.0,0.44,126.11,0.43,145.0,0.46,359.48,0.47,541.0,0.48,1342.0,0.450
1790801232,btc-updown-15m-1790801100,0xedf832fff5cda5a88beb99ba9c0e19520e6cf9eecdbf978ccdbd7ce8eb8be565,Down,0.54,359.48,0.53,541.0,0.52,1342.0,0.55,35.0,0.56,126.11,0.57,145.0,0.450
1790801248,btc-updown-5m-1790801100,0xc93b9bf26485d9c02a08d07c16f213e3837a39ae1bda4b771f5683a1bb07b703,Up,0.5,1442.09,0.49,303.3,0.48,318.0,0.51,15.0,0.52,135.0,0.53,30.0,0.500
1790801248,btc-updown-5m-1790801100,0xc93b9bf26485d9c02a08d07c16f213e3837a39ae1bda4b771f5683a1bb07b703,Down,0.49,20.0,0.48,185.0,0.47,35.0,0.5,1385.44,0.51,258.3,0.52,278.0,0.500
1790801248,btc-updown-15m-1790801100,0xedf832fff5cda5a88beb99ba9c0e19520e6cf9eecdbf978ccdbd7ce8eb8be565,Up,0.52,70.0,0.51,178.11,0.5,128.0,0.53,232.69,0.54,78.0,0.55,2859.0,0.470
1790801248,btc-updown-15m-1790801100,0xedf832fff5cda5a88beb99ba9c0e19520e6cf9eecdbf978ccdbd7ce8eb8be565,Down,0.47,232.69,0.46,108.0,0.45,2859.0,0.48,31.0,0.49,188.11,0.5,168.0,0.520
1790801265,btc-updown-5m-1790801100,0xc93b9bf26485d9c02a08d07c16f213e3837a39ae1bda4b771f5683a1bb07b703,Up,0.36,582.71,0.35,2743.16,0.34,287.0,0.37,115.0,0.38,358.04,0.39,348.27,0.630
1790801265,btc-updown-5m-1790801100,0xc93b9bf26485d9c02a08d07c16f213e3837a39ae1bda4b771f5683a1bb07b703,Down,0.63,5.0,0.62,115.0,0.61,338.27,0.64,625.63,0.65,2743.16,0.66,500.0,0.630
1790801265,btc-updown-15m-1790801100,0xedf832fff5cda5a88beb99ba9c0e19520e6cf9eecdbf978ccdbd7ce8eb8be565,Up,0.46,378.23,0.45,771.0,0.44,3343.0,0.47,62.75,0.48,135.0,0.49,766.0,0.480
1790801265,btc-updown-15m-1790801100,0xedf832fff5cda5a88beb99ba9c0e19520e6cf9eecdbf978ccdbd7ce8eb8be565,Down,0.53,62.75,0.52,135.0,0.51,766.0,0.54,378.23,0.55,771.0,0.56,3343.0,0.480
1790801271,btc-updown-5m-1790801100,0xc93b9bf26485d9c02a08d07c16f213e3837a39ae1bda4b771f5683a1bb07b703,Up,0.35,10.0,0.34,32.0,0.33,122.0,0.36,1020.04,0.37,578.17,0.38,1403.0,0.350
1790801271,btc-updown-5m-1790801100,0xc93b9bf26485d9c02a08d07c16f213e3837a39ae1bda4b771f5683a1bb07b703,Down,0.65,75.0,0.64,1065.04,0.63,521.17,0.66,32.0,0.67,139.0,0.68,635.0,0.350
1790801271,btc-updown-15m-1790801100,0xedf832fff5cda5a88beb99ba9c0e19520e6cf9eecdbf978ccdbd7ce8eb8be565,Up,0.46,217.25,0.45,136.0,0.44,1833.0,0.47,140.0,0.48,145.0,0.49,789.0,0.460
1790801271,btc-updown-15m-1790801100,0xedf832fff5cda5a88beb99ba9c0e19520e6cf9eecdbf978ccdbd7ce8eb8be565,Down,0.53,127.75,0.52,145.0,0.51,789.0,0.54,217.25,0.55,136.0,0.56,1833.0,0.460
1790801278,btc-updown-5m-1790801100,0xc93b9bf26485d9c02a08d07c16f213e3837a39ae1bda4b771f5683a1bb07b703,Up,0.44,45.0,0.43,120.0,0.42,910.0,0.45,856.69,0.46,1564.04,0.47,209.04,0.440
1790801278,btc-updown-5m-1790801100,0xc93b9bf26485d9c02a08d07c16f213e3837a39ae1bda4b771f5683a1bb07b703,Down,0.55,1696.69,0.54,2024.04,0.53,209.04,0.56,45.0,0.57,90.0,0.58,100.0,0.440
1790801278,btc-updown-15m-1790801100,0xedf832fff5cda5a88beb99ba9c0e19520e6cf9eecdbf978ccdbd7ce8eb8be565,Up,0.49,162.34,0.48,138.0,0.47,91.61,0.5,187.7,0.51,444.0,0.52,1099.0,0.510
1790801278,btc-updown-15m-1790801100,0xedf832fff5cda5a88beb99ba9c0e19520e6cf9eecdbf978ccdbd7ce8eb8be565,Down,0.5,175.37,0.49,444.0,0.48,2624.0,0.51,197.34,0.52,138.0,0.53,91.61,0.510
1790801295,btc-updown-5m-1790801100,0xc93b9bf26485d9c02a08d07c16f213e3837a39ae1bda4b771f5683a1bb07b703,Up,0.26,214.42,0.25,125.0,0.24,105.01,0.27,635.49,0.28,180.0,0.29,1140.44,0.260
1790801295,btc-updown-5m-1790801100,0xc93b9bf26485d9c02a08d07c16f213e3837a39ae1bda4b771f5683a1bb07b703,Down,0.73,926.63,0.72,408.0,0.71,1080.44,0.74,120.0,0.75,40.0,0.76,119.0,0.260
1790801295,btc-updown-15m-1790801100,0xedf832fff5cda5a88beb99ba9c0e19520e6cf9eecdbf978ccdbd7ce8eb8be565,Up,0.44,315.44,0.43,1893.0,0.42,8594.0,0.45,50.0,0.46,122.75,0.47,135.0,0.440
1790801295,btc-updown-15m-1790801100,0xedf832fff5cda5a88beb99ba9c0e19520e6cf9eecdbf978ccdbd7ce8eb8be565,Down,0.55,60.0,0.54,172.75,0.53,135.0,0.56,255.44,0.57,1873.0,0.58,8624.0,0.440
1790801311,btc-updown-5m-1790801100,0xc93b9bf26485d9c02a08d07c16f213e3837a39ae1bda4b771f5683a1bb07b703,Up,0.18,682.33,0.17,405.79,0.16,548.76,0.19,22.0,0.2,203.0,0.21,137.33,0.810
1790801311,btc-updown-5m-1790801100,0xc93b9bf26485d9c02a08d07c16f213e3837a39ae1bda4b771f5683a1bb07b703,Down,0.8,221.0,0.79,318.0,0.78,318.0,0.81,645.1,0.82,240.0,0.83,384.0,0.190
1790801311,btc-updown-15m-1790801100,0xedf832fff5cda5a88beb99ba9c0e19520e6cf9eecdbf978ccdbd7ce8eb8be565,Up,0.42,2033.24,0.41,6780.0,0.4,5097.0,0.43,82.75,0.44,225.0,0.45,155.0,0.500
1790801311,btc-updown-15m-1790801100,0xedf832fff5cda5a88beb99ba9c0e19520e6cf9eecdbf978ccdbd7ce8eb8be565,Down,0.57,82.75,0.56,205.0,0.55,155.0,0.58,2033.24,0.59,6908.0,0.6,5297.0,0.500
1790801318,btc-updown-5m-1790801100,0xc93b9bf26485d9c02a08d07c16f213e3837a39ae1bda4b771f5683a1bb07b703,Up,0.14,59.94,0.13,157.68,0.12,241.59,0.15,378.62,0.16,420.33,0.17,188.44,0.850
1790801318,btc-updown-5m-1790801100,0xc93b9bf26485d9c02a08d07c16f213e3837a39ae1bda4b771f5683a1bb07b703,Down,0.86,432.99,0.85,166.45,0.84,232.33,0.87,149.0,0.88,256.59,0.89,1702.77,0.860
1790801318,btc-updown-15m-1790801100,0xedf832fff5cda5a88beb99ba9c0e19520e6cf9eecdbf978ccdbd7ce8eb8be565,Up,0.42,60.0,0.41,1835.0,0.4,7871.0,0.43,223.17,0.44,193.0,0.45,163.0,0.420
1790801318,btc-updown-15m-1790801100,0xedf832fff5cda5a88beb99ba9c0e19520e6cf9eecdbf978ccdbd7ce8eb8be565,Down,0.57,223.17,0.56,193.0,0.55,163.0,0.58,80.0,0.59,1855.0,0.6,7868.0,0.420
1790801334,btc-updown-5m-1790801100,0xc93b9bf26485d9c02a08d07c16f213e3837a39ae1bda4b771f5683a1bb07b703,Up,0.06,123.0,0.05,727.86,0.04,972.75,0.07,916.33,0.08,592.08,0.09,748.23,0.930
1790801334,btc-updown-5m-1790801100,0xc93b9bf26485d9c02a08d07c16f213e3837a39ae1bda4b771f5683a1bb07b703,Down,0.93,911.33,0.92,627.08,0.91,688.23,0.94,61.93,0.95,538.16,0.96,925.05,0.060
1790801334,btc-updown-15m-1790801100,0xedf832fff5cda5a88beb99ba9c0e19520e6cf9eecdbf978ccdbd7ce8eb8be565,Up,0.38,2170.74,0.37,8988.0,0.36,4545.0,0.39,75.0,0.4,53.58,0.41,168.0,0.620
1790801334,btc-updown-15m-1790801100,0xedf832fff5cda5a88beb99ba9c0e19520e6cf9eecdbf978ccdbd7ce8eb8be565,Down,0.61,75.0,0.6,83.58,0.59,148.0,0.62,2170.74,0.63,8988.0,0.64,4545.0,0.620
1790801341,btc-updown-5m-1790801100,0xc93b9bf26485d9c02a08d07c16f213e3837a39ae1bda4b771f5683a1bb07b703,Up,0.03,612.66,0.02,865.71,0.01,3656.55,0.04,849.74,0.05,476.98,0.06,351.0,0.030
1790801341,btc-updown-5m-1790801100,0xc93b9bf26485d9c02a08d07c16f213e3837a39ae1bda4b771f5683a1bb07b703,Down,0.96,849.74,0.95,476.98,0.94,356.0,0.97,406.47,0.98,865.71,0.99,3656.55,0.030
1790801341,btc-updown-15m-1790801100,0xedf832fff5cda5a88beb99ba9c0e19520e6cf9eecdbf978ccdbd7ce8eb8be565,Up,0.39,245.0,0.38,205.0,0.37,2823.0,0.4,131.48,0.41,274.0,0.42,1070.0,0.600
1790801341,btc-updown-15m-1790801100,0xedf832fff5cda5a88beb99ba9c0e19520e6cf9eecdbf978ccdbd7ce8eb8be565,Down,0.6,131.48,0.59,274.0,0.58,1070.0,0.61,245.0,0.62,205.0,0.63,2823.0,0.600
1790714662.839,1790714400,Up,C,BUY,0.99,36008.8,0.99,190714701.355,1790714400,Up,C,BUY,0.999,145488.31,0.999,1
1790713728.239,1790713500,Up,C,BUY,0.92,712.13,03773.341,1790713500,Up,C,BUY,0.99,44634.07,0.99,1
1790714404.27,1790714400,Down,C,BUY,0.39,223.73,0.39,0.790727300,Down,C,SELL,0.56,1494.83,0.55,0.56
1790713665.801,1790713500,Up,B,ask,0.92,536.14,0.975.97,1790713500,BTC,S,,83630.26,,,
1790694063.317,1790694000,Up,C,BUY,0.12,409.42,0.12,0.13.901,1790694000,BTC,S,,83660.01,,,
1790694604.071,1790694600,Up,C,BUY,0.65,166.0,0.6556.531,1790694300,BTC,S,,83574.01,,,
1790694057.061,1790694000,Up,C,BUY,0.16,144.04,0.16,03804.477,1790713800,Down,B,bid,0.59,253.16,0.61,0.62
1790694339.653,1790694300,BTC,S,,83557.31,,.634,1790694600,Up,B,bid,0.8,857.69,0.81,0.82
1790693986.223,1790693700,Up,C,SELL,0.01,53670.07,0,0.00,Down,C,BUY,0.64,257.77,0.64,0.65
1790713699.064,1790713500,Up,C,SELL,0.94,65.0,83707.12,0.01,0.0,1.0,0.99,0.01,,True,False
1790714110.892,1790714100,Up,C,BUY,0.26,718.15,0.26,0.2700,BTC,S,,83547.67,,,
1790693830.489,1790693700,Down,B,bid,0.16,341.68,0.2,0.2190726631.031,1790726400,Down,B,ask,0.05,381.7,,0.01
1790726676.542,1790726400,Down,C,BUY,0.01,15.0,0.01,01790726400,Up,B,bid,0.9,60.0,0.94,
1790727588.1,1790727300,11.9,83438.25,83529.03,0.01,0.0,1.0,0.99,0.01,90727010.562,1790727000,Up,B,bid,0.12,632.33,0.14,0.16
1790728166.0,1790727900,34.0,83584.0,83476.0,1.0,0.99,0.01,0.0,,0.01,Tr7600,Down,B,bid,0.61,313.0,0.65,0.66
1790728505.4,1790728200,-5.4,83620.0,83578.0,1.0,0.99,0.01,0.0,,0.01,True,False96.603,1790727900,BTC,S,,83549.01,,,
1790729103.86,1790729100,Down,B,bi28800,15.7,83490.09,83505.96,0.01,0.0,1.0,0.99,0.01,,True,False
1790730209.551,1790730000,BTC,S,,83466.01,,,2.889,1790730300,BTC,S,,83446.01,,,
1790730684.448,1790730600,Up,B,b790731495.9,1790731200,4.1,83519.35,83399.53,1.0,0.99,0.01,0.0,,0.01,True,False
1790760582.0,1790760300,18.0,83417.62,83395.18,1.0,0.99,0.01,0.0,,0.01,True4320,BUY,Down,0.51,19.61,0x9883868c6269d729d37544bd1e1a505807e8b9e651f876543ae73feb29bf6dc6
1790754695,0x3087f8780dabcbcc5d3bdbf99c92b6aca89151c7644dc9771d755cf5d6a02865,btc-updown-15m-1790754300,1790754599,SELL,Up,0.53,20,0xa47832236d160849289a946569c058ee32f12095181c3a1681178f004a41790703000,Down,B,ask,0.24,428.0,0.22,0.23
1790703419.523,1790703300,Down,B,ask,0.94,822.46,0.89,1790703300,Down,C,BUY,0.99,20356.07,0.99,1
1790705454.563,1790705400,Down,B,bid,0.62,1071.95,0.64578.806,1790705400,Down,B,ask,0.17,705.37,0.13,0.14
1790716373.673,1790716200,Up,C,SELL,0.89,26.29,0716379.192,1790716200,Down,B,ask,0.14,347.24,0.1,0.11
1790715925.431,1790715900,Down,B,ask,0.61,420.12,0.58,06.943,1790715900,BTC,S,,83540.01,,,
1790716154.281,1790715900,BTC,S,,83540.01,,,90715900,BTC,S,,83540.01,,,
1790716469.172,1790716200,BTC,S,,83548.01,,90716491.504,1790716200,BTC,S,,83558.83,,,
1790717111.507,1790717100,Up,C,SELL,0.33,299.26,0.32,017143.315,1790717100,Up,C,SELL,0.46,1400.8,0.45,0.46
1790731494.813,1790731200,Down,C,SELL,0.01,76691.95,0,0.31709.47,1790731500,BTC,S,,83466.01,,,
1790732735.21,1790732700,BTC,S,,83446.01,,,90732763.925,1790732700,BTC,S,,83414.83,,,
1790716030.305,1790715900,BTC,S,,83540.01,,,0,BTC,S,,83528.52,,,
1790703540.093,1790703300,Up,C,SELL,0.01,32033.43,0,0.03300,Up,C,SELL,0.01,120179.58,0,0.01
1790705703.819,1790705700,Up,C,SELL,0.55,1370.37,0.54,0.551790705700,Down,C,BUY,0.14,87.44,0.14,0.15
1790706312.987,1790706300,Up,C,BUY,0.39,128.27,0.39,790706300,BTC,S,,83440.01,,,
1790706901.275,1790706600,Down,C,SELL,0.01,172637.23,0,0,BTC,S,,83654.85,,,
1790705709.709,1790705700,Up,C,SELL,0.68,89.41,0685,1790705700,Up,B,ask,0.68,514.75,0.62,0.65
1790705865.672,1790705700,BTC,S,,83432.01,,,66,1790716800,Down,C,BUY,0.99,25880.23,0.99,1
1790704469.464,1790704200,Up,C,SELL,0.01,45942.93,0,0.0790704933.737,1790704800,Down,C,SELL,0.01,296.89,0,0.01
